map_id,map
0,#,#,#,#,#,#,#,#,#,#,#,#,#,#,#,#,#,#,#,#,#,#,#,%,#,.,#,.,.,.,.,.,^,%,.,%,^,^,#,.,%,.,#,#,#,.,#,^,#,%,^,#,.,#,.,#,#,.,.,%,.,.,#,.,.,#,#,.,.,.,.,.,.,#,^,#,%,#,#,.,%,.,^,#,#,#,^,#,#,.,#,.,P,%,.,#,.,#,.,#,#,^,.,.,.,^,#,%,.,#,#,^,#,^,#,.,.,#,%,#,%,#,#,.,.,.,#,.,.,%,#,#,#,%,%,.,.,^,^,.,.,.,.,.,#,%,#,^,#,#,%,.,.,#,#,.,.,.,.,%,#,.,#,%,#,%,#,.,#,^,#,#,^,.,%,#,#,.,.,#,.,.,#,.,#,.,#,.,.,^,.,.,#,#,.,.,%,#,#,.,.,.,.,.,#,.,#,.,#,%,#,.,#,.,#,#,.,.,%,#,#,%,^,.,.,%,%,.,%,^,.,.,#,.,#,.,.,.,^,%,.,#,#,#,#,.,.,.,.,.,^,^,.,%,#,#,#,^,.,^,.,.,%,#,#,#,#,.,^,.,.,%,#,#,#,.,.,^,^,.,^,.,.,.,.,#,#,#,#,S,^,^,.,.,.,.,.,.,#,#,#,.,%,.,#,.,.,#,#,#,#,.,.,%,#,#,#,%,%,%,^,.,%,^,.,.,.,.,.,#,#,.,^,F,.,.,%,.,.,.,.,%,#,#,#,.,^,.,.,.,^,#,#,.,.,%,#,#,.,#,.,#,.,.,#,.,#,.,^,.,%,.,.,#,#,.,%,.,#,#,.,#,%,#,%,.,#,.,#,^,.,%,.,^,.,#,#,.,^,.,#,#,.,^,.,%,%,.,%,.,^,.,.,.,#,^,.,#,#,.,.,.,#,#,.,#,.,#,.,.,#,^,#,.,.,.,.,.,%,#,#,^,^,%,.,.,^,#,.,#,^,.,#,^,#,.,.,^,.,%,.,#,#,#,#,#,#,#,#,#,#,#,#,#,#,#,#,#,#,#,#,#,#,#,
1,#,#,#,#,#,#,#,#,#,#,#,#,#,#,#,#,#,#,#,#,#,#,#,.,#,.,#,.,%,.,.,%,.,%,%,^,.,%,%,^,.,^,.,#,#,.,#,.,#,%,.,#,^,#,%,.,#,.,#,^,#,#,#,.,^,#,#,%,^,.,.,.,.,#,.,#,.,.,#,.,#,.,.,^,^,.,.,#,#,^,#,%,#,^,%,#,.,#,%,.,#,.,#,.,.,^,#,#,#,#,#,.,#,.,#,.,.,.,%,.,.,.,#,.,#,.,.,.,.,%,.,#,#,#,.,.,.,#,.,.,.,^,.,%,.,.,.,^,%,#,^,#,.,#,#,.,.,#,.,%,.,#,.,#,.,.,%,#,#,#,^,P,.,#,.,#,#,.,#,#,#,%,.,#,.,#,.,.,^,.,^,.,%,.,F,.,.,#,#,%,.,#,%,%,%,#,.,#,.,#,#,#,.,^,%,#,.,#,.,#,#,#,.,.,^,#,.,.,^,.,^,.,.,.,%,.,%,#,.,#,%,#,#,.,%,^,.,.,#,#,.,.,.,#,%,.,.,#,.,#,%,#,.,#,#,.,^,#,.,.,#,#,.,^,.,.,.,#,.,^,.,#,%,#,.,#,#,.,.,.,%,^,#,#,.,.,.,.,#,#,#,%,.,.,.,.,.,#,#,.,.,#,.,%,#,#,.,.,.,%,.,#,%,.,.,#,.,#,.,#,#,.,%,%,%,%,.,.,^,.,.,#,.,%,^,#,.,#,.,#,%,#,#,#,#,%,#,#,%,.,.,.,.,%,.,.,.,%,.,#,.,#,.,#,#,#,#,%,#,#,^,.,.,^,.,#,#,.,S,.,%,#,^,#,.,#,#,%,%,.,.,.,.,.,#,^,%,#,#,.,.,^,%,#,.,#,^,#,#,#,#,^,#,#,.,.,%,%,.,#,#,.,%,.,.,#,.,#,.,#,#,#,#,.,#,#,.,.,^,.,.,#,#,.,.,.,%,.,.,^,.,#,#,#,#,#,#,#,#,#,#,#,#,#,#,#,#,#,#,#,#,#,#,#,
2,#,#,#,#,#,#,#,#,#,#,#,#,#,#,#,#,#,#,#,#,#,#,#,.,#,#,#,.,.,.,^,%,%,.,^,.,.,.,^,#,.,#,^,#,#,.,.,.,%,S,^,#,^,#,%,.,.,#,%,.,.,#,.,#,^,#,#,.,#,#,#,.,%,#,^,#,.,.,.,^,%,.,^,#,^,#,^,#,#,.,.,%,.,^,.,#,.,#,.,.,.,#,%,%,^,#,.,#,.,#,#,.,#,#,#,.,%,%,.,.,.,.,%,.,.,%,%,%,^,.,.,#,#,.,^,.,.,^,.,.,%,.,^,#,#,.,#,#,.,^,^,.,.,#,#,#,#,.,.,.,.,#,#,#,#,#,#,.,#,#,#,.,#,.,#,#,#,#,#,.,^,^,.,%,%,.,.,.,%,.,.,.,#,.,#,.,#,#,#,#,#,.,%,F,%,#,#,#,#,#,#,%,#,#,#,.,#,.,#,#,#,#,#,.,.,%,^,%,.,%,%,#,#,.,#,#,%,.,^,%,.,#,#,^,#,^,#,%,.,.,.,.,.,.,.,%,%,%,.,^,.,.,%,#,#,.,#,.,#,.,.,.,#,#,#,#,#,#,^,^,.,.,#,.,.,#,#,.,#,.,#,.,%,.,.,.,.,^,.,.,.,%,.,.,%,.,.,#,#,.,#,%,#,^,#,#,#,.,%,%,%,#,#,#,.,^,#,.,.,#,#,.,%,.,.,.,.,.,%,.,%,.,%,.,.,.,.,.,^,.,.,#,#,.,#,^,#,.,#,#,.,.,%,#,%,%,.,#,%,.,.,.,.,#,#,^,#,.,#,.,#,#,^,.,.,.,^,#,^,.,.,%,#,.,.,#,#,^,^,.,.,.,#,#,.,^,.,.,#,#,#,.,^,%,.,.,.,#,#,.,#,^,#,%,#,#,.,^,%,.,.,#,.,.,%,.,#,.,.,#,#,.,P,^,#,.,.,.,^,.,^,#,.,.,.,#,.,^,.,.,.,#,#,#,#,#,#,#,#,#,#,#,#,#,#,#,#,#,#,#,#,#,#,#,
3,#,#,#,#,#,#,#,#,#,#,#,#,#,#,#,#,#,#,#,#,#,#,#,%,.,^,^,.,.,.,.,.,.,.,.,.,.,.,^,%,.,.,.,#,#,^,#,#,#,#,.,%,^,.,^,.,%,^,#,#,.,%,.,#,#,#,#,.,%,.,.,.,.,.,#,%,^,.,^,.,#,#,%,^,.,#,#,#,#,.,#,#,#,#,.,.,.,.,.,.,.,%,#,#,%,.,.,#,#,#,#,%,.,.,.,^,.,.,%,.,^,^,%,.,#,#,%,%,.,#,#,#,#,#,#,.,%,%,.,.,^,.,.,.,.,%,.,.,^,^,%,%,^,#,#,#,#,.,.,^,^,.,#,.,%,#,#,%,.,.,.,.,#,#,#,#,#,#,#,.,.,.,.,^,.,.,^,#,#,.,.,^,.,.,.,.,.,#,#,#,#,^,.,.,.,.,#,^,.,#,#,.,^,.,#,#,#,.,.,#,#,.,.,%,.,%,.,%,F,.,.,#,#,%,.,%,^,%,.,.,.,#,#,.,.,.,.,^,.,S,.,.,.,^,.,^,^,.,^,%,.,.,.,#,#,.,%,%,#,#,#,#,.,.,.,#,#,#,#,.,#,#,#,.,.,#,#,^,.,^,#,#,#,#,%,.,.,.,%,.,.,%,^,.,.,^,.,#,#,.,.,.,#,#,#,#,^,%,.,#,#,#,#,.,.,.,#,#,#,#,#,%,.,.,#,#,#,#,.,.,.,.,^,^,%,.,^,.,.,.,.,#,#,^,^,.,.,.,.,#,#,#,.,.,.,^,%,^,.,.,.,.,.,#,#,#,#,#,#,.,.,%,.,^,^,.,#,#,#,#,#,#,^,%,.,#,#,.,.,^,.,.,.,#,#,#,.,.,%,.,.,^,#,#,.,.,%,#,#,#,#,#,#,%,.,.,.,^,.,.,#,#,#,P,#,#,.,^,.,#,#,.,.,^,.,%,^,#,#,#,^,.,%,^,%,.,#,#,%,.,.,#,#,#,#,#,#,#,#,#,#,#,#,#,#,#,#,#,#,#,#,#,#,#,
4,#,#,#,#,#,#,#,#,#,#,#,#,#,#,#,#,#,#,#,#,#,#,#,.,^,.,.,%,.,^,.,^,.,.,.,%,.,.,.,.,%,.,^,#,#,.,#,.,#,.,.,^,.,.,.,^,%,#,#,#,%,#,#,#,#,#,#,^,#,.,#,%,%,.,#,^,^,.,.,.,.,.,.,^,%,.,.,#,#,.,#,.,#,.,.,%,.,%,%,#,#,#,.,.,^,#,#,#,#,#,#,.,#,.,#,%,.,.,%,^,^,.,.,.,.,.,.,.,.,.,.,#,#,.,.,.,.,.,^,#,#,#,.,%,#,.,#,^,.,.,%,^,^,#,#,.,#,#,#,#,.,%,.,.,.,.,#,.,P,.,#,#,#,^,.,#,#,.,.,^,.,^,.,#,#,#,.,.,#,.,#,%,^,^,.,%,.,#,#,.,#,#,#,#,.,.,.,.,.,.,#,.,#,.,%,^,#,#,#,#,#,.,.,.,.,.,^,#,#,#,.,%,.,%,.,.,^,.,.,.,.,#,#,#,.,.,.,#,.,.,.,.,.,#,.,^,^,#,.,%,.,.,%,#,#,.,%,#,%,^,.,#,^,#,^,^,^,#,%,.,.,.,#,.,%,#,#,.,#,#,#,^,.,#,.,#,.,.,#,#,#,.,.,.,.,.,^,#,#,.,%,#,.,%,.,#,^,#,.,.,.,#,.,.,.,.,#,^,^,#,#,#,.,%,^,#,%,%,.,%,^,#,%,.,%,#,.,.,.,%,%,#,#,%,.,^,.,.,%,.,.,%,.,.,.,^,^,.,.,#,#,#,^,#,#,#,#,#,%,.,.,.,^,.,^,.,.,%,.,.,.,.,.,.,.,#,#,^,.,%,%,.,.,%,#,F,^,^,.,#,.,.,.,#,#,#,.,#,#,.,.,#,#,#,.,.,.,.,.,.,%,^,.,%,%,.,.,^,.,#,#,.,.,%,^,.,.,.,^,S,^,.,^,%,^,.,.,#,#,#,.,#,#,#,#,#,#,#,#,#,#,#,#,#,#,#,#,#,#,#,#,#,#,#,
5,#,#,#,#,#,#,#,#,#,#,#,#,#,#,#,#,#,#,#,#,#,#,#,^,#,.,#,%,.,%,.,.,%,S,.,%,.,.,#,#,.,#,#,#,#,.,#,.,#,%,.,.,.,.,.,.,#,#,#,#,#,#,%,#,#,#,#,.,.,.,%,.,%,.,#,%,^,%,.,^,%,.,.,.,^,%,^,#,#,^,#,%,#,%,.,.,%,.,%,.,#,#,#,#,#,#,.,#,#,#,#,^,#,%,#,F,%,.,.,.,.,.,.,%,.,.,#,#,%,#,#,#,#,.,.,%,#,#,#,.,.,^,#,%,.,.,.,%,.,^,.,.,.,#,#,.,%,.,#,#,.,%,#,.,.,.,%,.,%,.,.,#,#,#,#,#,#,.,.,.,#,#,%,#,#,#,.,.,%,#,.,%,^,.,.,%,%,#,#,%,.,.,#,#,.,.,#,%,%,%,.,.,%,%,%,#,#,#,#,#,#,.,.,^,%,.,#,.,.,.,#,.,.,.,.,.,%,^,.,^,.,#,#,.,.,.,.,.,.,^,^,%,%,.,#,#,#,.,.,#,#,#,.,#,#,.,.,.,.,^,.,.,.,#,#,.,.,.,.,.,%,.,.,.,.,#,#,.,^,#,.,%,.,%,%,#,#,.,#,#,#,.,.,#,#,#,.,#,#,.,^,^,.,.,.,^,.,P,#,%,.,.,^,.,.,^,.,.,.,#,#,^,.,.,.,.,.,.,.,#,#,.,#,#,#,.,%,#,#,#,.,#,#,.,^,.,.,.,.,%,.,.,.,%,.,.,^,.,.,#,%,#,.,#,#,.,#,.,#,.,.,%,.,#,#,#,#,#,.,.,.,#,.,#,.,#,#,^,#,.,#,%,.,^,^,#,#,.,^,%,^,.,.,#,%,#,.,#,#,.,#,^,#,.,.,.,^,#,#,^,.,#,#,#,.,#,.,#,.,#,#,.,#,.,#,.,.,%,.,#,#,.,.,%,^,%,%,%,.,%,.,#,#,#,#,#,#,#,#,#,#,#,#,#,#,#,#,#,#,#,#,#,#,#,
6,#,#,#,#,#,#,#,#,#,#,#,#,#,#,#,#,#,#,#,#,#,#,#,#,.,.,.,#,.,.,.,%,%,^,%,.,.,.,%,.,.,.,.,#,#,^,.,#,.,^,.,.,#,.,.,#,.,#,%,#,#,#,.,.,.,#,#,.,#,#,#,.,.,%,^,.,.,#,.,#,.,#,#,#,.,^,.,#,#,.,.,#,.,%,%,^,#,.,.,#,%,#,%,#,#,#,.,.,.,#,#,#,.,.,.,#,^,.,^,.,.,^,.,.,^,^,#,#,.,.,.,#,#,.,^,%,.,.,#,^,^,%,#,.,.,.,%,.,%,.,.,.,.,#,#,.,.,#,^,.,S,^,#,%,.,.,.,#,#,#,^,%,#,.,.,#,#,%,.,^,%,.,.,#,#,#,^,.,.,%,^,%,.,.,.,.,.,#,#,.,%,#,.,^,^,.,#,.,.,#,#,#,.,.,.,.,P,.,%,#,#,%,.,%,.,%,#,.,^,%,#,.,%,.,^,.,.,.,^,.,^,#,#,.,.,.,.,.,.,.,.,%,.,.,.,.,^,.,.,#,%,#,.,#,#,#,#,#,#,%,%,#,#,#,#,#,#,^,.,^,.,#,%,#,.,#,#,%,^,.,%,^,.,.,.,^,^,#,#,%,.,^,.,#,.,#,.,#,#,#,#,#,#,.,.,#,#,#,#,#,#,.,.,.,^,#,.,#,%,#,#,.,.,.,.,.,.,.,.,.,.,#,#,.,^,.,%,%,.,%,.,#,#,.,.,^,#,#,.,.,.,.,^,.,^,^,.,^,.,.,^,.,^,#,#,.,.,.,#,#,.,.,%,.,^,#,.,#,.,#,%,.,%,#,#,#,#,%,%,.,#,#,.,^,#,^,.,#,^,#,^,#,^,.,%,#,#,#,#,.,%,.,#,#,.,%,.,.,^,#,.,#,F,#,.,^,%,#,#,#,#,.,.,.,%,.,^,.,%,.,^,^,.,.,^,.,%,%,.,#,#,#,#,#,#,#,#,#,#,#,#,#,#,#,#,#,#,#,#,#,#,#,#,#,
7,#,#,#,#,#,#,#,#,#,#,#,#,#,#,#,#,#,#,#,#,#,#,#,%,#,^,#,%,.,#,#,#,.,.,#,.,#,%,.,.,.,%,^,#,#,^,#,^,#,%,.,.,.,.,.,.,#,.,#,^,.,.,%,%,^,#,#,.,.,.,.,%,.,#,#,#,.,.,.,.,.,.,.,.,#,.,.,#,#,^,#,^,#,.,.,.,.,.,^,.,#,.,#,.,.,%,.,.,%,#,#,.,#,.,#,%,^,#,#,#,.,.,#,^,#,%,^,.,%,.,.,#,#,.,F,.,^,.,%,%,.,.,^,%,%,S,^,%,.,%,.,.,^,#,#,.,%,#,#,#,.,#,.,#,.,#,#,.,%,.,#,#,.,.,.,#,#,.,.,.,^,%,.,#,^,#,.,#,#,.,.,.,#,#,.,.,^,#,#,#,#,#,.,%,.,#,.,#,^,#,#,%,.,.,#,#,.,^,%,#,#,.,.,.,.,%,^,#,%,#,.,#,#,.,%,.,#,P,.,^,^,#,#,%,.,.,%,.,^,#,#,#,.,#,#,.,^,.,%,^,%,.,.,#,#,.,#,#,#,#,.,%,.,.,.,#,#,%,.,%,^,#,^,#,.,#,#,.,%,%,.,.,%,#,#,#,.,#,#,.,^,.,.,#,.,#,.,#,#,%,#,#,#,#,.,^,.,.,.,#,#,.,.,.,.,#,%,#,%,#,#,.,%,.,.,%,.,#,#,#,^,%,.,.,.,.,.,#,%,#,.,#,#,#,.,.,%,#,.,.,.,.,.,%,^,.,.,%,.,%,.,^,^,#,#,.,.,#,.,.,.,#,%,#,%,.,#,.,#,.,.,#,#,#,#,#,#,.,#,#,#,.,.,#,.,#,.,.,#,.,#,.,%,.,^,.,.,#,#,.,.,#,^,.,.,#,%,#,.,^,#,.,#,.,.,#,#,#,#,#,#,#,%,.,.,#,^,%,.,.,.,^,#,.,#,%,.,.,.,.,.,#,#,#,#,#,#,#,#,#,#,#,#,#,#,#,#,#,#,#,#,#,#,#,
8,#,#,#,#,#,#,#,#,#,#,#,#,#,#,#,#,#,#,#,#,#,#,#,.,.,.,#,#,%,^,.,.,.,.,%,%,.,.,#,%,.,.,#,#,#,.,.,^,#,#,#,#,#,^,.,#,#,#,.,.,%,.,#,^,^,#,#,.,^,.,#,#,^,.,.,.,.,.,.,.,^,%,.,#,#,#,.,#,#,%,.,.,#,#,.,.,#,#,#,.,.,#,#,#,.,%,#,.,%,#,#,.,.,%,%,^,.,%,.,.,%,.,.,.,.,.,#,.,.,^,#,#,#,.,%,.,.,%,^,#,.,#,.,.,%,^,^,%,%,#,.,#,.,#,#,.,.,#,.,%,.,#,.,#,.,.,%,.,#,#,.,#,%,#,F,#,#,.,.,^,.,^,.,#,.,#,%,.,^,.,#,#,.,.,^,.,.,#,#,.,^,#,.,.,.,#,.,#,.,^,.,.,#,#,^,#,.,#,.,#,#,.,.,.,.,%,.,.,.,.,.,.,.,.,#,#,.,#,%,#,%,#,#,.,^,.,.,.,.,.,.,^,.,^,.,^,.,.,#,#,%,^,.,#,#,#,%,#,.,#,.,.,#,.,.,.,^,.,^,.,#,#,.,^,^,#,#,#,.,#,.,#,.,.,.,.,.,^,.,#,.,.,#,#,.,^,^,#,#,#,.,#,.,#,.,.,#,.,.,%,.,^,%,.,#,#,.,.,^,#,#,.,.,%,.,S,.,%,^,%,%,.,.,.,.,.,^,.,.,.,.,#,#,.,#,%,#,.,.,^,.,^,^,.,#,#,#,%,#,#,%,#,#,#,#,^,#,%,#,^,^,#,.,#,.,.,.,.,%,^,#,#,^,#,#,#,#,.,#,.,#,.,.,#,.,#,.,%,P,#,#,.,.,.,^,.,^,#,#,.,#,.,#,.,.,#,%,#,.,^,.,.,.,^,#,#,%,#,#,#,#,.,.,^,.,.,.,#,.,#,^,^,#,#,#,.,#,#,%,#,#,#,#,#,#,#,#,#,#,#,#,#,#,#,#,#,#,#,#,#,#,#,#,#,
9,#,#,#,#,#,#,#,#,#,#,#,#,#,#,#,#,#,#,#,#,#,#,#,%,#,#,#,.,.,#,.,#,^,.,#,#,#,.,^,.,^,#,#,#,#,.,.,%,.,.,.,#,%,#,^,.,^,^,.,%,.,.,.,#,#,#,#,^,#,#,#,.,.,^,^,.,.,.,#,#,#,.,.,.,.,#,#,#,#,.,.,.,%,.,.,#,^,#,.,.,%,%,.,.,.,.,.,#,#,#,#,.,#,#,#,.,.,#,^,#,.,.,#,#,#,.,.,%,^,.,.,#,#,#,#,.,.,.,.,.,^,.,^,.,.,.,F,.,.,.,.,.,^,#,#,#,#,.,.,.,^,.,#,%,.,#,#,.,.,.,^,.,.,#,#,#,#,#,#,.,^,.,.,^,.,.,.,#,#,.,.,.,%,.,%,#,#,#,#,#,#,.,^,.,%,.,#,%,%,#,#,.,^,.,.,%,%,#,#,#,#,.,%,.,.,%,%,.,.,.,.,#,#,.,^,^,%,^,.,#,#,#,#,^,.,.,.,.,#,.,^,%,P,#,#,.,.,.,.,.,.,^,^,#,#,.,S,%,.,.,.,.,#,.,.,#,#,.,^,^,.,.,#,#,#,#,#,.,.,#,.,.,.,#,#,#,.,#,#,.,.,%,.,%,.,.,.,#,#,.,.,%,.,%,.,.,#,^,.,#,#,.,.,.,#,#,#,.,.,#,#,.,.,.,.,.,#,^,%,%,#,^,.,^,%,.,%,.,.,.,.,#,#,.,.,.,.,^,.,#,#,#,.,%,#,.,#,.,%,^,.,.,.,#,#,#,#,%,.,.,.,.,%,.,%,^,#,.,#,.,.,.,#,.,.,#,#,#,#,.,%,.,.,#,#,#,.,.,#,.,#,.,.,.,^,.,%,#,#,#,#,.,.,.,.,^,.,%,.,%,#,.,#,.,%,.,#,.,^,#,#,#,#,.,^,.,.,#,#,#,%,.,%,.,.,.,.,^,%,.,.,#,#,#,#,#,#,#,#,#,#,#,#,#,#,#,#,#,#,#,#,#,#,#,
10,#,#,#,#,#,#,#,#,#,#,#,#,#,#,#,#,#,#,#,#,#,#,#,.,F,.,#,#,#,#,%,^,.,.,^,.,#,#,.,.,%,^,.,#,#,.,.,.,#,#,#,#,.,.,.,.,.,.,#,#,%,#,#,#,#,#,#,.,.,.,#,#,#,#,.,.,.,.,.,^,#,#,.,^,.,%,.,#,#,^,.,^,#,#,#,#,.,.,^,%,^,.,#,#,.,#,#,#,#,#,#,%,.,.,.,.,.,%,%,.,.,%,.,^,.,.,.,%,^,^,.,#,#,%,.,%,^,.,.,#,#,#,.,%,%,.,.,%,.,.,.,.,.,#,#,#,#,.,%,.,^,.,%,.,^,#,#,#,#,^,.,.,#,#,P,#,#,#,#,.,%,.,.,#,#,#,.,^,.,.,^,.,.,.,%,.,.,#,#,#,#,^,.,%,%,.,.,.,^,#,#,#,#,%,#,#,#,%,.,#,#,#,#,.,^,.,^,#,#,#,.,%,.,%,.,%,%,.,^,.,^,#,#,%,.,.,#,#,.,%,.,.,.,%,^,.,.,.,.,.,.,.,.,#,#,^,^,.,#,#,^,#,%,#,.,#,#,#,#,.,^,%,.,%,.,#,#,.,.,^,#,#,.,#,.,#,.,%,.,.,.,.,%,^,#,%,.,#,#,%,.,%,#,#,%,#,%,#,%,#,#,#,#,^,^,.,%,%,^,#,#,.,.,.,^,.,.,^,.,.,%,^,.,.,.,%,S,^,.,.,^,#,#,.,.,.,^,.,.,#,.,#,.,.,.,.,.,.,.,.,.,.,.,#,#,.,.,#,#,#,.,#,.,#,%,#,#,#,.,^,.,#,#,#,#,#,#,.,^,.,.,.,.,#,^,#,%,.,.,.,%,%,.,.,^,.,.,#,#,#,#,#,%,.,.,#,%,#,.,^,%,#,#,#,%,#,#,#,#,#,#,.,.,%,.,.,.,%,.,.,^,.,%,.,.,.,.,.,.,.,.,#,#,#,#,#,#,#,#,#,#,#,#,#,#,#,#,#,#,#,#,#,#,#,
11,#,#,#,#,#,#,#,#,#,#,#,#,#,#,#,#,#,#,#,#,#,#,#,^,.,.,.,%,.,.,^,.,.,.,.,.,.,.,#,.,.,^,#,#,#,#,#,#,.,.,.,%,#,.,.,#,#,#,#,^,^,.,#,.,^,#,#,.,.,%,^,%,.,.,.,.,%,.,.,%,%,^,^,#,#,#,%,#,#,.,%,#,#,#,.,.,#,.,.,#,#,#,#,^,.,.,#,.,.,#,#,.,.,%,^,.,F,^,.,^,%,.,.,.,.,S,#,%,%,.,#,#,#,#,.,.,.,#,.,.,^,^,.,.,.,^,^,.,^,%,%,.,.,#,#,%,.,#,.,.,#,#,#,#,.,#,#,#,#,^,.,.,#,%,.,#,#,.,#,#,#,.,.,.,.,%,.,.,.,%,.,^,.,.,.,.,.,#,#,.,^,#,.,.,#,#,#,#,%,#,#,#,#,.,.,%,#,%,.,#,#,#,.,^,.,#,.,.,.,.,%,.,%,%,%,^,^,.,.,.,.,#,#,.,#,%,#,^,.,^,^,^,.,.,#,^,#,.,%,^,.,#,#,#,#,.,#,.,#,.,#,.,#,.,#,.,#,.,#,.,.,^,.,#,#,#,#,^,#,.,#,.,#,.,#,.,#,.,.,.,.,^,.,.,.,#,#,#,#,.,#,.,#,^,#,%,#,.,#,%,#,.,#,.,.,.,.,#,#,#,#,%,.,.,.,.,.,.,.,.,%,^,#,.,#,.,.,%,.,^,^,#,#,.,.,.,^,.,^,#,%,#,.,.,.,^,.,.,#,#,^,#,#,#,#,#,#,#,%,^,.,#,^,#,^,#,#,.,.,.,#,#,.,#,#,#,#,%,.,^,.,%,.,#,.,#,^,P,#,.,%,.,.,.,.,%,.,#,#,.,.,#,#,#,%,#,.,#,.,#,#,.,.,.,#,#,.,#,#,#,#,.,%,.,.,.,.,.,^,.,%,#,#,^,^,.,#,#,.,#,#,#,#,#,#,#,#,#,#,#,#,#,#,#,#,#,#,#,#,#,#,#,#,#,
12,#,#,#,#,#,#,#,#,#,#,#,#,#,#,#,#,#,#,#,#,#,#,#,%,.,.,.,%,.,.,^,.,^,^,.,%,.,.,^,.,^,%,^,#,#,.,.,#,.,%,#,^,#,.,#,#,#,#,.,.,.,.,.,#,#,#,#,.,.,.,^,.,#,.,#,%,#,^,^,.,.,.,.,.,%,#,#,#,#,^,.,#,%,.,#,.,#,.,#,^,.,#,#,#,.,.,.,#,#,#,#,.,%,.,%,^,.,.,.,%,.,.,.,.,^,.,.,S,.,#,#,#,#,.,.,.,.,.,.,.,.,.,F,^,.,%,.,%,%,.,.,.,.,#,#,^,.,.,.,.,%,.,#,^,.,#,#,#,#,.,%,#,^,#,.,#,#,.,^,#,^,.,.,%,.,.,^,.,.,.,.,.,%,#,.,#,.,#,#,.,^,^,.,^,%,.,#,.,.,#,#,#,#,%,%,#,.,#,.,#,#,.,%,.,.,%,.,%,.,.,^,%,%,.,.,^,.,#,.,#,.,#,#,.,.,.,%,.,#,^,.,%,#,.,^,.,^,%,%,.,.,.,.,#,#,#,#,#,#,.,.,.,#,.,.,.,#,.,#,.,^,#,.,#,.,#,#,.,.,.,.,.,.,#,#,#,.,^,#,^,#,.,.,#,^,#,.,#,#,#,#,#,#,.,^,.,#,.,%,.,#,^,#,.,.,#,.,#,.,#,#,.,.,^,^,.,#,.,.,.,#,.,#,^,#,%,%,#,.,#,^,#,#,%,.,.,^,^,^,.,.,.,.,%,^,.,%,.,.,.,%,^,.,#,#,.,#,.,#,.,%,.,#,#,#,%,#,%,#,.,.,%,.,#,#,#,#,.,#,.,#,.,^,.,.,.,%,.,#,^,#,^,.,%,.,#,#,#,#,.,#,.,P,.,#,#,#,.,.,%,#,^,#,.,.,.,.,#,#,#,#,^,.,.,.,.,.,^,%,%,.,.,.,.,.,.,%,^,%,#,#,#,#,#,#,#,#,#,#,#,#,#,#,#,#,#,#,#,#,#,#,#,#,#,
13,#,#,#,#,#,#,#,#,#,#,#,#,#,#,#,#,#,#,#,#,#,#,#,.,.,.,.,.,.,.,.,.,.,%,.,%,.,.,.,%,%,.,.,#,#,#,#,#,#,.,%,^,.,.,^,#,#,.,%,.,#,%,#,.,#,#,#,.,^,%,.,.,.,.,#,.,^,#,#,^,.,.,#,.,#,^,#,#,#,#,#,#,#,.,.,.,.,%,.,#,#,.,.,.,#,.,#,^,#,#,#,.,.,.,.,^,^,.,.,.,^,#,#,^,.,.,.,.,.,.,%,#,#,.,^,.,.,.,#,#,.,#,#,S,.,.,.,^,#,#,%,#,#,#,#,.,#,.,#,.,#,#,.,#,#,.,^,#,#,#,#,#,.,#,#,#,#,%,#,^,#,^,.,.,.,.,.,.,^,%,^,.,.,^,.,.,%,#,#,.,#,.,#,.,#,#,^,#,#,#,#,#,%,.,#,#,.,#,P,#,#,^,#,%,#,%,#,#,.,#,#,.,%,.,.,^,#,#,.,#,#,#,#,#,#,.,.,.,%,.,.,%,.,.,.,.,.,.,.,.,.,.,.,#,#,#,#,^,.,.,.,.,#,.,.,#,#,%,.,^,^,#,.,#,%,#,#,#,#,.,%,.,.,.,%,.,.,#,#,^,F,.,%,#,.,#,.,#,#,#,#,^,.,.,%,%,#,.,.,#,#,^,.,.,.,#,.,#,%,#,#,.,.,.,.,%,%,.,%,.,%,#,#,%,.,.,.,#,.,#,^,#,#,.,.,.,.,.,%,.,.,.,^,.,.,%,%,.,^,.,.,#,#,#,#,.,.,.,.,%,%,.,#,.,^,.,.,#,^,.,^,.,^,#,#,#,#,.,.,#,%,.,.,.,.,.,.,.,.,.,.,^,.,%,.,#,#,#,#,.,.,.,%,.,.,^,#,.,.,.,.,#,%,.,.,.,.,#,#,#,#,.,.,^,.,.,.,^,.,.,.,.,.,.,%,.,%,.,.,.,.,#,#,#,#,#,#,#,#,#,#,#,#,#,#,#,#,#,#,#,#,#,#,#,
14,#,#,#,#,#,#,#,#,#,#,#,#,#,#,#,#,#,#,#,#,#,#,#,.,.,.,.,.,.,.,.,^,^,.,.,%,^,.,^,#,P,#,.,#,#,.,#,.,#,.,.,^,.,#,#,%,#,.,#,%,.,.,.,^,.,#,#,.,#,.,#,.,.,^,.,#,#,^,#,.,#,S,^,#,#,#,%,#,#,.,#,.,#,.,.,^,.,#,#,.,#,.,#,^,.,.,.,^,.,#,#,.,#,%,#,.,.,%,.,#,#,%,#,^,#,^,.,#,#,#,%,#,#,.,.,%,.,.,.,.,.,.,.,#,#,.,#,#,#,#,.,#,#,#,#,%,.,#,^,%,%,%,#,.,.,#,#,.,#,#,#,#,^,#,#,#,#,.,.,.,.,.,.,^,%,.,^,.,.,.,%,%,%,.,^,.,.,#,#,^,.,#,^,.,.,^,#,.,.,#,#,.,#,#,#,#,.,#,#,#,#,.,.,.,.,%,.,^,.,.,.,#,#,.,#,#,#,#,%,#,#,#,#,.,.,.,.,%,.,.,.,%,.,.,.,.,.,.,F,^,.,.,.,#,#,#,.,#,.,#,.,.,^,.,.,#,.,#,.,#,^,#,%,#,.,#,#,#,.,#,.,#,.,.,#,.,.,#,.,#,%,#,.,#,.,#,%,#,#,#,.,#,%,#,^,.,.,.,^,#,^,#,.,#,^,#,.,#,^,#,#,.,.,.,.,.,%,.,.,.,.,.,.,.,.,.,.,^,%,%,.,#,#,%,.,.,^,.,^,#,.,#,.,.,.,.,.,.,.,.,.,%,^,#,#,#,#,%,%,.,.,#,^,#,.,^,.,.,#,#,%,#,#,#,#,#,#,#,#,^,.,.,.,#,.,#,%,%,.,.,#,#,.,%,.,.,.,#,#,#,#,.,.,%,.,#,%,#,%,%,.,.,#,#,.,#,#,#,#,#,#,#,#,.,.,.,.,.,%,.,.,.,.,.,#,#,.,.,.,.,.,#,#,#,#,#,#,#,#,#,#,#,#,#,#,#,#,#,#,#,#,#,#,#,
15,#,#,#,#,#,#,#,#,#,#,#,#,#,#,#,#,#,#,#,#,#,#,#,.,.,.,%,.,#,#,.,#,#,.,#,.,#,.,^,%,%,.,^,#,#,%,.,^,.,%,#,#,.,#,#,.,#,.,#,%,.,.,%,.,%,#,#,%,.,#,%,.,^,^,.,.,.,.,#,^,#,^,^,^,#,.,^,#,#,.,%,.,.,.,#,#,.,#,#,^,#,F,#,%,%,.,^,.,^,#,#,^,%,^,.,.,#,#,.,#,#,.,^,.,.,.,.,.,.,.,.,#,#,^,.,^,.,%,.,%,.,.,^,.,.,%,.,.,^,.,.,#,#,#,#,%,#,.,#,.,#,#,#,.,.,#,#,.,.,.,.,.,.,#,#,#,#,%,#,.,#,.,.,S,.,^,^,#,#,^,%,%,.,.,.,#,#,#,#,.,#,%,#,%,.,.,#,#,#,#,#,.,.,.,.,^,.,#,#,#,#,^,#,.,#,.,.,^,.,.,.,#,#,.,.,.,^,.,.,.,%,#,#,^,#,#,#,^,.,.,.,%,.,.,.,.,^,.,#,#,.,#,#,#,#,.,.,.,^,%,.,#,.,#,.,%,^,P,.,.,#,#,.,#,#,#,#,.,#,#,#,.,%,#,.,#,.,.,^,.,.,.,^,%,.,.,%,#,#,^,.,.,.,%,.,#,^,#,.,%,.,#,.,.,#,#,.,#,#,#,#,.,#,#,#,.,%,#,.,#,^,.,.,.,.,.,#,#,.,#,#,#,#,.,%,.,.,^,.,.,.,.,%,.,^,.,.,.,#,^,.,%,#,#,#,.,#,.,#,^,.,#,.,#,^,.,#,#,#,#,.,.,#,.,.,#,#,.,#,.,#,^,%,#,.,#,.,.,.,.,.,.,.,#,#,#,.,#,#,%,#,.,#,%,.,#,.,#,.,%,#,#,#,#,.,.,#,.,.,#,#,.,^,.,%,.,.,.,%,.,.,^,%,.,^,.,#,.,.,.,#,#,#,#,#,#,#,#,#,#,#,#,#,#,#,#,#,#,#,#,#,#,#,#,
16,#,#,#,#,#,#,#,#,#,#,#,#,#,#,#,#,#,#,#,#,#,#,#,#,.,.,^,#,.,#,^,#,%,.,.,.,#,#,.,.,.,%,%,#,#,.,^,#,.,^,%,#,^,#,.,%,%,.,#,#,#,#,#,^,.,#,#,.,#,#,#,.,^,.,.,.,.,.,%,.,#,#,.,.,.,%,.,#,#,.,^,#,.,.,.,#,.,#,.,%,.,^,#,#,.,%,#,#,#,#,#,#,.,.,^,#,.,#,%,#,.,%,%,^,%,.,.,^,^,^,.,#,#,#,#,.,#,#,^,#,^,#,.,.,.,^,.,%,.,.,.,^,.,#,#,#,#,.,#,#,%,#,%,#,^,.,.,.,#,#,#,.,#,^,#,#,#,.,.,.,.,^,.,.,^,.,.,.,^,.,#,#,#,.,#,^,#,#,#,#,#,.,#,#,.,#,.,#,.,.,^,.,#,#,#,.,#,^,#,#,#,#,#,.,#,#,.,#,.,#,.,%,.,^,#,#,%,^,.,%,.,#,#,^,.,.,^,.,.,.,^,.,^,.,.,.,.,^,.,.,^,^,.,#,#,#,#,#,%,.,#,#,#,#,.,#,.,#,.,#,.,#,.,#,%,#,#,.,.,.,.,.,.,^,.,.,^,#,^,#,.,#,.,#,.,#,.,#,#,%,.,#,#,#,#,#,#,#,.,#,.,#,%,#,^,#,.,#,F,#,#,.,^,S,.,.,.,.,.,%,.,.,.,.,^,.,.,.,%,%,.,#,#,.,^,.,.,.,.,.,.,.,^,^,.,.,.,.,.,%,^,%,^,#,#,#,#,#,.,.,.,.,.,#,#,P,#,.,.,.,#,#,#,.,.,#,#,.,.,.,.,.,.,.,%,#,#,#,#,^,.,.,%,.,^,.,.,#,#,.,%,#,#,#,.,.,^,#,#,#,#,.,.,%,^,.,#,#,#,#,#,%,.,.,.,%,^,.,%,#,#,#,#,%,.,.,.,.,.,%,.,#,#,#,#,#,#,#,#,#,#,#,#,#,#,#,#,#,#,#,#,#,#,#,
17,#,#,#,#,#,#,#,#,#,#,#,#,#,#,#,#,#,#,#,#,#,#,#,.,.,.,.,.,.,#,%,#,%,.,%,.,.,.,.,.,.,F,.,#,#,.,#,#,#,#,%,#,.,#,%,.,%,^,.,%,.,.,#,#,#,#,#,%,^,.,.,.,%,.,^,.,.,%,.,#,.,%,.,.,.,%,.,#,#,^,#,#,#,#,.,#,^,#,^,%,%,^,^,.,#,#,#,.,.,#,#,.,.,.,^,.,%,#,.,#,^,.,.,^,%,.,.,.,%,.,.,#,#,^,.,%,.,.,%,#,^,#,%,.,.,.,.,%,.,#,#,#,.,#,#,.,.,%,#,#,^,#,.,#,.,.,.,#,.,.,.,.,.,.,.,#,#,.,.,.,#,#,.,#,^,#,.,%,.,.,^,.,.,#,#,#,%,#,#,.,.,%,#,#,.,#,.,#,^,.,.,#,.,%,.,^,.,.,.,#,#,.,%,.,#,#,^,^,%,.,.,.,%,.,^,.,.,#,#,#,%,#,#,#,.,%,.,#,#,.,.,.,#,.,.,.,.,^,.,.,.,.,.,#,#,^,.,#,%,%,^,^,#,.,.,#,#,#,#,^,.,#,^,#,^,#,#,^,#,#,#,^,.,#,#,#,.,.,%,^,.,.,.,#,.,#,.,#,#,%,.,#,^,.,%,.,#,^,.,#,#,#,#,^,.,#,%,P,.,#,#,#,^,.,.,#,#,.,.,.,#,^,.,^,%,%,.,#,^,#,.,#,#,.,#,.,#,.,.,.,%,.,.,^,^,%,%,%,.,%,.,.,.,#,#,.,#,^,#,.,.,.,#,#,#,%,#,.,#,.,#,S,#,%,#,#,#,.,^,.,%,%,^,.,%,.,^,.,#,.,#,%,#,%,#,%,#,#,#,.,#,^,#,.,#,#,#,.,.,.,#,.,#,.,#,.,#,.,#,#,#,.,#,.,#,.,.,.,.,.,%,.,#,.,#,.,%,.,.,.,%,#,#,#,#,#,#,#,#,#,#,#,#,#,#,#,#,#,#,#,#,#,#,#,
18,#,#,#,#,#,#,#,#,#,#,#,#,#,#,#,#,#,#,#,#,#,#,#,.,%,.,.,%,^,#,#,#,.,%,.,.,%,.,%,#,#,#,.,#,#,%,#,#,#,#,.,%,.,.,.,%,#,^,#,%,^,^,.,.,.,#,#,.,.,^,^,^,^,#,#,#,.,.,#,.,#,.,.,#,#,#,F,#,#,.,#,#,#,#,S,.,.,.,.,.,#,.,#,.,.,^,.,.,^,#,#,%,.,^,.,^,%,#,#,#,.,%,#,.,#,.,.,#,#,#,^,#,#,^,.,.,^,.,#,#,.,.,.,.,.,.,.,^,^,.,^,.,.,#,#,.,.,#,%,^,#,#,.,^,^,%,%,.,%,.,^,.,.,#,#,#,#,.,.,.,%,%,#,#,.,.,^,.,.,#,^,.,.,.,%,#,#,#,#,.,.,#,.,^,#,#,.,.,%,.,^,.,^,.,.,.,.,#,#,#,#,%,.,%,.,%,.,.,^,^,%,%,%,^,.,%,.,.,.,#,#,#,#,^,#,.,#,^,#,^,.,^,#,.,.,%,.,^,%,#,.,#,.,#,#,.,#,%,#,.,^,.,#,.,.,.,#,^,#,.,.,#,.,#,.,#,#,.,.,.,.,.,.,#,#,#,%,^,#,.,#,.,.,^,.,.,.,#,#,^,#,.,#,.,.,^,#,.,.,.,#,.,#,^,.,#,^,#,%,#,#,.,P,^,#,^,#,%,.,.,#,.,.,^,.,.,.,#,.,#,.,#,#,#,^,.,.,#,.,^,.,.,^,%,%,.,.,.,.,.,.,.,%,#,#,.,%,#,.,.,.,%,.,#,#,#,#,%,%,.,#,#,#,.,.,#,#,%,#,#,#,^,.,.,.,#,#,#,#,.,.,.,.,.,.,^,%,#,#,.,%,#,.,.,.,.,%,#,#,#,#,.,^,.,.,%,#,#,#,#,#,#,^,.,.,#,.,^,%,#,#,#,#,.,.,%,.,^,.,%,.,#,#,#,#,#,#,#,#,#,#,#,#,#,#,#,#,#,#,#,#,#,#,#,
19,#,#,#,#,#,#,#,#,#,#,#,#,#,#,#,#,#,#,#,#,#,#,#,.,^,.,#,#,.,.,.,.,.,.,.,.,.,.,.,.,.,.,.,#,#,.,.,.,#,#,%,#,%,#,.,.,.,#,.,.,.,.,#,#,#,#,#,%,^,^,#,#,.,#,%,#,^,.,.,^,^,%,.,%,.,.,%,#,#,.,.,.,#,#,^,#,.,#,.,^,%,#,.,%,#,#,#,.,.,#,#,%,.,.,%,.,.,%,.,^,.,^,^,%,.,.,^,.,.,.,.,#,#,#,.,.,.,#,.,.,.,.,^,#,#,%,.,.,#,#,.,^,.,#,#,.,.,#,.,.,#,#,#,#,.,#,P,.,.,.,#,#,.,^,.,#,#,.,#,#,#,.,.,.,%,^,%,#,#,.,.,.,#,#,.,.,.,#,#,.,%,#,.,.,#,#,#,#,.,#,#,.,.,^,#,#,%,^,^,#,#,#,.,^,.,#,.,.,^,.,.,^,.,.,.,.,^,.,.,%,%,#,#,.,#,.,#,%,.,.,%,%,.,.,^,.,#,#,.,.,%,^,.,#,#,^,#,.,#,.,#,#,.,.,.,.,.,.,#,#,%,#,.,#,^,#,#,.,.,.,.,.,#,#,%,.,.,.,.,^,#,#,.,#,.,#,.,#,#,^,#,^,#,^,#,#,.,.,.,.,.,.,#,#,.,#,.,#,.,#,#,^,#,.,#,.,#,#,.,^,.,.,.,.,.,.,.,%,.,.,%,#,#,#,#,S,#,#,^,.,.,^,.,.,^,.,.,.,.,.,.,.,%,#,#,#,#,^,#,#,.,#,^,#,%,.,#,%,#,.,#,#,#,.,.,#,#,.,.,F,.,.,.,#,.,#,.,^,#,.,#,%,.,.,%,^,%,#,#,#,#,^,#,#,.,#,%,#,.,%,#,%,#,%,%,.,#,#,#,#,#,#,#,%,#,#,^,#,^,#,^,.,^,.,^,.,%,.,.,.,^,#,#,#,#,#,#,#,#,#,#,#,#,#,#,#,#,#,#,#,#,#,#,#,
20,#,#,#,#,#,#,#,#,#,#,#,#,#,#,#,#,#,#,#,#,#,#,#,#,^,.,.,#,.,^,^,.,^,.,.,.,#,#,^,%,.,.,^,#,#,%,.,#,.,^,#,.,#,.,#,.,.,^,#,#,#,#,#,^,%,#,#,.,#,#,#,.,#,%,#,.,#,.,.,.,#,#,.,%,.,.,.,#,#,%,.,#,%,.,#,.,#,.,#,.,.,%,#,#,^,.,#,#,#,#,#,#,%,.,%,#,^,.,.,.,%,.,.,.,.,.,.,.,.,%,%,#,#,.,.,%,.,.,#,.,^,.,#,.,^,.,#,#,%,.,^,.,.,#,#,^,.,#,#,#,.,^,#,.,.,%,^,.,#,#,.,#,#,#,#,#,#,.,.,.,.,.,.,#,#,#,^,^,^,.,#,#,.,^,^,%,^,#,#,#,#,#,.,%,.,%,#,.,.,.,.,.,#,#,.,#,P,#,#,#,#,.,.,.,.,.,#,%,^,^,#,.,.,%,.,.,.,.,.,.,^,#,#,.,.,.,.,.,#,#,^,#,#,.,#,#,#,.,.,#,#,#,.,#,#,.,#,%,#,%,#,#,.,#,#,%,%,.,.,.,%,.,.,%,.,#,#,.,#,.,#,^,.,.,.,.,.,%,#,#,#,%,^,#,#,#,.,#,#,%,#,.,#,.,#,#,.,#,#,^,.,.,.,.,^,^,.,.,.,#,#,.,.,.,.,.,#,#,%,#,#,.,#,#,#,.,.,#,#,#,%,#,#,^,.,.,.,^,#,#,^,^,.,^,#,%,#,^,.,.,^,.,^,#,#,^,.,.,.,^,#,#,.,.,%,.,#,.,#,^,#,#,.,^,.,#,#,^,.,#,%,^,#,#,S,.,.,^,F,^,.,^,#,#,.,%,.,#,#,.,%,^,.,.,#,#,.,.,.,.,#,.,#,.,#,#,.,.,.,#,#,.,.,.,.,.,.,.,.,%,.,%,#,.,#,^,#,#,.,.,.,#,#,#,#,#,#,#,#,#,#,#,#,#,#,#,#,#,#,#,#,#,#,#,
21,#,#,#,#,#,#,#,#,#,#,#,#,#,#,#,#,#,#,#,#,#,#,#,.,.,.,^,.,.,^,%,%,.,.,#,.,#,%,.,#,^,#,.,#,#,#,#,#,#,^,.,.,#,#,#,.,#,%,#,%,^,#,.,#,.,#,#,.,%,.,%,%,.,^,.,%,^,%,#,%,#,.,.,#,.,#,.,#,#,#,#,#,#,.,#,#,#,%,%,^,#,.,#,.,^,#,%,#,.,#,#,.,.,.,%,.,%,.,^,.,.,.,.,.,^,%,.,.,^,.,.,#,#,%,#,#,#,.,^,.,.,.,.,.,.,^,%,.,.,#,#,#,%,#,#,.,.,%,%,.,.,%,#,#,#,#,.,#,.,#,.,.,.,^,^,#,#,^,#,#,#,.,.,%,.,.,.,#,.,#,.,#,.,#,#,P,.,#,#,.,%,^,%,%,#,#,#,.,.,#,^,#,.,#,^,.,.,.,.,#,#,.,#,#,#,^,.,.,.,.,.,%,.,.,.,.,.,#,#,#,.,#,#,.,.,.,.,.,.,^,.,.,^,.,#,.,#,.,.,%,.,.,%,#,#,%,%,#,.,.,.,.,#,.,.,%,#,.,#,.,#,#,.,^,.,#,#,.,.,%,.,.,.,.,.,^,%,%,.,.,.,.,#,#,^,.,^,#,#,.,^,#,.,.,%,.,#,%,.,.,#,^,#,.,#,#,%,.,.,#,#,^,^,.,.,^,%,.,.,.,.,.,#,.,#,%,#,#,.,.,.,#,#,.,#,.,#,^,.,.,.,#,#,.,.,^,.,.,.,.,^,.,.,#,#,%,#,.,#,.,.,S,.,#,#,.,#,.,#,^,%,#,.,#,.,#,#,^,^,.,^,^,.,.,.,#,#,.,#,%,#,.,.,#,.,#,.,#,#,.,#,%,#,^,.,^,.,#,#,.,#,.,#,%,.,#,.,#,.,#,#,.,#,%,#,^,.,.,^,^,%,.,F,.,^,.,.,#,^,#,.,#,#,#,#,#,#,#,#,#,#,#,#,#,#,#,#,#,#,#,#,#,#,#,
22,#,#,#,#,#,#,#,#,#,#,#,#,#,#,#,#,#,#,#,#,#,#,#,.,#,.,#,^,.,%,.,.,.,.,.,.,.,.,#,#,.,#,#,#,#,%,#,.,#,.,#,#,.,.,.,.,#,.,#,.,#,#,.,#,#,#,#,.,.,.,^,.,#,#,%,.,^,.,#,.,#,.,.,.,.,%,.,#,#,.,#,.,#,.,#,#,.,^,%,.,#,.,#,^,#,#,%,#,#,#,#,.,#,.,#,.,#,#,^,%,.,^,#,^,#,^,#,#,.,#,#,#,#,.,.,^,.,.,.,.,.,.,.,^,.,.,#,#,.,.,.,.,.,#,#,#,#,#,.,%,.,.,#,.,%,^,.,%,#,#,.,.,#,#,#,#,#,^,.,.,.,.,.,%,.,^,.,.,^,.,#,#,.,.,.,.,.,#,#,%,.,#,#,#,^,%,#,.,.,.,.,.,#,#,#,#,#,.,^,#,#,.,^,.,.,.,%,.,.,.,.,.,%,^,%,.,.,^,.,^,%,#,#,.,.,.,.,.,^,#,#,#,%,.,#,.,#,.,.,.,.,%,.,#,#,.,.,#,#,#,%,.,.,.,.,%,#,.,P,.,.,.,%,#,#,#,#,.,.,.,.,%,.,#,#,#,.,.,.,%,^,.,.,^,.,#,#,#,#,#,#,#,.,.,.,.,.,%,^,.,#,.,#,^,.,^,.,#,#,#,#,^,%,.,.,.,.,#,#,#,.,.,#,^,#,.,.,^,.,#,#,#,#,.,#,.,#,%,.,#,%,#,.,.,#,.,#,^,.,.,.,.,.,#,#,%,#,%,#,.,.,#,%,#,.,%,#,%,#,.,.,.,#,.,.,#,#,^,.,^,%,.,^,#,.,#,%,.,.,.,.,%,%,%,^,.,.,#,#,.,#,.,#,.,S,#,.,#,.,.,#,%,#,%,%,.,#,.,^,#,#,.,#,.,#,%,F,.,%,.,.,.,#,.,#,.,.,.,%,.,.,#,#,#,#,#,#,#,#,#,#,#,#,#,#,#,#,#,#,#,#,#,#,#,
23,#,#,#,#,#,#,#,#,#,#,#,#,#,#,#,#,#,#,#,#,#,#,#,%,.,.,.,.,.,.,.,.,.,^,.,.,#,#,#,%,.,.,#,#,#,%,.,%,.,.,.,#,.,#,.,.,%,^,#,#,^,^,#,%,^,#,#,.,%,#,%,.,%,#,%,#,^,.,^,.,#,#,%,#,#,#,.,#,#,%,.,.,.,.,^,P,.,#,.,.,.,.,#,#,.,%,#,.,.,#,#,.,%,^,.,.,.,#,%,#,^,.,.,.,.,^,#,%,.,^,#,#,#,#,#,.,#,#,.,#,%,#,F,.,.,^,.,.,^,.,^,.,.,#,#,#,#,.,#,#,.,#,.,#,.,.,^,^,#,#,#,#,#,#,.,#,#,.,.,.,%,%,.,%,%,^,.,.,.,.,#,#,.,.,.,.,.,#,#,#,#,.,#,#,.,#,%,#,^,%,^,.,#,#,#,#,#,#,%,#,#,#,#,.,#,#,.,#,.,#,.,.,%,.,#,#,.,.,.,.,^,#,#,%,.,.,.,.,.,.,.,.,^,.,.,^,#,#,.,#,%,#,.,#,#,%,#,#,#,#,#,#,#,#,.,.,.,.,#,#,.,#,.,#,.,#,#,.,.,.,^,.,.,.,.,.,.,%,.,.,#,#,.,#,%,#,.,#,#,%,#,#,#,#,#,#,#,#,%,.,.,.,#,#,.,#,.,#,.,#,#,^,.,.,.,^,.,%,%,^,.,.,.,.,.,.,.,.,^,.,%,#,#,^,.,.,.,.,.,#,#,#,.,#,.,S,.,#,#,#,%,#,#,#,#,^,#,^,#,^,^,.,.,.,%,%,.,#,^,%,#,#,.,#,#,#,#,%,#,.,#,^,.,#,#,#,.,^,#,#,#,.,%,.,.,%,.,#,#,.,#,.,#,^,.,%,^,%,%,.,.,#,^,.,#,#,.,#,#,#,#,^,#,.,#,.,.,#,#,#,%,#,.,^,.,#,#,#,.,#,#,#,#,#,#,#,#,#,#,#,#,#,#,#,#,#,#,#,#,#,#,#,#,#,
24,#,#,#,#,#,#,#,#,#,#,#,#,#,#,#,#,#,#,#,#,#,#,#,%,.,.,.,.,.,.,^,.,.,.,.,.,^,.,.,#,.,#,^,#,#,#,#,#,#,.,.,.,.,#,#,^,P,#,#,#,.,#,^,#,.,#,#,%,^,.,^,.,^,.,.,#,#,.,.,.,.,%,.,.,.,.,^,#,#,#,#,#,#,.,.,^,.,#,#,.,#,#,#,#,.,#,.,#,.,#,#,^,.,^,.,.,.,.,.,#,#,.,.,.,.,.,^,#,.,#,.,#,#,.,%,.,#,#,#,#,.,#,#,.,#,#,#,.,^,.,%,.,.,#,#,.,.,.,#,#,#,#,.,#,#,%,.,.,^,%,#,#,^,.,.,#,#,.,.,.,#,#,%,.,.,.,%,.,#,#,#,.,#,#,S,.,.,#,#,.,.,.,#,#,#,#,.,#,#,.,^,.,^,^,#,#,^,.,.,#,#,.,%,^,.,.,#,#,%,#,#,^,#,#,#,.,#,#,.,%,.,#,#,.,^,.,%,^,#,.,.,^,#,.,.,.,.,%,.,^,.,.,^,#,#,#,#,#,#,^,%,.,#,.,%,#,.,#,.,#,#,.,#,^,#,#,#,.,F,.,.,%,%,#,#,#,.,#,.,#,.,#,#,.,#,.,#,#,#,#,#,#,#,%,.,.,#,.,.,#,.,#,.,#,#,.,#,^,#,#,#,%,.,^,^,%,#,.,^,%,#,.,.,.,.,^,^,.,.,.,.,#,#,#,#,^,#,#,.,#,%,#,^,.,.,.,.,.,.,.,^,.,^,#,#,#,#,.,#,#,.,#,^,#,.,^,^,.,#,#,.,#,#,#,#,#,#,%,.,%,%,.,.,%,^,^,.,^,.,.,#,#,.,^,.,.,.,#,#,#,#,.,#,#,.,#,.,#,.,.,^,.,#,#,.,#,#,#,#,#,#,#,#,.,#,#,.,#,.,#,%,%,%,^,#,#,.,.,.,.,%,#,#,#,#,#,#,#,#,#,#,#,#,#,#,#,#,#,#,#,#,#,#,#,
25,#,#,#,#,#,#,#,#,#,#,#,#,#,#,#,#,#,#,#,#,#,#,#,^,F,.,.,%,#,#,.,.,%,.,.,.,^,^,#,#,%,#,#,#,#,.,.,%,#,#,#,#,.,.,^,^,S,.,#,#,#,#,.,#,#,#,#,.,.,.,#,#,#,#,^,^,%,.,.,.,#,#,.,.,.,.,.,#,#,.,.,.,#,#,#,#,.,.,^,.,.,.,#,#,#,#,.,#,#,#,#,.,.,^,#,#,.,%,.,.,.,.,.,%,#,#,#,#,.,#,#,#,#,.,#,.,#,.,.,#,#,#,.,.,.,.,.,.,#,#,.,.,.,#,#,%,#,.,#,.,.,^,.,^,%,%,.,#,#,#,#,#,%,.,.,#,#,.,#,^,#,.,.,#,#,#,.,%,.,.,.,%,#,#,^,.,.,#,#,%,#,.,#,.,.,.,.,.,.,#,P,#,^,.,#,#,.,.,.,#,#,%,.,%,.,.,.,#,#,#,.,.,%,.,.,^,.,%,.,.,%,#,#,^,#,.,#,.,.,#,.,#,.,%,#,.,#,.,#,#,^,#,#,#,#,%,#,.,#,.,%,#,.,#,.,^,#,.,#,.,#,#,%,#,#,#,#,.,.,%,.,%,.,#,.,#,.,.,.,^,.,.,.,.,.,%,.,#,#,^,#,.,#,^,.,#,%,#,.,^,#,%,#,.,#,#,.,#,#,#,#,%,#,.,#,^,.,.,.,.,%,^,#,^,#,.,#,#,%,#,#,#,#,.,%,.,.,.,.,#,.,#,%,%,.,.,.,%,.,.,.,.,.,#,#,.,#,%,#,^,.,#,.,#,.,%,#,#,#,#,^,#,.,#,.,#,#,.,#,.,#,.,^,#,^,#,.,.,.,.,.,.,.,#,.,#,.,#,#,%,#,%,#,.,.,#,^,#,.,.,#,#,#,#,.,#,.,#,%,#,#,%,^,.,.,.,.,.,.,%,.,.,^,.,.,.,%,^,%,^,.,#,#,#,#,#,#,#,#,#,#,#,#,#,#,#,#,#,#,#,#,#,#,#,
26,#,#,#,#,#,#,#,#,#,#,#,#,#,#,#,#,#,#,#,#,#,#,#,.,^,%,^,.,#,#,.,#,#,.,.,.,%,.,.,%,%,.,^,#,#,%,#,#,#,#,#,#,^,#,#,#,#,#,#,%,#,#,#,#,^,#,#,.,.,.,%,F,.,%,%,.,.,.,.,.,.,.,.,^,.,^,^,#,#,.,#,#,#,#,#,#,^,#,P,#,#,#,#,%,#,#,#,#,^,#,#,.,%,.,^,.,#,#,.,#,#,^,.,.,^,.,.,^,.,^,.,#,#,^,.,.,#,#,.,.,%,^,^,.,#,.,#,.,.,^,.,.,.,#,#,.,.,%,#,#,.,#,#,#,#,.,#,^,#,.,.,.,.,.,.,#,#,^,^,.,#,#,.,.,%,.,.,.,#,%,#,^,.,.,#,.,.,#,#,^,^,.,#,#,.,#,#,#,#,^,#,%,#,^,^,.,^,.,.,#,#,.,.,.,.,.,.,.,.,.,.,^,.,^,.,.,.,%,^,^,.,#,#,%,^,.,.,^,.,#,^,#,^,.,.,.,%,.,.,.,.,.,.,#,#,%,#,.,#,.,.,#,^,#,.,.,.,.,%,%,%,#,.,#,.,#,#,^,#,.,#,.,%,#,%,#,%,^,.,#,.,.,.,#,.,#,%,#,#,.,#,.,#,.,^,#,.,#,.,.,.,.,.,.,^,#,%,#,S,#,#,.,#,.,#,%,.,%,.,%,^,.,.,^,^,.,.,.,.,.,%,#,#,.,%,.,.,^,%,.,^,#,#,#,.,%,^,#,.,^,%,.,.,#,#,%,#,.,#,^,.,.,%,#,#,^,^,#,.,.,.,%,#,^,%,#,#,.,#,^,#,.,.,^,.,#,#,.,#,#,#,.,%,.,%,.,.,#,#,.,#,.,#,.,^,.,.,#,#,%,.,#,%,%,%,.,#,.,.,#,#,.,#,.,#,.,.,.,^,.,.,#,%,.,%,#,.,%,.,^,^,#,#,#,#,#,#,#,#,#,#,#,#,#,#,#,#,#,#,#,#,#,#,#,
27,#,#,#,#,#,#,#,#,#,#,#,#,#,#,#,#,#,#,#,#,#,#,#,%,S,^,^,^,.,.,.,.,.,.,%,.,^,.,.,^,%,.,%,#,#,^,#,#,#,#,.,.,#,^,.,%,^,#,^,%,#,#,.,.,.,#,#,^,.,.,.,.,.,.,.,^,.,%,^,^,.,%,#,#,.,.,.,#,#,.,#,#,#,#,%,.,#,^,^,^,.,#,%,.,#,#,.,^,.,#,#,%,.,.,.,.,.,.,.,^,^,.,.,%,.,^,#,#,%,.,.,#,#,.,#,%,#,.,^,.,.,.,%,#,#,.,#,#,.,^,%,.,.,#,#,.,#,.,#,%,^,.,#,#,#,#,#,^,#,#,#,#,#,.,%,#,#,.,.,.,.,.,^,%,.,.,.,%,.,.,.,.,.,^,%,.,.,#,#,.,#,.,#,%,#,#,#,.,.,#,#,%,#,#,.,.,#,#,#,#,#,.,#,.,#,.,.,.,.,^,.,#,#,.,#,#,.,.,.,.,.,#,#,#,#,%,#,#,%,.,.,%,^,%,.,.,.,.,#,#,.,.,.,#,#,P,#,.,#,#,.,#,#,#,#,.,.,.,.,^,#,#,.,%,.,#,#,%,.,.,.,.,%,.,.,.,.,.,.,#,%,.,#,#,^,.,%,#,#,#,#,.,#,#,.,#,#,#,#,.,.,F,.,.,#,#,.,.,.,#,#,#,#,^,#,#,.,.,.,.,.,^,.,.,.,.,^,.,.,.,^,#,#,.,#,#,#,.,.,#,.,#,.,.,.,^,^,.,.,#,%,#,.,#,#,.,.,.,.,.,^,#,.,#,^,.,#,.,#,%,.,#,.,#,^,#,#,.,#,#,#,^,^,.,^,.,^,.,#,^,#,.,%,^,.,%,.,#,#,%,.,^,.,%,%,#,^,#,.,.,#,.,#,.,.,#,%,#,.,#,#,^,#,#,#,^,.,#,.,#,^,.,#,.,#,.,.,#,%,#,.,#,#,#,#,#,#,#,#,#,#,#,#,#,#,#,#,#,#,#,#,#,#,#,
28,#,#,#,#,#,#,#,#,#,#,#,#,#,#,#,#,#,#,#,#,#,#,#,%,%,.,.,^,^,#,^,#,^,.,.,.,.,.,.,.,.,%,.,#,#,.,.,^,.,.,.,#,.,#,.,%,^,#,.,.,%,^,#,.,.,#,#,.,.,#,.,.,.,#,%,#,.,.,F,^,.,^,.,.,.,%,^,#,#,%,.,.,.,.,.,#,.,#,.,%,^,#,.,^,.,.,#,.,.,#,#,%,.,^,S,.,.,^,.,^,.,.,.,.,%,.,%,.,.,%,.,#,#,.,%,%,%,^,%,%,%,.,^,#,#,.,^,.,.,.,.,%,%,#,#,#,.,#,^,#,.,#,.,#,^,#,#,%,%,.,.,.,#,#,#,#,#,#,.,#,^,#,.,#,%,#,.,#,#,.,.,.,.,.,.,^,%,#,#,#,^,#,.,#,%,#,.,#,^,#,#,.,.,.,#,#,#,.,.,#,#,.,.,%,.,%,.,.,.,^,.,.,%,^,.,.,^,%,^,.,.,#,#,#,.,%,^,#,.,.,%,.,%,.,#,.,#,%,#,#,^,%,.,#,#,.,.,#,.,.,.,.,^,.,^,.,#,.,#,%,P,#,.,.,.,#,#,%,#,#,#,^,.,.,#,.,.,.,.,%,.,^,#,#,.,%,.,#,#,^,^,#,.,.,.,.,%,^,.,.,#,.,#,%,#,#,%,.,.,#,#,#,.,^,.,#,.,%,^,.,.,.,#,.,#,.,.,%,.,.,.,#,#,.,#,#,#,^,#,#,.,.,%,.,.,%,^,%,#,.,.,^,#,#,#,%,.,.,.,.,#,#,%,%,^,#,#,.,.,.,.,%,#,%,%,#,#,.,#,#,#,^,#,#,^,.,.,#,#,.,^,.,.,#,#,#,%,#,#,%,.,.,.,.,#,#,.,.,.,#,#,.,.,^,.,.,#,.,.,#,#,%,#,#,#,%,^,^,.,^,.,#,#,.,.,.,#,.,.,.,#,#,#,#,#,#,#,#,#,#,#,#,#,#,#,#,#,#,#,#,#,#,#,#,
29,#,#,#,#,#,#,#,#,#,#,#,#,#,#,#,#,#,#,#,#,#,#,#,#,#,^,.,.,^,.,.,.,.,.,%,.,%,.,.,%,.,.,.,#,#,#,#,^,.,.,^,#,^,#,^,#,.,#,%,#,.,.,#,#,#,#,#,#,#,.,.,.,%,#,%,#,.,#,.,#,.,#,.,.,%,^,%,#,#,#,#,%,^,.,.,#,.,#,.,#,%,#,.,#,#,#,#,.,.,#,#,^,.,^,.,%,.,.,^,.,.,^,^,%,^,^,.,.,%,.,.,#,#,.,#,#,#,%,.,.,.,.,.,.,.,^,.,%,%,^,.,.,.,#,#,.,.,^,.,%,#,#,#,#,.,.,#,#,#,#,.,.,.,.,.,#,#,.,#,#,#,%,.,^,.,.,.,^,.,%,.,.,.,%,#,.,.,#,#,^,.,.,.,.,#,P,#,#,%,.,#,#,#,#,.,.,%,.,.,#,#,^,#,#,#,.,.,^,.,.,.,.,%,%,.,.,.,.,.,%,.,#,#,#,.,.,.,#,%,.,^,.,.,.,^,.,.,.,.,#,#,#,%,#,#,.,%,#,.,.,#,.,#,.,#,#,#,#,#,^,.,.,.,.,.,#,#,.,#,#,#,.,#,.,#,.,#,.,.,.,.,^,.,#,#,#,.,#,#,^,.,#,^,%,#,.,#,%,#,#,#,#,#,.,.,^,%,.,.,#,#,#,.,^,.,#,%,^,.,.,%,.,.,.,.,S,^,#,#,#,.,#,#,^,^,%,.,%,.,#,#,#,.,^,.,.,^,.,^,#,^,#,.,#,#,.,#,^,#,.,%,^,.,%,.,^,#,#,#,#,.,#,.,#,^,#,#,.,#,%,#,%,.,#,#,#,.,^,%,.,.,^,.,#,F,#,%,#,#,.,#,.,#,.,.,.,.,%,.,%,#,#,#,#,.,#,.,#,.,#,#,.,#,.,#,.,%,#,#,#,^,.,%,%,.,.,.,%,.,^,.,#,#,#,#,#,#,#,#,#,#,#,#,#,#,#,#,#,#,#,#,#,#,#,
30,#,#,#,#,#,#,#,#,#,#,#,#,#,#,#,#,#,#,#,#,#,#,#,.,#,%,#,.,.,#,#,#,.,#,.,.,.,#,.,.,^,.,%,#,#,.,#,F,#,%,.,.,.,.,.,%,.,#,.,.,.,.,#,#,#,#,#,.,#,.,#,^,.,#,#,#,.,%,#,#,#,.,.,.,.,.,.,#,#,.,#,.,#,.,.,%,.,.,.,^,.,#,.,^,#,#,#,.,.,#,#,.,%,^,%,.,.,#,#,#,.,#,.,.,.,#,^,.,.,.,%,#,#,.,#,#,#,.,^,^,^,.,.,.,.,.,.,^,#,#,%,%,.,#,#,^,%,%,.,^,^,%,%,.,%,%,.,.,%,.,#,#,.,.,.,#,#,^,#,#,#,.,%,.,#,.,^,.,.,#,^,^,#,#,.,%,.,#,#,^,.,%,.,%,%,^,.,%,.,.,.,.,.,.,#,#,%,.,.,#,#,.,#,#,#,.,.,^,.,S,.,.,.,%,.,^,%,.,.,.,.,#,#,.,^,.,.,.,.,.,.,.,%,.,.,.,.,.,%,.,^,.,.,#,#,.,%,#,#,#,#,^,#,.,#,%,#,%,#,.,#,#,#,#,.,#,#,%,%,^,.,^,#,.,#,.,#,.,#,.,#,.,^,%,%,.,.,#,#,#,#,#,.,.,#,.,#,.,#,^,#,.,#,.,#,#,#,#,.,#,#,^,.,%,%,.,^,^,%,.,^,.,#,.,#,^,.,.,%,.,.,#,#,%,.,.,.,.,.,^,.,.,^,%,%,%,.,.,^,^,%,.,.,#,#,.,#,^,#,.,#,#,#,#,.,.,#,.,#,.,.,#,#,#,#,#,#,.,#,.,#,.,%,.,%,.,.,^,#,.,#,.,%,.,.,.,.,#,#,^,P,.,#,^,#,#,#,#,.,.,#,.,#,.,^,#,#,#,#,#,#,.,^,.,.,%,^,%,^,.,.,^,^,.,%,%,^,%,^,.,.,#,#,#,#,#,#,#,#,#,#,#,#,#,#,#,#,#,#,#,#,#,#,#,
31,#,#,#,#,#,#,#,#,#,#,#,#,#,#,#,#,#,#,#,#,#,#,#,%,.,.,%,^,^,.,.,.,.,%,#,.,#,.,^,^,.,.,^,#,#,.,#,%,#,.,.,%,#,#,#,^,#,^,#,.,#,#,#,.,^,#,#,^,#,.,#,%,.,^,%,^,%,^,.,%,.,^,.,.,.,^,.,#,#,.,#,.,#,.,#,#,#,.,.,^,#,.,#,^,%,.,#,#,#,#,#,^,#,.,#,.,.,^,%,.,.,^,#,.,#,.,%,%,%,.,.,#,#,^,#,#,#,%,.,.,.,%,.,%,.,.,.,.,^,%,%,%,^,#,#,.,.,.,.,.,^,#,#,#,#,#,.,#,.,#,^,.,#,^,.,#,#,^,#,#,#,^,.,.,^,.,.,#,.,P,.,#,.,^,^,.,^,#,#,.,.,.,.,.,.,#,#,#,#,#,.,#,F,#,.,^,#,.,^,#,#,.,#,#,#,.,%,%,%,.,^,.,.,%,.,%,.,.,%,%,%,#,#,#,%,%,^,#,%,.,%,#,#,.,%,%,^,^,#,#,.,#,#,#,#,.,.,#,.,.,^,%,.,#,#,#,#,#,.,.,#,#,%,#,#,#,#,^,#,#,#,.,%,.,.,#,#,%,.,%,^,.,.,%,%,^,^,#,#,.,^,#,%,%,.,.,.,#,#,.,.,#,#,#,#,#,^,#,#,#,#,#,.,.,.,#,.,.,%,.,.,.,%,.,^,^,#,#,.,#,#,#,#,.,.,%,%,.,%,#,.,#,%,.,^,^,.,%,.,.,.,.,.,#,#,#,#,S,.,.,.,#,^,#,.,#,#,#,#,.,#,^,#,.,#,#,#,#,#,.,%,%,.,#,%,#,.,.,.,%,.,.,#,^,#,%,#,#,#,#,#,.,.,%,.,#,%,#,%,#,#,#,#,.,#,.,#,.,#,#,#,#,#,.,^,^,.,.,.,.,^,.,.,.,.,.,%,.,.,.,^,#,#,#,#,#,#,#,#,#,#,#,#,#,#,#,#,#,#,#,#,#,#,#,
32,#,#,#,#,#,#,#,#,#,#,#,#,#,#,#,#,#,#,#,#,#,#,#,^,#,.,#,.,.,%,.,.,.,^,.,.,%,^,%,.,%,^,.,#,#,.,#,.,#,.,#,#,^,^,%,%,.,.,.,^,.,#,.,#,.,#,#,.,#,.,#,.,#,#,^,.,.,%,.,#,.,.,%,#,.,#,.,#,#,^,#,.,#,.,#,#,.,.,.,%,^,.,^,.,%,P,.,#,^,#,#,.,%,.,^,.,#,#,.,%,.,%,%,.,.,^,^,#,.,#,.,#,#,%,.,.,.,.,.,^,.,.,^,^,#,^,#,^,.,.,%,.,.,#,#,#,.,#,.,#,#,#,#,#,.,^,#,.,#,%,#,#,#,#,.,#,#,#,^,#,.,#,.,.,.,.,%,%,.,.,.,.,^,%,.,%,.,#,#,#,.,#,.,#,#,#,#,#,%,.,#,.,#,%,#,#,#,#,.,#,#,.,.,.,.,.,^,.,.,^,.,.,#,.,#,^,.,.,.,.,.,#,#,.,.,%,.,^,.,#,.,#,.,.,F,.,#,#,.,%,%,^,.,#,#,.,#,.,#,.,.,#,.,#,^,^,.,.,#,#,.,^,.,%,.,#,#,.,#,.,#,.,.,#,%,#,.,%,%,.,#,#,.,.,#,^,^,#,#,.,#,.,#,^,.,#,.,#,^,S,.,.,#,#,^,.,.,.,%,#,#,%,#,.,#,.,%,%,.,%,^,%,%,.,%,%,%,.,%,.,.,#,#,#,#,.,#,#,%,^,.,.,^,.,.,.,.,.,.,.,%,%,^,#,#,#,#,.,#,#,#,#,#,#,.,#,#,#,.,.,#,#,%,.,.,#,#,.,.,.,^,.,.,.,.,.,.,.,.,^,.,.,#,#,.,.,%,#,#,#,#,^,#,#,#,#,#,#,.,.,.,#,#,#,#,#,^,.,.,#,#,#,#,%,#,#,^,^,.,.,^,.,.,%,.,.,#,#,.,.,.,#,#,#,#,#,#,#,#,#,#,#,#,#,#,#,#,#,#,#,#,#,#,#,
33,#,#,#,#,#,#,#,#,#,#,#,#,#,#,#,#,#,#,#,#,#,#,#,^,.,^,.,%,^,.,.,.,.,^,.,.,.,.,^,%,.,.,.,#,#,.,#,#,#,#,#,#,#,#,.,#,^,#,.,#,#,#,.,.,.,#,#,.,.,.,^,.,.,.,.,.,%,#,.,#,.,#,#,#,.,.,.,#,#,.,#,#,#,#,#,#,#,#,.,#,.,#,%,#,#,#,.,.,.,#,#,^,.,.,%,.,%,%,.,.,.,%,^,^,^,.,#,#,.,.,.,#,#,.,.,.,#,#,.,^,.,.,.,#,.,.,.,#,.,^,.,.,.,#,#,.,.,.,#,#,^,#,.,#,.,.,.,#,.,%,.,#,%,#,.,#,#,%,.,%,#,#,.,#,%,#,.,%,#,#,#,.,.,#,.,#,.,#,#,.,^,.,#,#,%,#,S,#,.,.,.,#,.,.,.,#,^,#,^,#,#,.,^,.,.,^,.,#,^,#,.,#,%,.,.,#,.,%,.,.,.,#,#,.,^,%,#,#,.,.,.,.,.,.,#,#,#,.,#,#,.,.,%,#,#,%,.,%,#,#,%,#,#,P,#,.,.,%,.,^,#,#,.,.,^,#,#,^,^,%,#,#,^,.,.,.,.,.,#,#,#,^,#,#,.,^,.,#,#,.,%,^,#,#,%,#,#,#,#,.,.,%,.,%,#,#,^,.,.,#,#,.,^,.,.,.,^,.,.,.,.,.,#,#,#,.,.,.,.,.,.,#,#,F,#,.,#,^,.,#,^,#,.,.,.,.,#,#,.,.,.,.,.,#,#,%,#,.,#,.,.,#,.,#,.,%,.,.,#,#,#,.,#,.,#,#,#,^,.,^,.,.,%,.,^,%,.,.,.,.,#,#,#,.,#,.,#,#,#,%,#,.,#,.,.,#,.,#,^,.,.,.,#,#,#,.,#,.,#,#,#,.,#,.,#,.,^,#,.,#,.,^,.,.,.,.,.,.,.,%,.,#,#,#,#,#,#,#,#,#,#,#,#,#,#,#,#,#,#,#,#,#,#,#,
34,#,#,#,#,#,#,#,#,#,#,#,#,#,#,#,#,#,#,#,#,#,#,#,^,%,^,%,.,^,%,.,.,.,.,#,.,#,.,%,%,.,^,.,#,#,#,#,#,#,%,#,%,#,.,#,.,#,.,#,.,#,#,.,.,.,#,#,^,.,%,.,^,#,.,#,.,#,S,%,.,.,.,#,#,%,.,.,#,#,#,#,#,#,.,#,.,#,.,#,^,#,^,#,^,#,#,.,.,.,#,#,.,^,.,.,.,.,^,^,.,.,.,#,^,#,.,#,#,.,.,.,#,#,^,%,.,.,%,.,^,^,%,.,%,.,^,^,.,^,.,.,.,.,#,#,#,#,.,^,.,.,#,.,#,.,%,#,^,#,%,.,#,%,#,^,#,#,#,#,%,%,%,%,#,.,#,^,^,#,%,#,.,.,#,%,#,.,#,#,#,#,%,^,%,.,#,%,#,.,.,#,.,#,.,%,#,%,#,%,#,#,#,#,%,.,^,.,#,%,#,.,.,#,%,#,.,.,#,^,#,%,#,#,.,%,^,.,.,^,.,%,.,.,.,.,.,^,.,%,%,.,%,%,#,#,^,#,#,#,#,.,.,.,#,#,.,%,.,%,.,%,#,^,#,.,#,#,^,^,.,.,.,.,^,^,#,#,.,.,#,^,^,%,#,.,#,.,#,#,.,#,#,#,#,.,.,.,#,#,.,.,^,%,.,.,#,.,#,^,#,#,.,.,^,%,.,.,.,.,P,#,.,.,.,.,.,.,#,%,#,%,#,#,.,.,.,.,.,^,#,#,#,.,%,.,F,#,#,#,#,.,#,#,#,#,#,.,#,.,#,.,.,.,%,%,.,.,.,#,#,#,#,.,#,#,#,#,#,.,#,.,#,.,#,#,#,%,.,.,.,#,#,.,.,%,.,%,#,#,#,^,#,.,#,^,.,^,.,.,^,^,%,#,#,#,#,.,#,#,#,#,.,^,^,.,.,.,#,#,#,%,^,.,.,^,.,#,#,.,#,#,#,#,#,#,#,#,#,#,#,#,#,#,#,#,#,#,#,#,#,#,#,#,#,
35,#,#,#,#,#,#,#,#,#,#,#,#,#,#,#,#,#,#,#,#,#,#,#,#,.,%,.,#,^,#,#,#,.,.,%,^,^,.,#,^,S,%,#,#,#,.,.,#,.,.,.,.,^,.,.,#,#,#,#,^,.,.,#,.,.,#,#,.,#,#,#,.,.,#,#,#,.,%,.,.,.,%,^,#,#,#,.,#,#,.,^,#,.,%,.,.,%,.,%,#,#,#,#,.,.,.,#,.,%,#,#,#,.,.,.,#,.,P,#,#,.,.,.,.,.,.,#,.,%,%,#,#,#,.,.,.,.,.,.,#,#,#,^,.,#,.,#,.,.,#,.,#,%,#,#,.,#,#,#,#,%,.,.,.,^,.,#,%,#,.,^,#,.,#,^,#,#,.,.,.,^,^,.,#,#,#,^,^,^,.,.,.,^,.,.,.,%,#,#,.,#,#,#,#,%,.,.,.,^,.,#,.,#,.,%,#,^,#,.,#,#,.,.,^,%,.,.,#,#,#,^,.,#,%,#,.,^,#,.,#,%,#,#,%,.,^,.,%,.,^,.,.,%,%,.,%,^,^,.,^,.,%,.,#,#,#,#,.,^,.,.,.,.,#,#,^,^,#,#,#,^,#,#,#,#,#,#,#,#,.,.,.,.,F,.,#,#,%,%,.,.,.,.,.,.,.,.,#,#,#,#,%,%,.,.,.,.,#,#,#,#,#,.,.,^,#,#,#,#,#,#,#,#,.,.,.,.,^,.,#,#,.,.,.,%,.,.,.,^,^,%,#,#,%,.,%,.,.,%,.,^,^,.,.,.,%,.,^,^,#,%,#,.,#,#,#,%,#,.,#,.,#,.,#,%,#,#,#,#,.,.,#,.,#,.,#,#,#,.,#,.,#,.,#,%,#,^,.,%,.,.,%,^,.,^,.,^,#,#,#,.,#,.,#,.,#,%,#,.,#,#,#,#,.,^,#,^,#,.,#,#,.,.,.,%,.,.,#,.,#,.,.,%,%,.,.,.,#,.,#,.,#,#,#,#,#,#,#,#,#,#,#,#,#,#,#,#,#,#,#,#,#,#,#,
36,#,#,#,#,#,#,#,#,#,#,#,#,#,#,#,#,#,#,#,#,#,#,#,%,.,.,^,.,.,#,#,#,.,.,.,%,^,.,%,.,.,.,%,#,#,%,.,#,#,#,.,.,^,.,^,%,.,#,.,.,#,.,#,.,#,#,#,.,^,.,.,.,.,#,#,#,.,.,.,.,.,.,#,%,#,^,#,#,#,#,#,#,^,.,.,S,.,.,.,^,.,#,%,%,#,.,#,^,#,#,#,^,.,.,^,^,.,#,#,#,.,.,.,^,^,%,^,.,.,.,.,#,#,%,.,.,.,.,.,.,^,%,.,#,#,.,.,.,.,.,.,.,.,#,#,^,.,#,#,#,^,.,.,#,#,#,#,%,%,.,^,#,#,#,#,#,#,.,^,.,%,.,^,.,%,#,#,#,#,.,.,^,.,.,%,.,^,#,#,#,#,#,.,%,.,.,.,#,#,#,#,.,^,.,%,#,#,#,#,#,#,.,%,^,.,.,.,.,^,#,#,.,.,.,.,.,%,^,^,.,.,#,#,.,^,.,%,^,^,.,.,.,^,#,#,.,%,^,.,%,.,^,.,#,#,.,%,P,#,#,.,.,#,.,^,#,#,%,.,%,.,.,.,#,#,#,#,.,.,.,.,^,.,.,.,.,.,#,#,.,^,.,%,.,%,#,#,#,#,#,#,#,.,^,.,.,#,.,%,#,#,.,^,.,.,.,^,#,#,#,#,.,^,^,.,%,^,.,.,.,.,.,^,.,.,^,.,%,.,#,#,#,#,.,#,^,#,.,#,#,.,#,#,^,%,.,.,%,.,.,^,%,^,#,#,%,#,.,#,.,#,#,%,#,#,.,#,.,#,.,%,#,.,#,%,#,#,.,#,^,#,.,.,.,.,.,F,^,#,.,#,%,.,#,^,#,^,#,#,.,#,^,#,^,#,#,.,#,#,%,#,.,#,.,.,#,.,#,.,#,#,.,.,.,.,%,#,#,.,#,#,^,^,.,^,.,.,#,.,#,.,#,#,#,#,#,#,#,#,#,#,#,#,#,#,#,#,#,#,#,#,#,#,#,
37,#,#,#,#,#,#,#,#,#,#,#,#,#,#,#,#,#,#,#,#,#,#,#,.,.,.,^,.,#,#,.,#,#,.,.,^,.,.,^,%,^,.,.,#,#,^,#,#,#,#,P,#,.,#,#,%,%,#,^,.,.,.,.,.,.,#,#,^,%,%,%,.,%,.,.,.,.,^,.,.,%,.,%,.,#,%,.,#,#,%,#,#,#,#,#,#,.,#,#,.,.,#,.,.,^,.,.,.,.,#,#,.,.,.,.,.,#,#,.,#,#,^,.,.,.,%,.,%,.,.,^,#,#,#,#,%,^,.,#,#,%,.,.,%,#,#,#,^,.,.,.,.,%,#,#,#,#,.,.,%,#,#,.,.,.,.,.,%,.,^,.,#,.,#,.,#,#,#,#,.,^,%,#,#,.,.,.,.,#,#,#,.,^,#,.,#,.,#,#,#,#,%,.,%,#,#,.,%,%,^,.,.,^,^,.,#,^,#,.,#,#,.,.,%,.,.,^,.,.,.,%,.,#,#,#,^,.,#,.,#,.,#,#,.,.,.,.,.,.,.,.,%,.,.,#,.,#,.,.,.,.,.,.,#,#,%,.,#,%,.,#,#,#,#,.,%,#,.,#,.,#,#,#,.,.,#,#,%,.,.,.,.,.,.,.,%,.,.,#,^,#,^,.,%,.,^,.,#,#,.,%,#,.,.,#,#,#,#,.,%,#,.,#,.,%,^,#,#,#,#,#,.,.,.,.,.,.,.,.,%,%,%,.,^,^,.,.,.,.,^,.,#,#,.,%,.,^,.,.,.,%,.,.,#,#,.,#,#,.,^,.,.,%,#,#,F,#,.,#,^,#,#,#,.,%,#,#,%,#,#,#,#,.,^,.,#,#,.,#,.,#,.,.,.,.,.,S,.,.,%,^,.,#,#,.,.,.,#,#,.,#,^,#,.,.,.,#,#,#,#,#,.,#,#,#,#,.,%,.,#,#,^,.,.,.,^,^,%,.,.,.,#,#,.,#,#,#,#,.,.,.,#,#,#,#,#,#,#,#,#,#,#,#,#,#,#,#,#,#,#,#,#,#,#,
38,#,#,#,#,#,#,#,#,#,#,#,#,#,#,#,#,#,#,#,#,#,#,#,^,.,.,%,.,#,#,.,.,.,%,.,.,.,%,.,%,.,.,.,#,#,.,%,#,#,#,#,#,.,.,^,%,#,.,#,.,#,#,.,^,.,#,#,%,.,^,^,.,#,#,.,.,%,.,#,.,#,^,#,#,.,.,^,#,#,#,#,#,^,.,#,#,.,.,.,.,#,^,#,%,#,#,^,.,.,#,#,.,.,^,^,.,.,%,.,.,^,%,#,.,#,.,#,#,^,.,.,#,#,.,.,.,.,.,.,.,%,.,.,#,#,.,#,#,.,.,.,.,^,#,#,#,#,P,#,.,#,.,#,.,#,#,#,%,#,#,.,.,^,.,.,#,#,.,.,%,^,.,#,S,#,.,#,.,^,.,%,.,.,.,#,.,.,#,#,#,#,#,#,.,#,.,#,.,#,#,#,.,#,#,.,%,%,%,.,#,#,%,^,.,.,.,%,%,.,.,%,#,#,.,#,#,.,.,.,.,.,#,#,^,.,.,^,.,.,#,#,#,.,.,%,.,.,.,#,%,^,^,#,#,#,.,.,#,#,#,.,.,%,^,%,.,#,#,#,#,^,.,#,.,.,#,#,^,.,.,.,.,.,#,#,#,^,^,%,^,.,.,.,#,#,#,.,#,#,#,#,#,^,^,.,.,.,.,.,.,#,#,#,#,%,^,#,.,%,#,#,%,.,^,.,.,^,#,#,#,.,.,.,.,^,^,#,.,^,%,#,#,#,.,%,%,.,.,.,#,%,#,.,%,#,.,#,.,#,#,.,#,#,#,#,F,#,#,#,#,.,#,^,#,%,.,#,.,#,.,#,#,.,#,#,#,#,.,.,.,.,.,^,.,.,.,^,%,#,%,#,^,.,.,.,^,.,#,#,.,#,#,#,#,.,#,.,#,.,.,#,.,#,.,#,#,%,#,#,#,#,^,.,%,.,.,.,#,^,#,.,%,.,.,^,.,#,#,.,#,#,#,#,#,#,#,#,#,#,#,#,#,#,#,#,#,#,#,#,#,#,#,#,#,
39,#,#,#,#,#,#,#,#,#,#,#,#,#,#,#,#,#,#,#,#,#,#,#,.,.,.,^,.,%,.,.,.,.,.,.,%,.,.,.,^,^,.,.,#,#,#,%,#,%,#,#,#,#,#,.,%,.,#,#,#,.,#,#,#,#,#,#,#,.,#,.,#,^,^,.,.,.,.,%,.,.,.,%,.,.,.,.,#,#,#,.,#,.,#,#,#,#,#,.,#,#,#,.,.,.,#,#,#,#,#,#,^,.,%,.,^,.,%,.,.,^,.,%,.,.,.,.,.,.,.,.,#,#,%,%,.,.,.,.,#,%,#,.,.,%,^,^,.,.,.,.,%,.,#,#,#,#,#,#,.,.,#,.,#,%,#,.,#,.,#,.,#,.,#,%,#,#,%,%,.,.,.,%,%,.,.,^,#,.,#,^,#,.,#,.,#,.,#,#,#,#,#,P,.,.,#,.,#,^,#,.,#,.,#,.,#,.,#,.,#,#,%,^,.,.,^,.,#,^,#,^,^,.,.,.,.,.,.,%,%,.,#,#,#,#,.,.,^,.,%,.,#,#,.,%,.,.,.,F,.,.,.,.,#,#,#,#,%,%,S,.,.,.,#,#,^,%,#,#,#,.,.,^,#,#,#,#,#,#,.,.,^,.,.,.,#,#,.,.,^,^,.,^,^,^,#,#,#,#,#,#,.,.,%,.,.,^,#,#,#,#,#,%,^,.,.,%,#,#,#,#,.,.,.,.,.,.,.,.,.,.,%,^,^,%,.,.,.,.,#,#,#,#,.,.,.,.,^,.,.,.,%,.,%,.,.,.,.,.,.,.,.,^,#,#,.,.,#,.,%,#,.,#,.,#,.,#,.,#,.,#,^,#,.,#,#,#,%,.,.,.,.,#,^,#,.,#,%,#,.,#,.,#,.,#,.,#,#,#,.,.,#,.,^,#,.,#,.,#,.,#,.,#,%,#,.,#,.,#,#,#,%,^,.,.,^,.,%,.,.,.,.,#,.,#,.,.,.,.,^,.,#,#,#,#,#,#,#,#,#,#,#,#,#,#,#,#,#,#,#,#,#,#,#,
40,#,#,#,#,#,#,#,#,#,#,#,#,#,#,#,#,#,#,#,#,#,#,#,^,%,.,.,.,#,.,^,.,#,.,.,.,^,.,.,#,#,#,^,#,#,^,#,#,#,#,.,^,P,.,.,#,#,#,.,.,.,.,.,.,^,#,#,^,S,.,.,.,.,#,#,#,.,.,.,.,.,^,^,#,#,#,^,#,#,.,#,#,#,#,.,.,#,.,.,.,.,#,#,#,.,.,.,.,.,#,#,.,.,.,^,.,#,.,.,%,#,%,.,.,.,.,.,#,#,#,.,#,#,^,.,.,.,.,.,%,.,#,#,^,.,.,.,.,%,%,%,.,.,#,#,^,#,.,#,%,.,.,.,#,#,.,.,.,#,#,.,.,.,%,.,#,#,^,#,.,#,.,^,.,.,#,#,^,.,%,#,#,.,^,#,.,.,#,#,.,#,.,#,.,.,.,.,#,#,.,^,%,#,#,.,.,.,%,%,#,#,^,.,.,.,^,%,^,^,.,.,.,.,.,#,#,.,^,^,%,%,#,#,^,%,.,.,.,.,.,.,.,%,%,#,%,#,.,.,.,.,.,^,#,#,#,.,#,.,#,%,^,#,#,#,.,#,.,#,^,.,^,#,#,#,#,#,#,.,#,.,#,.,%,%,.,%,^,.,.,%,.,.,%,.,.,.,#,#,#,.,#,.,#,#,#,#,F,.,.,#,.,#,%,#,#,#,^,.,#,#,%,.,^,.,^,%,.,.,.,%,^,#,%,#,.,^,^,^,%,.,#,#,#,#,.,%,%,.,^,^,#,#,.,.,.,.,.,#,#,.,.,.,#,#,#,#,^,.,.,.,.,.,#,#,.,.,#,#,#,#,#,.,.,.,#,#,#,#,.,^,^,.,.,^,#,#,.,.,.,.,^,#,#,.,.,.,#,#,#,#,.,^,.,.,.,.,#,#,#,#,#,.,.,#,#,.,.,.,#,#,.,.,%,.,%,.,.,.,.,.,.,%,^,^,%,.,.,%,.,.,#,#,#,#,#,#,#,#,#,#,#,#,#,#,#,#,#,#,#,#,#,#,#,
41,#,#,#,#,#,#,#,#,#,#,#,#,#,#,#,#,#,#,#,#,#,#,#,.,.,.,^,.,.,#,#,#,.,#,.,.,%,#,.,%,.,.,.,#,#,.,#,^,#,.,.,.,.,.,%,%,.,#,^,.,.,^,.,.,.,#,#,^,#,.,#,.,.,#,#,#,^,.,#,#,#,.,.,^,#,.,.,#,#,.,#,.,#,.,.,^,.,.,.,^,.,#,^,^,.,.,.,%,.,#,#,.,.,%,^,.,.,#,#,#,^,#,.,.,^,#,.,.,.,%,.,#,#,S,^,.,.,.,%,.,.,.,%,%,.,%,.,.,#,#,%,#,#,#,#,%,.,.,#,#,#,^,#,.,#,%,#,%,#,.,#,#,%,#,#,#,#,.,.,.,#,#,#,.,#,%,#,%,#,^,#,%,%,.,^,^,.,#,#,.,.,.,#,#,#,.,#,.,#,.,#,^,#,^,#,P,.,#,#,#,#,.,.,%,#,#,%,.,.,.,.,%,#,.,#,.,#,#,.,#,#,#,#,.,^,.,%,.,.,#,.,#,.,.,.,.,^,.,^,^,.,^,.,#,#,.,#,^,#,.,%,#,.,#,^,.,.,.,.,^,%,.,#,%,.,#,#,%,#,.,#,.,^,#,.,#,%,^,%,#,.,.,.,.,.,^,.,#,#,^,#,.,#,.,^,#,.,#,.,.,.,%,%,^,%,^,#,.,.,#,#,.,#,^,#,.,%,%,.,^,^,.,^,.,.,^,.,.,.,.,.,#,#,#,#,^,#,#,.,.,.,.,.,%,%,^,.,^,F,.,.,^,.,#,#,#,#,.,#,#,#,%,#,%,#,.,.,#,#,#,#,#,.,.,%,#,#,.,.,.,%,%,#,.,#,.,#,.,.,.,%,%,#,#,%,%,^,#,#,#,#,.,#,#,#,.,#,%,#,#,#,#,.,%,#,#,.,.,.,#,#,#,#,.,#,#,^,.,.,%,%,%,.,.,%,%,#,#,%,^,%,#,#,#,#,#,#,#,#,#,#,#,#,#,#,#,#,#,#,#,#,#,#,#,
42,#,#,#,#,#,#,#,#,#,#,#,#,#,#,#,#,#,#,#,#,#,#,#,.,.,.,.,.,.,.,%,.,.,^,.,.,.,.,.,%,.,.,.,#,#,%,#,#,#,#,#,#,#,S,^,#,^,#,%,#,#,#,#,.,.,#,#,.,^,%,^,^,.,^,.,%,.,#,.,#,.,#,.,.,%,%,.,#,#,.,#,#,#,#,.,^,#,#,#,#,.,#,%,#,%,.,#,#,#,#,#,^,%,.,.,.,.,.,^,.,.,.,.,%,%,.,.,.,%,.,.,#,#,.,.,.,.,.,%,#,.,#,^,.,.,.,.,.,.,%,.,%,.,#,#,#,#,.,.,.,.,#,^,#,^,.,#,#,#,#,^,.,#,#,#,#,#,#,#,.,.,.,.,#,.,#,.,.,.,^,.,.,.,.,.,%,^,#,#,#,#,.,.,.,.,#,.,#,.,.,#,#,#,#,#,#,#,%,^,#,#,#,#,.,.,.,^,.,.,^,.,.,.,.,.,.,%,.,.,%,%,#,#,.,#,^,#,.,.,#,%,#,.,#,#,.,#,#,#,.,.,%,#,#,#,%,#,F,#,.,.,#,.,#,.,#,#,.,#,#,%,.,#,.,.,#,#,.,#,.,#,%,.,.,^,.,.,.,.,.,.,^,.,#,#,#,.,#,#,^,#,^,#,.,.,#,.,#,^,#,#,.,#,#,%,%,#,.,.,#,#,.,.,^,.,.,.,#,.,#,.,#,#,.,P,#,#,.,.,.,#,#,#,^,%,%,%,.,.,.,.,%,.,.,^,.,.,^,.,#,^,#,%,#,#,#,#,#,.,.,.,#,%,#,^,#,#,#,#,.,.,#,.,#,.,#,#,%,.,.,.,.,.,#,.,#,.,^,.,%,.,.,.,#,.,#,.,#,#,.,^,#,#,#,%,#,.,#,^,#,#,#,#,.,.,#,.,#,.,#,#,.,.,.,.,.,.,#,.,#,.,.,.,^,.,.,.,%,.,^,.,#,#,#,#,#,#,#,#,#,#,#,#,#,#,#,#,#,#,#,#,#,#,#,
43,#,#,#,#,#,#,#,#,#,#,#,#,#,#,#,#,#,#,#,#,#,#,#,.,%,.,.,.,.,.,^,.,.,.,.,.,%,.,%,.,.,%,.,#,#,.,.,#,#,#,.,#,#,#,#,%,%,#,.,.,.,.,%,#,#,#,#,^,%,.,^,^,.,.,.,.,%,%,.,%,.,.,.,.,.,#,#,#,#,#,#,#,^,.,%,#,#,#,#,.,.,#,%,.,.,^,.,#,#,#,#,.,.,.,.,.,.,%,.,^,.,.,.,.,.,.,%,.,.,#,#,#,#,.,%,.,%,%,^,^,.,.,.,^,.,F,#,#,.,.,.,.,%,#,#,.,#,.,#,.,%,%,#,.,.,^,.,.,#,#,#,%,#,.,#,#,#,.,#,.,#,.,^,.,.,^,%,.,.,^,#,#,#,.,#,%,#,#,#,.,#,%,#,.,.,^,P,.,^,^,.,.,#,#,#,.,#,^,#,#,#,.,#,.,#,.,%,%,^,.,.,%,.,^,%,^,^,.,.,.,.,#,#,#,#,.,.,.,^,.,.,^,%,%,.,.,^,.,.,%,.,.,.,#,#,#,#,.,^,.,#,#,#,%,.,.,.,.,%,%,.,.,#,.,.,#,#,#,#,.,.,^,.,.,.,%,%,.,.,#,.,.,^,.,^,^,.,#,#,#,#,%,.,%,%,.,#,#,#,.,^,%,.,.,%,.,#,%,.,#,#,%,%,.,.,.,.,.,.,.,%,%,^,.,.,.,.,%,%,.,^,#,#,.,.,%,.,.,%,%,.,.,.,.,%,%,.,.,.,.,.,^,^,#,#,.,^,#,.,.,.,#,%,#,.,.,.,.,#,#,.,#,.,#,.,#,#,.,.,.,.,.,%,#,.,#,.,.,^,%,#,#,.,#,.,#,%,#,#,^,.,#,.,.,.,#,.,#,^,.,^,.,#,#,.,#,S,#,^,#,#,.,.,%,.,%,.,#,%,#,.,.,.,.,#,#,^,#,.,#,.,#,#,#,#,#,#,#,#,#,#,#,#,#,#,#,#,#,#,#,#,#,#,#,
44,#,#,#,#,#,#,#,#,#,#,#,#,#,#,#,#,#,#,#,#,#,#,#,.,^,^,^,.,^,.,.,%,.,^,#,%,#,.,#,.,^,.,#,#,#,.,.,%,.,.,#,#,#,.,%,%,#,%,#,.,%,.,#,%,.,#,#,%,.,#,.,.,.,.,.,%,.,%,#,%,#,%,%,#,#,#,.,#,#,.,%,.,.,%,.,%,#,#,#,^,#,.,#,^,%,^,#,%,.,#,#,.,^,.,.,%,.,%,.,%,^,.,.,%,^,.,#,%,.,.,#,#,#,#,#,^,.,.,.,%,.,%,.,^,#,.,#,.,.,.,.,.,.,#,#,#,#,.,.,^,#,#,#,#,%,.,#,.,#,.,#,.,#,.,#,#,#,#,#,.,^,.,^,.,.,^,.,.,#,%,#,^,#,.,#,.,#,#,#,#,#,.,.,%,#,#,P,#,.,.,#,%,#,^,#,.,#,.,#,#,#,.,.,.,%,.,.,.,.,^,.,%,^,.,.,^,^,^,.,.,%,#,#,^,.,%,.,.,^,.,%,^,^,.,.,.,.,.,%,.,.,.,.,#,#,.,.,#,#,#,%,#,^,#,.,.,F,.,^,.,#,#,#,#,^,#,#,%,^,^,.,.,.,#,.,#,.,.,.,#,%,%,^,.,.,^,^,#,#,#,#,#,.,^,.,#,.,#,.,.,^,^,^,.,#,#,#,#,.,#,#,.,.,.,%,.,.,.,%,.,.,.,.,.,%,.,.,.,.,.,^,#,#,.,.,.,.,.,#,%,.,.,#,.,#,S,#,^,.,%,^,^,%,#,#,.,.,#,%,%,%,^,#,.,%,.,#,.,#,.,#,#,#,%,%,#,#,.,.,.,.,%,.,#,#,#,.,.,.,.,.,.,.,.,.,^,^,#,#,%,.,#,^,.,.,.,#,.,.,.,#,.,#,%,^,.,#,#,#,#,#,.,.,^,.,%,#,^,%,.,#,^,#,^,#,.,.,.,.,^,.,#,#,#,#,#,#,#,#,#,#,#,#,#,#,#,#,#,#,#,#,#,#,#,
45,#,#,#,#,#,#,#,#,#,#,#,#,#,#,#,#,#,#,#,#,#,#,#,.,%,.,.,.,#,#,S,.,.,%,.,.,.,.,.,%,.,.,%,#,#,#,.,#,.,#,#,#,.,%,.,%,#,#,#,#,#,#,.,.,.,#,#,#,.,#,.,#,#,#,.,.,%,.,.,^,%,.,#,#,.,.,.,#,#,#,%,#,.,#,#,#,%,.,%,.,#,#,#,#,#,#,.,%,^,#,#,.,.,^,%,.,.,%,%,.,.,.,.,%,.,.,#,#,^,.,.,#,#,.,#,^,#,%,.,%,%,#,#,.,.,F,#,#,^,%,%,.,.,#,#,%,#,^,#,^,.,.,%,#,#,.,^,.,#,#,.,#,.,#,.,#,#,^,#,^,#,.,.,.,.,#,#,^,.,%,#,#,^,#,.,#,.,#,#,.,#,.,P,^,.,.,.,#,#,%,.,^,#,#,.,#,.,#,^,#,#,.,.,%,.,^,.,^,.,.,.,%,.,.,.,.,.,#,.,#,.,#,#,.,%,^,.,^,.,.,.,%,%,%,#,^,#,%,.,^,^,.,^,#,#,^,%,.,#,#,#,#,%,.,^,^,#,.,#,.,.,#,#,#,#,#,#,%,.,.,#,#,#,#,.,.,.,.,.,.,^,.,.,.,%,.,^,#,#,.,.,.,#,#,#,#,.,.,^,^,#,.,#,%,.,#,#,#,#,#,#,.,.,.,#,#,#,#,%,.,.,.,#,.,#,^,.,.,^,.,.,#,#,#,#,.,#,#,#,#,.,#,#,.,.,^,%,.,^,^,.,.,^,#,#,#,#,.,#,#,#,#,.,#,#,.,#,.,#,.,^,#,#,#,#,#,#,.,.,.,.,%,^,.,.,%,%,%,#,^,#,.,.,%,%,^,.,#,#,#,#,.,#,#,#,#,.,#,#,.,#,%,#,.,.,#,#,#,#,#,#,#,#,^,#,#,#,#,.,#,#,.,.,.,%,.,.,%,.,%,%,#,#,#,#,#,#,#,#,#,#,#,#,#,#,#,#,#,#,#,#,#,#,#,
46,#,#,#,#,#,#,#,#,#,#,#,#,#,#,#,#,#,#,#,#,#,#,#,.,.,.,.,.,.,^,.,.,.,.,.,%,.,.,.,%,.,^,.,#,#,^,#,#,#,#,^,#,.,#,%,#,#,#,#,%,.,#,#,#,#,#,#,^,%,.,^,.,.,#,.,#,.,.,.,.,%,.,.,%,.,%,.,#,#,.,#,#,#,#,^,#,.,#,.,#,#,#,#,.,^,#,#,#,#,#,#,.,.,^,.,.,.,#,%,#,.,.,^,.,.,^,.,^,.,.,%,#,#,.,.,%,.,^,.,.,%,.,.,.,^,%,.,.,.,.,.,%,.,#,#,%,#,.,#,.,.,S,#,.,%,.,#,.,#,.,%,%,.,.,%,#,#,^,#,.,#,.,.,.,%,.,%,.,#,.,#,^,.,%,#,%,%,#,#,.,#,%,#,.,.,.,#,%,.,.,#,^,#,^,.,.,%,%,.,#,#,.,.,^,.,%,%,.,%,.,^,^,.,^,.,.,%,^,.,.,.,#,#,#,#,%,#,#,.,.,.,^,.,.,.,.,%,.,.,.,.,.,%,#,#,#,#,.,#,#,#,#,#,#,%,%,#,^,#,.,.,#,.,#,.,#,#,%,%,.,.,.,.,^,.,.,.,%,#,.,#,%,.,#,.,#,%,#,#,#,#,^,#,#,#,#,#,#,.,%,#,.,#,.,^,#,^,#,.,#,#,#,#,%,#,#,.,%,.,%,.,.,.,.,.,.,%,#,.,#,.,#,#,%,.,%,.,.,.,.,%,.,.,#,.,.,.,#,^,.,%,%,^,#,#,%,#,#,#,#,.,#,.,#,.,.,.,#,^,.,#,#,.,%,.,#,#,.,^,.,.,%,%,#,.,#,%,^,#,#,#,.,#,#,.,.,.,#,#,.,#,#,#,#,.,#,.,#,%,%,%,#,^,.,#,#,.,.,.,#,#,.,.,.,%,.,.,.,.,.,%,P,.,F,%,#,#,#,^,.,.,#,#,#,#,#,#,#,#,#,#,#,#,#,#,#,#,#,#,#,#,#,#,#,
47,#,#,#,#,#,#,#,#,#,#,#,#,#,#,#,#,#,#,#,#,#,#,#,.,%,%,.,^,%,.,.,^,.,%,#,.,#,^,.,.,.,F,%,#,#,#,#,#,#,%,.,#,#,#,#,.,#,.,#,.,^,.,#,#,#,#,#,.,.,%,.,%,.,.,.,%,.,.,#,.,#,%,%,.,.,%,.,#,#,#,#,#,#,.,.,#,#,#,#,.,#,.,#,.,#,#,#,.,.,#,#,.,.,%,.,.,.,.,.,.,.,%,.,%,.,^,.,.,.,.,^,#,#,.,.,^,#,#,%,.,.,^,.,.,.,^,.,.,.,.,.,%,.,#,#,^,^,.,#,#,.,#,.,#,.,#,#,#,.,.,%,.,.,#,#,#,#,^,.,%,#,#,.,#,.,#,.,.,.,.,.,.,.,.,.,#,#,#,#,.,%,.,#,#,^,P,^,#,^,.,^,#,#,#,.,%,.,#,#,#,#,%,%,^,.,.,.,#,^,#,.,.,%,.,.,^,^,%,.,#,#,#,#,.,%,.,.,.,%,.,.,%,.,#,#,.,#,#,.,.,.,.,.,#,#,#,#,#,^,^,^,#,.,#,^,#,#,.,#,#,.,.,.,.,.,#,#,.,%,.,.,.,.,#,.,#,.,.,.,.,.,^,.,%,#,.,.,#,#,^,.,#,#,#,.,#,^,#,.,#,#,.,#,#,%,%,.,.,.,#,#,%,%,.,.,.,S,.,.,%,%,#,#,%,#,#,.,.,.,.,.,#,#,.,^,.,^,.,%,.,^,.,.,^,#,%,#,.,^,.,.,%,.,#,#,#,.,#,.,#,#,%,#,.,#,.,#,.,#,.,.,%,#,.,.,#,#,#,.,#,.,#,#,.,#,.,#,.,%,%,%,.,.,.,^,.,^,#,#,#,.,#,.,#,#,.,#,.,#,^,#,.,#,.,.,^,#,.,.,#,#,.,.,.,.,.,^,.,%,.,^,%,#,.,#,.,.,.,^,.,.,#,#,#,#,#,#,#,#,#,#,#,#,#,#,#,#,#,#,#,#,#,#,#,
48,#,#,#,#,#,#,#,#,#,#,#,#,#,#,#,#,#,#,#,#,#,#,#,.,.,%,.,^,.,%,.,.,%,^,%,.,.,.,.,#,.,#,^,#,#,.,#,.,#,.,#,#,.,.,.,.,.,.,.,.,^,#,.,#,.,#,#,^,#,.,#,.,#,#,^,%,.,.,.,#,.,^,%,.,.,.,^,#,#,.,#,%,#,.,#,#,S,.,%,.,%,.,.,.,%,#,%,#,.,#,#,.,#,.,#,.,#,#,^,.,%,.,.,.,.,.,.,#,.,#,^,#,#,%,.,.,^,%,.,#,^,#,%,.,#,%,#,.,^,.,^,%,^,#,#,.,#,^,#,^,.,#,.,#,.,^,#,.,#,.,.,.,#,.,^,#,#,%,#,.,#,.,.,P,%,#,.,.,^,.,.,.,.,.,.,.,%,#,#,.,#,%,#,%,.,#,%,#,^,.,#,^,#,.,.,^,#,.,%,#,#,.,.,^,^,.,.,^,.,.,.,F,#,^,#,.,.,%,.,.,%,#,#,.,.,.,.,^,^,.,^,#,#,%,.,.,.,.,.,%,.,%,.,#,#,#,#,.,.,.,.,.,.,#,#,#,.,#,.,#,#,^,#,.,#,#,#,#,#,.,.,%,.,.,.,#,#,#,%,#,%,#,#,%,#,.,#,#,#,#,#,.,.,.,.,%,%,#,#,#,.,#,.,#,#,.,#,.,#,#,#,#,#,^,.,.,.,.,.,.,%,^,^,.,.,.,.,^,.,.,%,#,#,^,#,.,#,^,%,.,.,#,#,.,.,%,%,.,#,#,.,#,#,#,#,%,#,.,#,.,.,.,^,#,#,.,.,%,^,.,#,#,%,#,#,#,#,.,#,^,#,.,.,^,.,#,#,.,.,#,.,.,.,.,%,^,.,#,#,^,#,.,#,.,.,.,.,#,#,.,.,.,.,%,#,#,^,#,#,#,#,.,.,.,.,.,.,.,.,.,.,^,%,.,.,%,#,#,.,#,#,#,#,#,#,#,#,#,#,#,#,#,#,#,#,#,#,#,#,#,#,#,#,#,
49,#,#,#,#,#,#,#,#,#,#,#,#,#,#,#,#,#,#,#,#,#,#,#,%,#,.,#,%,%,.,%,.,%,#,#,.,#,#,.,.,%,.,.,#,#,.,#,^,#,%,^,#,.,#,.,#,#,.,#,#,#,#,#,.,.,#,#,.,#,^,#,.,.,#,%,#,.,^,^,%,.,F,.,.,^,.,.,#,#,.,#,%,#,.,.,#,.,#,.,#,#,%,#,#,.,.,#,#,#,#,#,.,^,.,%,^,.,#,^,#,.,#,#,%,#,#,^,.,.,.,.,#,#,%,.,.,^,.,.,.,.,.,.,%,#,#,#,.,.,.,.,.,.,#,#,.,#,#,#,#,.,^,.,.,.,%,%,.,S,.,#,#,.,.,.,#,#,.,.,^,.,%,^,.,#,%,.,^,#,#,#,%,#,#,%,.,.,#,#,%,#,#,#,#,%,%,^,.,.,.,.,^,.,.,#,#,.,.,.,#,#,^,%,.,.,.,.,.,%,.,.,.,#,#,#,.,#,#,.,^,^,#,#,.,.,.,%,.,^,#,#,#,%,.,%,%,%,.,%,.,^,.,.,#,#,.,.,%,.,.,.,.,.,.,.,.,%,.,#,#,#,#,#,^,%,#,#,.,.,P,%,.,.,#,#,#,^,.,%,.,#,#,%,.,%,%,^,#,#,.,%,^,%,.,.,%,.,.,.,^,.,^,#,#,.,.,#,#,#,#,#,^,.,.,.,.,.,#,#,#,^,^,.,.,#,#,.,%,%,%,^,#,#,#,%,.,%,#,.,.,.,.,%,.,.,.,#,#,.,.,.,#,#,#,#,^,^,#,.,%,.,.,%,.,.,^,%,^,#,#,.,.,^,#,#,#,#,%,#,#,#,^,.,.,#,.,.,.,.,^,#,#,.,.,.,#,#,#,#,%,^,#,.,.,.,.,.,.,.,%,.,.,#,#,^,%,.,#,#,#,#,#,%,.,.,#,.,.,.,%,^,.,.,%,%,^,%,.,.,.,.,#,#,#,#,#,#,#,#,#,#,#,#,#,#,#,#,#,#,#,#,#,#,#,
50,#,#,#,#,#,#,#,#,#,#,#,#,#,#,#,#,#,#,#,#,#,#,#,^,#,.,#,.,^,.,^,#,#,^,.,%,.,.,^,#,.,#,.,#,#,%,#,^,#,.,.,.,.,#,#,#,#,.,.,^,%,#,%,#,%,#,#,.,.,.,.,.,.,.,.,#,#,#,#,%,^,.,.,#,.,#,%,#,#,.,#,.,#,^,.,.,^,#,#,#,#,.,%,%,.,#,.,#,.,#,#,.,#,.,#,%,.,.,^,.,.,#,#,%,.,.,.,%,.,.,.,#,#,.,^,.,.,.,^,#,.,#,.,%,.,%,%,.,^,#,.,#,%,#,#,.,#,.,#,.,%,#,.,#,.,^,^,#,.,.,.,#,.,#,.,#,#,^,#,.,#,.,%,#,^,#,.,.,.,%,^,.,^,#,%,#,.,#,#,.,#,^,#,.,.,#,^,#,.,^,^,#,.,.,^,#,.,#,%,#,#,.,%,.,.,.,.,.,^,.,.,^,.,%,.,%,.,.,.,.,%,#,#,.,#,.,#,.,%,.,.,F,.,%,.,.,.,%,.,^,.,.,.,#,#,.,#,.,#,.,.,.,#,.,.,.,.,.,#,#,.,#,#,#,#,#,#,.,.,%,.,.,^,%,.,%,.,.,.,.,#,#,S,.,.,%,.,#,#,^,#,%,#,.,.,.,#,.,^,.,.,^,#,#,^,#,#,#,#,#,#,^,#,.,#,.,.,.,.,.,.,.,.,.,#,#,^,.,.,.,^,#,#,#,#,%,.,.,.,#,^,#,%,.,.,.,.,.,#,#,^,#,#,#,#,#,#,.,%,.,^,#,%,#,.,.,.,#,#,#,#,#,^,#,#,#,#,#,#,%,^,%,%,#,%,#,^,.,%,%,.,%,.,.,.,.,.,#,#,#,#,.,%,.,%,#,^,#,.,#,#,#,^,^,#,#,.,#,#,#,#,.,.,^,.,^,%,.,.,.,.,^,.,^,.,.,P,#,^,#,#,#,#,#,#,#,#,#,#,#,#,#,#,#,#,#,#,#,#,#,#,#,#,#,
51,#,#,#,#,#,#,#,#,#,#,#,#,#,#,#,#,#,#,#,#,#,#,#,^,#,.,#,.,.,.,.,.,.,.,^,^,.,.,.,.,.,^,.,#,#,^,#,.,#,.,#,#,#,.,.,%,^,%,%,.,.,.,#,.,.,#,#,.,#,.,#,.,.,%,.,%,.,%,.,#,.,%,.,.,.,^,.,#,#,^,#,.,#,.,^,.,#,P,#,.,^,^,%,.,.,.,#,.,.,#,#,.,%,%,.,.,^,.,^,.,.,.,^,^,.,.,.,.,.,^,^,#,#,#,F,.,.,#,%,#,#,#,^,.,.,.,.,^,.,%,.,.,%,#,#,.,.,#,%,.,^,^,.,.,%,.,#,.,#,.,S,%,#,#,#,#,#,.,#,#,#,.,.,#,#,#,.,.,#,.,#,^,.,.,.,.,.,#,#,.,^,#,.,.,.,.,.,.,.,.,#,.,#,^,#,#,#,.,.,#,#,#,.,.,.,#,%,#,#,#,.,.,#,.,#,.,.,%,.,%,%,#,#,.,.,^,^,.,#,.,^,.,#,.,^,.,#,#,%,%,.,.,.,#,#,#,.,#,.,#,.,.,#,.,.,.,.,.,#,#,%,.,.,#,#,#,#,#,.,#,.,#,.,#,#,#,%,^,.,^,#,#,.,%,.,#,#,#,#,#,.,#,%,#,.,.,#,.,.,%,.,.,#,#,.,.,^,#,#,#,#,^,.,.,%,.,#,.,.,^,#,^,%,.,.,%,%,.,^,#,#,#,#,.,%,^,^,.,.,.,%,.,.,^,.,%,.,.,.,.,.,%,%,#,#,#,#,#,#,.,#,#,#,%,.,.,.,.,.,^,#,#,#,.,.,#,#,^,%,%,%,.,.,^,^,^,.,%,%,#,.,.,.,.,%,^,.,#,#,#,#,#,#,%,%,.,#,#,#,.,.,.,.,.,%,^,#,#,#,#,#,.,.,.,%,.,.,.,.,.,^,.,.,.,^,.,.,.,.,.,.,#,#,#,#,#,#,#,#,#,#,#,#,#,#,#,#,#,#,#,#,#,#,#,
52,#,#,#,#,#,#,#,#,#,#,#,#,#,#,#,#,#,#,#,#,#,#,#,.,.,^,^,.,%,.,.,%,.,.,.,.,.,.,%,.,^,^,.,#,#,#,#,%,^,%,.,.,.,#,#,.,%,%,#,#,#,.,#,.,#,#,#,#,#,.,.,.,.,^,.,#,#,^,^,%,#,#,#,%,#,.,#,#,#,#,#,.,.,^,.,%,.,#,#,.,.,.,#,#,#,.,#,.,#,#,#,#,#,.,.,%,.,.,.,#,#,.,%,%,#,#,.,^,%,^,^,#,#,.,.,.,%,%,.,#,#,#,%,.,%,S,.,%,.,#,^,#,%,#,#,^,#,#,#,#,.,.,.,.,.,%,#,#,#,#,%,#,.,#,.,#,#,^,.,.,.,.,.,#,#,#,.,.,%,.,.,^,%,^,^,.,.,#,#,.,#,#,#,#,^,%,%,%,.,%,#,#,#,#,.,#,.,#,.,#,#,.,%,.,.,.,^,#,#,#,.,.,%,%,^,.,.,#,.,#,%,#,#,#,.,.,.,#,%,#,.,#,.,^,.,.,.,.,#,.,%,.,#,#,#,%,.,#,.,^,.,#,%,#,.,.,#,.,#,%,%,^,#,.,%,#,#,%,#,#,#,.,.,%,.,.,.,.,#,.,#,%,.,#,#,#,.,#,#,.,%,#,.,.,^,#,.,#,.,.,#,%,#,.,.,.,#,.,.,#,#,#,.,%,^,#,.,#,.,#,.,.,.,.,.,%,#,.,%,%,#,#,#,#,.,.,.,#,.,%,.,%,.,.,.,^,%,^,%,.,^,^,.,#,#,.,.,#,.,.,^,#,^,#,.,.,^,^,%,%,.,.,%,#,#,#,#,%,P,#,#,.,^,#,%,#,.,.,.,#,%,.,%,%,%,#,#,#,#,^,%,#,.,.,.,#,.,#,.,.,%,.,.,.,^,^,^,#,#,#,#,#,^,^,.,#,.,#,%,#,%,.,.,F,.,.,.,.,.,#,#,#,#,#,#,#,#,#,#,#,#,#,#,#,#,#,#,#,#,#,#,#,#,#,
53,#,#,#,#,#,#,#,#,#,#,#,#,#,#,#,#,#,#,#,#,#,#,#,^,#,.,#,.,.,%,.,.,^,^,.,.,%,.,.,^,.,#,#,#,#,^,#,.,#,%,.,.,%,^,.,.,.,.,#,#,.,^,^,#,#,#,#,^,#,.,#,.,.,.,#,%,.,%,%,^,#,#,%,.,.,#,#,#,#,.,#,^,#,F,.,.,.,^,.,.,.,^,#,#,.,%,.,#,#,#,#,.,.,.,%,.,.,.,.,^,%,^,^,%,#,#,.,^,.,.,.,#,#,.,.,.,#,#,.,.,.,%,.,.,^,.,%,^,.,^,.,.,.,#,#,.,.,.,#,#,.,%,.,^,.,#,#,.,.,.,.,#,#,#,#,#,#,.,^,.,#,#,.,%,#,%,%,#,#,.,.,.,.,.,.,.,%,#,#,.,^,%,#,#,.,.,%,.,^,#,#,.,.,.,.,#,#,#,#,#,#,.,.,.,^,^,%,%,.,^,^,#,#,.,.,^,%,^,.,%,%,#,#,#,.,.,S,#,.,.,%,#,#,.,^,.,.,.,^,%,.,#,#,#,#,^,.,#,.,.,.,.,^,#,#,%,.,P,.,%,%,.,.,#,#,#,#,%,#,#,#,.,%,.,%,#,#,.,.,.,.,.,.,%,^,#,#,#,#,.,.,#,%,.,^,.,.,#,#,.,.,#,.,.,%,^,.,#,#,#,#,#,.,.,.,#,^,.,.,.,.,^,.,^,.,%,.,^,.,%,.,#,#,.,.,.,.,.,.,.,.,.,.,.,.,.,.,.,.,.,%,.,.,#,#,#,#,#,.,^,.,#,.,#,.,#,#,#,.,.,.,#,.,#,.,#,#,.,%,.,.,.,.,#,.,#,.,.,.,.,.,.,.,#,.,#,.,#,#,.,.,#,#,#,^,#,^,#,.,^,%,#,#,#,.,#,%,#,^,#,#,%,.,^,%,.,.,#,.,#,.,.,%,.,.,.,.,^,.,.,%,#,#,#,#,#,#,#,#,#,#,#,#,#,#,#,#,#,#,#,#,#,#,#,
54,#,#,#,#,#,#,#,#,#,#,#,#,#,#,#,#,#,#,#,#,#,#,#,.,#,.,#,%,.,#,.,#,^,#,#,^,.,.,%,.,%,%,.,#,#,.,#,.,#,.,.,#,.,#,%,#,#,%,.,.,#,#,#,#,.,#,#,.,#,.,#,.,.,.,.,.,.,#,#,.,.,F,.,.,^,.,.,#,#,.,#,.,#,^,.,#,%,#,.,#,#,.,.,.,#,#,#,#,.,#,#,.,.,%,^,^,.,#,.,#,.,.,.,.,^,.,.,.,.,.,.,#,#,.,.,.,%,.,.,^,.,%,%,%,.,.,.,.,.,.,^,.,.,#,#,.,.,.,#,#,#,.,#,^,#,#,.,#,.,#,#,#,#,.,^,#,#,%,.,%,P,#,#,.,#,.,#,#,^,#,.,#,%,.,.,.,.,#,#,.,.,.,#,#,#,.,#,.,#,#,.,#,.,#,.,%,#,#,#,#,#,%,.,^,#,#,%,^,%,.,.,.,%,.,.,%,.,.,^,%,.,#,#,^,.,%,.,.,^,.,%,%,.,.,.,%,^,.,.,.,%,%,.,#,#,^,#,%,#,%,.,.,#,#,#,#,#,.,.,%,%,#,#,#,#,#,#,.,#,.,#,.,.,.,.,.,.,#,#,^,.,.,.,%,.,.,%,#,#,.,#,.,#,.,#,#,#,.,.,#,#,.,%,.,%,#,#,#,#,#,#,.,#,.,#,%,.,.,S,^,.,#,#,%,.,.,.,.,.,^,.,#,#,%,.,%,^,.,#,#,%,#,#,%,.,.,.,.,.,.,.,^,.,#,#,#,#,#,#,^,#,#,.,#,#,.,^,.,.,^,.,#,#,#,#,#,#,%,.,.,.,%,.,%,%,.,.,^,.,#,.,%,.,^,%,^,.,#,#,#,#,#,#,^,#,#,^,#,#,.,.,.,.,^,.,#,#,#,#,#,#,^,.,.,.,.,#,#,.,#,#,.,^,.,.,.,^,.,^,^,%,#,#,#,#,#,#,#,#,#,#,#,#,#,#,#,#,#,#,#,#,#,#,#,
55,#,#,#,#,#,#,#,#,#,#,#,#,#,#,#,#,#,#,#,#,#,#,#,%,#,%,#,.,#,#,.,.,%,.,.,.,.,.,.,.,.,^,^,#,#,.,#,^,#,.,#,#,S,.,%,%,#,#,#,#,^,#,.,#,%,#,#,^,#,.,#,^,#,#,.,^,.,.,.,%,.,%,.,#,.,#,.,#,#,%,#,%,#,^,#,#,.,.,^,^,#,#,#,#,.,#,%,#,.,#,#,.,^,.,.,.,%,.,^,.,.,.,.,.,.,.,.,#,%,#,.,#,#,%,.,.,.,.,^,%,.,.,.,^,.,^,.,%,#,#,.,.,^,#,#,^,^,#,#,#,#,#,#,%,^,.,.,^,#,#,#,#,.,%,.,#,#,^,.,%,%,%,%,^,^,^,%,.,.,.,#,#,#,#,F,.,.,#,#,#,#,#,^,^,.,.,#,#,#,.,.,%,#,#,#,#,.,.,.,#,#,.,%,.,.,.,^,%,%,.,.,.,^,%,#,#,.,.,.,.,^,#,#,.,.,^,%,.,.,.,.,.,.,.,.,.,^,.,#,#,.,%,^,#,#,%,#,#,#,#,#,#,#,^,.,^,.,#,#,#,#,#,.,%,.,#,#,.,%,%,.,^,.,.,.,.,.,^,.,.,.,.,#,#,.,%,%,#,#,.,#,#,#,#,%,%,#,#,#,#,#,#,.,.,#,#,.,^,.,#,#,.,.,^,%,%,.,%,^,%,.,.,%,.,%,.,.,%,%,.,.,#,#,%,.,.,.,%,#,#,.,#,#,#,#,^,#,#,.,.,^,%,.,#,#,.,%,^,#,#,#,#,.,#,#,#,#,%,#,#,^,#,#,#,#,#,#,^,^,.,#,#,^,.,^,.,^,.,.,.,^,^,.,.,.,.,.,#,#,.,^,.,P,#,#,#,.,#,#,#,#,.,#,#,.,#,#,#,#,#,#,.,.,%,#,#,#,#,.,#,#,#,#,.,#,#,.,.,.,.,.,#,#,#,#,#,#,#,#,#,#,#,#,#,#,#,#,#,#,#,#,#,#,#,
56,#,#,#,#,#,#,#,#,#,#,#,#,#,#,#,#,#,#,#,#,#,#,#,.,#,^,#,.,.,.,.,.,.,.,^,.,.,.,^,.,^,.,.,#,#,.,#,.,#,^,%,.,#,#,#,#,#,#,%,.,^,.,#,.,%,#,#,.,.,.,.,.,.,.,.,.,.,.,.,^,.,.,^,.,.,%,%,#,#,.,#,.,P,.,#,#,#,%,.,^,.,#,#,#,.,.,#,.,%,#,#,.,#,^,#,^,.,%,.,^,^,.,^,.,.,.,.,%,.,.,.,#,#,.,.,^,.,.,^,.,.,%,%,#,#,.,#,#,^,^,%,^,.,#,#,#,#,#,#,.,#,#,.,.,.,#,#,.,#,#,.,.,#,#,#,#,#,^,.,.,.,.,#,#,.,.,.,^,.,.,.,^,.,.,.,.,.,#,#,#,#,#,#,.,#,#,.,.,.,#,#,.,#,#,#,#,#,.,.,#,#,.,.,.,.,.,#,#,%,^,.,#,#,.,#,#,%,^,F,%,.,#,#,.,%,^,.,.,.,%,.,.,%,.,.,.,.,.,.,#,#,#,.,#,#,.,#,#,#,#,.,#,#,#,#,%,.,#,#,#,^,.,.,.,.,#,#,^,.,.,.,%,^,.,.,.,.,.,.,.,.,.,.,#,#,#,.,#,#,.,#,#,#,#,.,#,#,#,#,#,#,#,%,.,.,.,.,.,^,#,#,.,.,%,.,.,%,^,.,^,%,%,^,.,.,.,%,#,#,#,%,#,#,.,.,^,.,.,%,%,%,.,^,.,.,^,^,.,.,.,.,.,.,#,#,.,#,^,#,%,^,#,%,#,.,.,#,.,#,.,#,#,.,.,.,#,#,^,#,%,#,.,.,#,.,#,.,.,#,.,#,.,#,#,.,.,.,#,#,^,#,^,#,.,.,#,^,#,.,.,#,.,#,.,#,#,.,.,.,#,#,.,%,.,.,.,S,#,.,#,.,.,.,^,.,.,#,#,.,.,.,#,#,#,#,#,#,#,#,#,#,#,#,#,#,#,#,#,#,#,#,#,#,#,
57,#,#,#,#,#,#,#,#,#,#,#,#,#,#,#,#,#,#,#,#,#,#,#,#,#,.,#,#,.,.,.,.,.,.,.,.,%,.,.,.,.,.,.,#,#,#,#,^,#,#,#,#,%,.,.,^,^,#,#,#,#,#,.,.,.,#,#,.,^,^,^,.,#,#,.,.,%,.,^,.,.,%,#,#,.,.,.,#,#,#,#,%,#,#,#,#,%,%,%,#,#,#,^,.,#,#,^,.,.,#,#,#,#,.,#,#,#,#,.,.,.,.,.,^,.,.,#,#,^,.,.,#,#,^,.,.,#,#,.,.,%,.,%,.,#,#,#,.,.,.,%,%,.,#,#,^,.,.,#,#,#,#,^,.,%,.,.,.,.,%,.,#,.,#,.,#,#,.,.,.,#,#,#,#,.,^,.,%,#,#,#,%,^,#,.,#,.,#,#,.,.,%,#,#,#,#,.,^,%,.,^,.,%,.,%,#,^,#,%,#,#,.,^,%,.,^,#,#,.,.,.,.,#,#,#,.,^,#,%,#,.,#,#,.,%,.,.,.,.,%,.,^,.,^,%,^,.,.,%,%,^,.,.,#,#,#,#,#,.,.,%,%,#,%,^,#,#,#,#,F,#,^,#,^,#,#,#,^,.,.,.,.,.,%,.,%,.,.,^,^,^,%,#,%,#,.,#,#,#,.,.,#,#,#,.,%,#,^,.,#,#,#,#,.,#,.,#,^,#,#,#,.,%,^,.,.,^,.,.,.,%,^,.,%,^,.,.,.,.,%,.,#,#,^,#,^,#,.,^,.,.,.,.,.,.,%,%,^,.,^,.,.,.,#,#,.,#,^,#,.,#,#,.,^,.,#,.,#,%,#,%,.,#,#,#,#,#,^,.,%,.,.,#,#,^,.,.,#,.,#,^,#,.,^,.,.,^,#,#,^,#,.,#,.,#,#,.,%,.,#,^,#,.,#,#,#,#,^,.,#,#,S,P,%,#,%,#,#,.,^,.,^,.,^,.,.,.,^,.,.,.,#,#,#,#,#,#,#,#,#,#,#,#,#,#,#,#,#,#,#,#,#,#,#,
58,#,#,#,#,#,#,#,#,#,#,#,#,#,#,#,#,#,#,#,#,#,#,#,%,#,#,#,.,%,%,.,%,^,%,.,.,#,#,.,.,.,.,.,#,#,.,.,%,.,%,%,.,#,#,#,.,.,.,#,#,.,^,^,^,^,#,#,.,#,#,#,^,^,F,.,.,.,.,^,.,#,#,%,.,#,.,.,#,#,.,.,.,^,.,#,#,#,.,.,.,^,^,#,#,.,.,.,.,.,#,#,.,#,#,#,.,.,.,%,%,.,^,.,.,%,^,.,.,.,.,.,#,#,.,#,#,#,.,.,%,.,.,.,#,.,.,.,#,.,.,.,^,.,#,#,.,%,%,.,.,.,P,.,#,.,.,.,#,%,^,.,#,#,#,#,#,#,.,#,#,#,.,^,#,.,#,^,.,#,#,#,^,%,.,.,%,.,#,#,%,.,.,.,.,.,#,.,#,^,.,.,#,^,.,.,#,#,#,#,#,#,.,#,#,#,.,.,.,%,.,%,#,.,^,.,#,.,.,%,.,.,#,#,.,.,%,.,%,#,#,.,.,^,.,.,.,.,.,.,#,.,#,.,#,#,#,#,.,^,.,#,#,.,.,.,#,#,.,^,%,.,#,^,#,^,#,#,#,#,^,^,.,#,#,.,%,.,#,#,.,^,.,.,.,.,^,S,#,#,#,#,.,.,.,#,#,%,.,.,#,#,.,.,.,.,#,.,#,.,#,#,#,#,^,.,^,.,.,.,.,.,#,#,%,.,.,.,#,.,#,.,#,#,.,.,^,.,.,.,#,.,#,^,^,.,.,^,.,^,#,#,#,.,#,#,.,#,.,#,%,%,#,.,#,.,.,.,#,.,^,.,^,.,.,%,#,#,%,#,.,#,.,.,#,.,#,.,.,%,.,.,.,.,#,#,#,.,#,#,.,#,^,#,.,.,#,.,#,%,.,.,#,.,%,.,.,.,%,.,#,#,.,.,^,.,.,.,.,.,.,.,.,.,%,%,^,%,#,#,#,.,#,#,#,#,#,#,#,#,#,#,#,#,#,#,#,#,#,#,#,#,#,#,#,
59,#,#,#,#,#,#,#,#,#,#,#,#,#,#,#,#,#,#,#,#,#,#,#,.,.,.,.,.,^,.,%,.,.,%,#,.,#,.,.,P,.,#,.,#,#,.,.,.,#,#,.,^,.,#,#,.,#,%,#,.,.,#,%,#,^,#,#,.,.,.,#,#,.,.,.,#,#,.,#,.,#,^,.,#,.,#,.,#,#,^,.,.,#,#,^,^,^,#,#,^,#,.,#,^,%,#,%,#,.,#,#,^,^,.,#,#,^,.,.,#,#,%,.,.,.,.,^,.,.,%,^,#,#,.,.,.,.,%,^,.,.,^,.,.,%,%,.,%,.,.,.,.,%,#,#,#,#,%,^,.,.,S,#,.,.,.,#,%,#,.,#,#,#,#,^,#,#,#,#,.,.,.,.,.,%,%,.,.,#,.,#,.,%,^,.,.,.,#,#,#,#,.,%,.,.,.,#,%,%,^,#,.,#,.,#,#,#,#,.,#,#,#,#,.,.,^,.,.,.,.,.,.,.,.,.,.,.,.,.,^,.,#,#,.,#,.,#,.,.,.,.,.,.,#,.,.,.,#,.,.,^,^,.,#,#,%,#,.,#,.,.,.,#,.,.,.,.,#,.,%,#,#,^,%,.,#,#,.,.,%,^,.,.,^,.,^,.,%,#,#,#,.,#,#,^,.,.,#,#,.,#,^,#,.,.,.,#,.,^,^,.,#,%,.,#,#,.,^,%,#,#,.,#,%,#,.,.,.,.,.,F,#,.,^,.,#,#,#,.,.,.,#,#,%,^,.,#,#,.,.,.,^,.,.,#,.,#,^,.,.,.,^,.,#,#,.,%,%,#,#,%,.,#,.,^,.,#,%,#,.,%,#,.,#,%,#,#,%,^,^,#,#,^,.,^,.,.,.,.,.,.,.,.,#,^,#,.,#,#,.,.,%,#,#,.,^,#,%,.,.,#,^,#,%,.,#,.,#,%,#,#,.,%,.,.,^,.,.,^,.,.,.,#,.,#,.,.,.,.,.,.,#,#,#,#,#,#,#,#,#,#,#,#,#,#,#,#,#,#,#,#,#,#,#,
60,#,#,#,#,#,#,#,#,#,#,#,#,#,#,#,#,#,#,#,#,#,#,#,.,.,.,.,^,^,.,.,.,.,.,#,#,#,.,.,.,.,%,.,#,#,.,#,#,#,#,#,^,#,.,#,.,.,.,%,.,%,#,#,#,#,#,#,^,.,.,^,^,#,%,#,.,#,^,#,#,#,.,.,.,.,%,.,#,#,.,#,#,#,#,#,%,#,^,#,%,.,%,^,.,.,#,#,#,#,#,#,.,^,.,.,.,%,%,%,^,.,.,#,#,#,.,.,^,.,.,.,#,#,#,#,%,#,#,#,#,.,.,.,.,.,.,^,.,.,.,%,.,.,#,#,#,#,.,#,#,#,#,.,%,.,.,#,.,#,.,#,#,#,.,%,#,#,%,^,%,.,%,#,#,.,.,F,.,#,%,#,.,.,%,.,.,%,#,#,#,#,.,#,#,#,#,^,^,.,.,#,.,#,.,.,%,#,#,#,#,#,#,#,.,#,#,.,.,^,.,.,^,#,%,#,^,.,.,.,.,.,#,#,%,.,.,.,^,S,^,.,%,.,#,#,.,.,.,^,.,.,.,.,#,#,.,.,#,.,^,#,#,#,^,.,#,#,.,.,.,.,#,^,#,.,#,#,.,.,.,.,^,.,.,%,^,.,#,#,%,.,.,.,#,.,#,.,#,#,.,^,#,^,.,.,.,#,#,#,#,#,.,.,.,.,#,^,#,.,#,#,.,.,.,.,%,.,%,.,%,^,.,.,%,.,.,.,#,.,#,.,#,#,.,#,#,#,.,.,.,.,.,.,%,.,^,.,^,#,%,.,%,#,#,#,.,.,.,%,.,#,#,#,#,.,.,%,.,#,#,^,^,#,.,.,#,#,^,#,#,#,.,.,.,^,.,^,.,%,.,#,#,.,#,#,P,.,#,#,.,.,.,.,.,#,#,#,#,^,.,.,.,#,#,.,.,#,%,.,#,#,.,#,#,#,%,.,.,.,.,.,%,^,^,#,#,#,.,.,.,#,#,#,#,#,#,#,#,#,#,#,#,#,#,#,#,#,#,#,#,#,#,#,#,
61,#,#,#,#,#,#,#,#,#,#,#,#,#,#,#,#,#,#,#,#,#,#,#,#,#,%,#,#,.,.,.,.,%,%,.,.,^,^,.,.,.,^,%,#,#,#,#,.,#,#,#,.,#,.,#,#,.,#,.,#,^,#,.,#,.,#,#,.,.,.,.,.,#,.,#,%,#,#,^,#,^,#,^,#,^,#,%,#,#,P,#,.,#,#,#,.,#,.,#,#,.,#,%,#,%,#,.,#,.,#,#,#,#,%,#,#,%,^,.,%,.,.,.,.,.,.,.,#,F,#,.,#,#,%,%,%,%,%,.,.,.,^,^,.,.,%,.,.,#,#,^,^,.,#,#,^,#,#,#,#,#,#,#,#,^,#,#,^,.,^,#,#,.,S,.,#,#,%,.,.,.,^,.,.,^,.,.,#,#,.,.,.,#,#,.,%,%,#,#,%,#,#,#,#,#,#,#,#,%,#,#,.,.,.,#,#,^,%,%,#,#,.,^,.,^,.,^,.,.,.,.,#,#,.,.,.,.,.,.,.,^,#,#,.,.,%,%,.,.,.,.,^,.,^,#,#,#,%,#,#,.,#,#,#,#,.,.,.,#,#,^,.,.,#,#,.,.,^,^,^,#,#,^,#,#,#,#,.,.,.,#,#,.,%,.,#,#,%,#,#,#,.,.,.,%,^,.,#,#,^,%,.,#,#,%,.,.,#,#,.,.,%,.,.,#,#,^,#,#,#,#,%,.,.,#,#,.,.,.,#,#,.,#,#,#,.,#,#,.,#,#,#,#,.,.,^,.,^,.,.,.,%,^,.,#,#,#,.,%,%,%,.,%,#,#,#,#,#,#,.,.,#,.,#,%,.,.,^,.,.,#,#,%,^,.,#,#,^,.,.,.,.,%,#,.,#,%,.,#,#,#,^,#,#,.,%,%,#,#,#,#,#,#,.,.,#,.,#,^,^,.,.,^,.,#,#,.,^,%,#,#,%,.,.,.,.,.,#,.,#,^,^,#,#,#,.,#,#,%,.,.,#,#,#,#,#,#,#,#,#,#,#,#,#,#,#,#,#,#,#,#,#,#,#,
62,#,#,#,#,#,#,#,#,#,#,#,#,#,#,#,#,#,#,#,#,#,#,#,.,#,.,#,^,#,.,%,^,#,^,#,#,#,^,#,.,.,%,#,#,#,.,#,.,#,.,.,%,P,.,.,S,.,.,.,.,^,.,#,.,%,#,#,.,.,%,.,.,%,#,#,#,.,.,#,#,#,.,%,#,#,#,.,#,#,.,#,.,#,%,.,.,#,.,.,.,.,%,.,.,.,.,#,.,^,#,#,%,#,.,#,^,#,.,.,.,#,.,#,#,#,.,#,%,.,.,#,#,#,^,.,.,#,#,.,^,%,%,.,.,.,^,.,.,#,#,%,.,.,#,#,%,.,.,#,#,.,F,.,#,#,.,.,.,%,.,#,#,%,^,.,#,#,.,%,.,#,#,.,.,.,#,#,^,^,#,.,.,#,#,^,%,.,#,#,.,.,.,#,#,.,.,^,#,#,.,.,.,.,.,#,#,%,^,%,#,#,.,.,.,.,.,%,%,.,#,#,.,^,%,.,^,^,.,^,.,.,#,#,#,#,.,#,#,.,.,.,^,.,.,^,.,^,.,#,.,.,.,#,#,#,#,#,.,#,#,%,.,.,%,^,#,#,#,%,.,^,.,#,^,.,#,#,.,.,.,.,%,%,.,#,.,^,%,.,.,.,.,^,#,#,#,^,#,#,#,#,^,#,#,%,.,.,.,%,%,.,#,#,#,%,.,#,%,%,#,#,#,#,%,#,#,%,.,.,.,.,.,.,%,^,^,#,.,^,%,#,#,#,.,.,.,.,.,.,%,%,.,.,%,#,#,#,%,%,.,%,#,#,#,#,%,#,.,#,.,.,.,^,#,#,.,.,.,.,%,.,.,%,#,#,#,#,.,#,.,#,.,.,%,%,#,#,.,#,#,#,%,.,.,.,#,#,#,#,^,#,.,#,%,.,^,.,#,#,%,%,.,.,.,.,.,.,#,#,#,#,.,^,.,.,%,.,%,.,#,#,.,#,#,#,.,.,.,^,%,.,#,#,#,#,#,#,#,#,#,#,#,#,#,#,#,#,#,#,#,#,#,#,#,
63,#,#,#,#,#,#,#,#,#,#,#,#,#,#,#,#,#,#,#,#,#,#,#,.,.,.,.,%,.,.,.,.,^,.,.,.,^,.,%,%,%,.,.,#,#,#,.,#,%,#,.,^,.,#,#,.,#,.,#,^,#,#,#,#,.,#,#,#,.,#,.,#,.,.,.,#,#,^,#,%,#,^,.,.,^,.,.,#,#,#,.,#,.,#,.,.,.,#,#,^,#,.,#,.,#,#,#,#,%,#,#,.,.,.,.,.,.,.,.,#,#,.,#,%,#,.,.,%,^,^,^,#,#,.,.,.,.,%,.,.,.,.,.,.,.,^,.,.,.,^,.,.,.,#,#,.,#,#,#,#,#,#,#,#,^,%,.,^,#,#,#,#,.,%,.,#,#,.,.,.,^,.,.,^,.,^,^,^,^,.,#,#,#,#,.,^,%,#,#,F,P,#,#,#,#,#,#,#,%,.,.,.,#,#,#,#,.,.,.,#,#,^,.,.,.,.,^,%,.,^,.,%,.,.,#,#,#,#,.,.,.,#,#,%,%,.,.,%,^,.,.,.,.,%,.,^,.,^,.,.,.,.,.,#,#,#,#,.,.,.,#,#,#,#,.,.,#,.,#,.,#,.,#,^,#,#,#,#,#,.,%,%,%,.,.,S,%,.,#,.,#,.,#,.,#,^,#,#,#,#,#,.,%,.,#,#,#,#,.,.,#,^,#,%,#,^,#,.,#,#,#,#,#,.,.,%,.,^,.,^,.,.,^,.,%,.,%,.,^,^,.,#,#,.,.,.,.,%,.,^,%,.,.,%,.,.,%,.,.,.,.,.,^,#,#,^,#,%,#,%,.,^,%,.,.,.,.,%,^,.,#,#,#,#,^,#,#,^,#,.,#,.,.,.,#,.,%,^,.,#,^,.,.,.,.,.,.,#,#,.,#,.,#,.,.,.,.,%,.,.,.,.,.,.,#,#,#,#,.,#,#,%,#,.,#,^,^,^,^,%,.,.,.,^,^,.,.,.,.,.,.,#,#,#,#,#,#,#,#,#,#,#,#,#,#,#,#,#,#,#,#,#,#,#,
64,#,#,#,#,#,#,#,#,#,#,#,#,#,#,#,#,#,#,#,#,#,#,#,.,.,%,.,.,.,^,.,.,.,.,#,#,#,.,.,^,^,.,.,#,#,.,.,#,#,#,.,#,#,#,#,.,.,.,^,.,.,#,^,#,%,#,#,^,^,.,.,%,.,.,.,.,.,.,#,#,#,.,^,#,^,#,.,#,#,#,#,#,.,^,.,#,#,#,#,%,.,^,.,^,.,#,.,#,%,#,#,.,.,.,.,.,^,.,.,.,^,.,#,#,#,.,.,.,.,.,^,#,#,%,.,.,.,^,.,.,.,.,%,.,.,.,^,.,.,.,.,%,.,#,#,.,.,#,#,#,.,.,#,.,%,%,.,.,.,.,#,#,^,^,%,#,#,.,.,.,%,%,.,.,.,.,%,.,.,#,.,.,#,#,.,.,.,#,#,#,#,#,%,.,.,.,#,.,.,.,.,.,.,%,#,#,^,%,.,#,#,.,.,.,.,.,.,.,.,.,^,.,.,.,^,.,#,#,%,%,.,#,#,%,.,.,%,.,.,.,.,%,^,^,^,^,.,%,.,%,.,^,.,#,#,#,#,.,.,.,.,.,^,#,P,#,S,#,.,#,#,#,.,%,.,#,#,#,#,^,%,^,^,.,.,#,#,#,^,#,.,#,#,#,.,.,.,#,#,#,#,.,.,%,.,.,.,#,#,#,.,#,%,#,#,#,.,.,.,#,#,#,#,.,.,.,.,%,.,#,#,^,.,.,.,^,#,#,.,.,F,#,#,.,^,^,.,.,#,#,.,%,.,^,#,.,#,.,.,^,^,%,.,#,#,.,.,#,^,.,#,#,.,%,^,.,#,.,#,.,.,.,.,#,#,#,#,.,.,.,.,.,#,#,.,.,.,.,.,.,.,.,.,.,^,#,#,#,#,.,%,#,.,.,#,#,.,^,%,%,#,^,#,^,^,%,.,#,#,#,#,.,%,.,.,.,^,^,%,.,%,%,#,.,#,.,.,%,.,#,#,#,#,#,#,#,#,#,#,#,#,#,#,#,#,#,#,#,#,#,#,#,#,#,
65,#,#,#,#,#,#,#,#,#,#,#,#,#,#,#,#,#,#,#,#,#,#,#,.,.,.,.,.,.,.,^,.,.,%,.,.,%,%,.,%,.,%,.,#,#,%,#,.,#,%,#,#,#,#,.,#,.,#,^,#,#,#,^,.,.,#,#,.,#,%,#,.,.,%,.,.,.,#,.,#,.,#,#,#,^,^,.,#,#,.,#,.,#,.,#,#,#,#,.,#,^,#,%,#,#,#,.,^,%,#,#,%,.,.,.,.,F,.,.,.,^,.,.,.,.,.,#,#,^,^,.,#,#,.,%,.,^,.,.,.,^,.,.,^,.,.,.,.,P,.,.,.,#,#,#,^,.,%,#,#,#,#,#,.,%,#,#,#,#,.,.,.,#,.,.,#,#,.,^,.,#,#,.,.,%,.,%,%,%,.,.,.,.,#,#,#,.,#,#,^,.,.,#,#,.,.,#,#,#,#,#,#,#,.,%,^,#,%,.,#,#,%,^,.,#,#,%,^,%,.,.,.,.,%,.,%,#,%,%,.,#,#,#,^,%,.,.,.,.,%,.,.,.,#,#,.,%,.,#,#,%,#,#,#,#,#,#,.,.,.,.,.,#,.,.,#,#,%,.,.,#,#,.,#,#,#,#,#,#,.,.,.,^,.,%,.,.,#,#,.,.,.,.,.,.,.,.,#,#,#,#,.,%,.,.,.,#,.,^,#,#,%,^,^,#,#,^,#,#,#,#,#,#,.,%,.,.,.,%,.,.,%,.,.,.,.,#,#,.,#,#,#,#,.,.,.,.,.,#,^,.,.,#,.,.,^,^,%,#,%,^,^,#,#,#,%,.,^,%,.,.,^,#,.,^,%,#,.,#,.,.,%,#,.,.,#,#,^,.,#,%,.,.,#,#,#,.,.,#,%,#,S,.,#,#,#,.,#,#,.,.,.,^,.,^,.,#,.,.,^,#,^,#,.,.,.,#,.,.,#,#,%,^,^,.,.,#,.,.,.,#,%,#,%,#,.,#,%,.,.,#,#,#,#,#,#,#,#,#,#,#,#,#,#,#,#,#,#,#,#,#,#,#,#,
66,#,#,#,#,#,#,#,#,#,#,#,#,#,#,#,#,#,#,#,#,#,#,#,.,.,%,^,%,.,.,.,%,.,.,#,#,#,.,.,#,%,#,%,#,#,.,.,#,.,%,^,#,#,#,#,^,.,.,.,%,.,#,.,#,.,#,#,.,.,.,^,%,.,.,.,.,.,.,#,#,#,.,%,#,.,#,.,#,#,^,.,#,.,^,.,#,#,#,#,^,.,.,.,.,.,#,.,#,.,#,#,.,%,.,.,.,.,.,^,%,^,.,#,#,#,^,.,%,%,^,.,#,#,%,^,.,^,.,.,.,.,%,.,.,^,^,.,^,#,%,.,.,#,#,#,.,#,.,#,.,#,#,#,#,.,.,#,^,#,.,.,.,#,.,.,#,#,^,#,.,#,.,.,F,.,.,.,%,#,%,#,.,%,#,#,#,.,#,#,%,#,.,#,^,#,#,#,#,^,.,#,.,#,.,.,.,#,^,.,#,#,.,#,%,#,.,^,.,.,.,.,.,.,.,%,.,#,.,.,.,#,#,#,.,.,.,.,^,.,#,^,#,.,.,.,.,.,.,.,#,#,#,%,#,#,.,%,#,#,#,%,#,.,#,^,.,.,.,#,#,.,.,.,.,.,#,#,%,^,%,.,.,.,#,.,#,.,%,.,.,#,#,.,#,#,#,^,#,#,#,#,#,.,.,^,#,.,#,.,.,.,^,#,#,^,^,.,%,.,#,#,.,.,%,.,.,.,.,.,.,.,.,.,.,#,#,.,#,#,#,^,#,#,#,^,.,.,#,.,.,.,%,^,#,#,%,#,#,%,#,.,#,.,#,#,.,^,#,%,S,#,#,#,.,.,#,#,.,#,#,.,#,%,#,%,#,#,.,#,#,#,.,^,.,.,^,%,^,.,.,^,.,%,#,.,#,%,#,#,.,.,#,.,.,%,.,#,#,#,#,#,.,#,#,.,#,.,#,.,#,#,#,.,%,%,P,.,.,^,%,^,#,#,.,#,#,^,.,.,.,.,#,#,#,#,#,#,#,#,#,#,#,#,#,#,#,#,#,#,#,#,#,#,#,
67,#,#,#,#,#,#,#,#,#,#,#,#,#,#,#,#,#,#,#,#,#,#,#,.,.,.,.,.,.,#,#,#,.,.,.,^,.,.,.,.,.,^,.,#,#,.,.,%,#,#,.,^,.,^,.,.,%,.,.,.,#,#,#,.,%,#,#,.,.,.,#,#,.,#,#,#,^,.,.,#,^,.,^,.,.,^,.,#,#,.,^,^,#,#,%,.,%,^,^,.,.,.,.,.,.,.,#,#,#,#,#,%,%,.,#,#,^,#,#,#,.,.,.,.,.,%,%,.,.,.,.,#,#,^,.,%,.,.,.,.,.,%,.,.,^,.,.,.,.,.,%,^,.,#,#,.,#,%,#,.,.,#,%,#,.,#,.,#,.,#,.,#,#,#,#,#,#,.,#,.,#,%,.,#,.,#,.,#,.,#,.,#,.,^,.,.,.,#,#,%,#,^,#,.,%,#,.,#,.,#,.,#,.,#,.,#,#,#,#,#,#,^,#,S,#,^,.,.,^,^,%,.,%,.,.,.,.,.,.,.,^,#,#,.,^,%,^,.,.,%,.,^,.,.,.,.,.,.,.,.,.,.,.,#,#,#,#,#,#,.,^,.,#,#,#,#,#,.,^,.,%,.,#,#,#,#,#,%,%,.,.,%,.,.,.,.,.,#,#,.,%,.,^,.,.,.,.,#,#,#,#,#,#,.,#,#,#,%,.,#,#,.,.,^,#,#,#,.,.,#,#,.,.,.,.,^,.,.,.,^,.,#,#,.,.,.,.,.,.,.,^,#,#,#,#,^,#,P,.,%,^,%,^,.,%,.,.,.,^,F,.,.,.,#,#,#,#,^,#,#,.,.,.,.,%,%,%,#,#,#,#,.,#,.,#,#,#,^,.,.,.,^,%,%,#,.,.,.,.,.,.,%,#,^,#,.,#,#,#,#,#,%,#,#,.,%,%,.,^,#,#,#,^,.,#,.,#,%,#,#,#,#,#,^,#,#,^,.,.,.,^,^,.,%,%,.,.,.,.,.,%,#,#,#,#,#,#,#,#,#,#,#,#,#,#,#,#,#,#,#,#,#,#,#,
68,#,#,#,#,#,#,#,#,#,#,#,#,#,#,#,#,#,#,#,#,#,#,#,^,.,.,.,.,.,.,.,.,.,.,%,^,.,.,.,#,.,#,^,#,#,.,F,#,#,#,.,#,#,#,#,.,#,.,#,%,.,#,^,#,.,#,#,%,%,.,.,^,.,.,^,.,^,.,#,%,#,.,%,%,.,^,^,#,#,#,#,#,.,.,^,#,#,#,#,^,#,%,#,.,.,#,%,#,.,#,#,.,.,%,^,^,.,^,^,%,.,.,^,.,^,.,.,#,.,#,%,#,#,^,%,.,#,#,.,%,%,.,.,.,.,^,^,.,#,#,.,%,.,#,#,%,%,%,#,#,%,#,#,#,#,.,#,#,#,#,#,#,%,%,.,#,#,^,.,%,#,#,%,.,.,.,.,.,.,.,.,.,#,#,.,.,^,#,#,.,%,.,#,#,.,#,#,#,#,.,#,#,#,P,#,#,%,.,.,#,#,.,%,.,.,.,.,.,%,.,.,.,S,.,^,.,.,.,.,.,%,#,#,.,#,#,#,%,.,^,.,%,.,#,#,.,.,%,%,%,.,.,.,#,#,.,.,.,.,^,.,^,#,#,#,#,#,.,^,.,%,^,#,#,#,#,#,.,#,#,#,.,.,.,^,.,%,#,#,.,%,.,.,.,^,.,%,#,#,%,%,%,.,.,#,#,#,^,.,#,#,.,.,.,#,#,#,.,.,#,#,.,#,#,#,.,^,^,.,.,^,.,^,.,.,.,%,.,.,.,%,#,#,.,#,#,#,.,.,.,.,^,.,.,.,%,.,.,%,%,^,.,%,#,#,.,^,^,.,.,#,#,.,.,%,%,#,.,#,.,.,.,.,#,#,#,#,.,#,#,#,^,#,#,.,.,%,.,#,.,#,.,^,.,^,#,#,#,#,%,^,.,^,^,#,#,.,.,.,.,#,.,#,.,.,^,^,#,#,#,#,^,#,#,#,.,#,#,%,^,.,^,.,.,.,^,.,.,.,#,#,#,#,#,#,#,#,#,#,#,#,#,#,#,#,#,#,#,#,#,#,#,#,#,
69,#,#,#,#,#,#,#,#,#,#,#,#,#,#,#,#,#,#,#,#,#,#,#,%,%,.,.,.,#,.,.,^,#,#,%,.,.,#,%,P,%,#,%,#,#,.,.,.,.,.,.,.,#,^,.,.,%,#,.,^,.,#,.,#,.,#,#,.,.,#,.,.,^,#,#,#,.,%,#,#,#,^,.,#,^,#,%,#,#,%,.,.,^,.,.,.,#,.,%,^,%,#,.,.,.,#,.,#,.,#,#,^,%,.,.,^,#,.,.,.,#,#,^,.,%,#,.,.,.,%,.,#,#,.,%,.,.,.,.,.,.,.,.,.,^,%,.,.,.,.,.,%,%,#,#,.,#,.,#,%,^,.,#,#,#,.,^,.,#,#,.,^,.,#,#,#,#,.,#,.,#,.,.,.,.,^,.,.,.,^,#,#,%,.,.,#,#,#,#,.,#,.,#,%,#,#,#,%,.,.,.,^,#,#,^,.,.,#,#,#,#,.,^,.,.,%,.,.,.,.,%,.,.,%,#,#,.,^,.,#,#,#,#,%,.,.,%,.,%,%,.,.,.,#,#,.,.,.,.,%,.,.,.,#,#,.,#,^,#,^,.,.,#,#,#,#,#,.,.,F,^,^,.,^,.,#,#,.,#,.,#,^,^,.,^,.,.,#,#,.,.,.,^,.,#,%,.,#,#,.,#,^,#,.,#,#,#,.,^,#,#,.,.,.,.,.,.,%,.,#,#,^,.,.,.,.,.,.,.,.,.,^,.,^,.,^,^,.,.,.,.,#,#,^,#,.,#,S,#,.,.,.,#,.,.,.,%,.,^,^,%,^,.,#,#,.,#,%,#,.,^,.,#,.,.,#,#,#,#,.,.,.,.,.,^,#,#,^,#,%,#,.,.,#,#,#,.,%,.,.,.,.,.,.,#,.,.,#,#,.,#,.,#,%,.,^,#,%,.,#,#,#,#,.,.,.,.,.,^,#,#,.,.,.,.,.,#,.,%,.,#,.,.,%,.,.,.,.,.,.,.,#,#,#,#,#,#,#,#,#,#,#,#,#,#,#,#,#,#,#,#,#,#,#,
70,#,#,#,#,#,#,#,#,#,#,#,#,#,#,#,#,#,#,#,#,#,#,#,.,S,.,.,%,.,.,.,#,#,.,#,.,#,.,.,#,.,#,.,#,#,.,#,.,#,.,F,.,.,#,#,%,#,^,#,.,^,#,^,#,.,#,#,.,P,.,#,^,.,.,.,#,#,%,#,.,#,.,.,.,.,.,.,#,#,.,#,.,#,%,^,.,.,#,#,.,#,.,#,.,.,#,.,#,.,#,#,%,%,.,^,.,^,.,.,.,^,.,.,.,^,.,.,#,%,#,.,#,#,%,.,.,.,^,.,.,.,.,.,.,.,.,%,%,#,#,.,#,#,#,#,.,#,.,#,.,#,.,#,.,#,^,#,.,#,^,#,#,.,#,#,#,#,.,#,.,#,%,#,.,#,.,#,.,#,.,#,.,.,.,%,.,.,#,#,.,#,^,#,.,#,.,#,.,#,%,#,^,#,^,#,#,.,#,#,#,#,^,#,.,#,%,.,.,.,%,.,.,.,.,^,.,#,#,.,#,#,#,#,.,^,^,.,.,#,#,%,.,.,%,.,.,%,^,^,%,.,.,.,#,#,.,^,#,#,#,#,#,.,^,.,#,#,.,%,.,#,.,#,.,#,#,#,%,%,%,^,.,#,#,.,.,.,#,#,.,.,.,#,^,#,%,#,#,#,#,#,#,^,^,#,#,.,.,.,#,#,.,.,%,#,%,#,.,#,#,#,.,.,.,.,.,.,.,.,.,%,#,#,.,.,%,^,.,%,.,.,#,#,.,.,.,.,.,^,#,#,#,.,#,#,^,#,#,%,.,%,.,.,#,#,.,#,^,#,^,%,%,.,^,%,#,#,.,#,#,.,#,%,#,^,#,#,.,#,^,#,^,%,#,#,#,.,^,^,%,^,%,.,#,.,#,^,#,#,.,#,.,#,^,^,.,^,.,.,#,#,.,#,#,.,#,.,#,.,#,#,^,^,.,.,.,.,#,#,#,.,#,#,%,#,#,^,.,%,.,%,#,#,#,#,#,#,#,#,#,#,#,#,#,#,#,#,#,#,#,#,#,#,#,
71,#,#,#,#,#,#,#,#,#,#,#,#,#,#,#,#,#,#,#,#,#,#,#,.,.,.,^,.,^,.,.,.,.,.,%,%,#,#,.,#,#,#,%,#,#,.,#,.,#,.,^,#,#,#,#,.,^,.,#,#,.,.,.,.,^,#,#,S,#,%,#,^,^,^,.,^,%,.,.,.,#,#,.,#,#,#,.,#,#,.,#,.,#,.,%,#,#,#,#,%,%,^,#,#,^,%,.,.,.,#,#,%,#,.,#,.,.,.,%,%,.,^,.,.,.,.,%,#,#,#,.,#,#,.,.,%,%,.,.,.,%,^,.,.,#,.,#,.,.,.,.,^,.,#,#,%,#,.,#,.,%,.,%,.,.,.,#,.,#,.,P,#,^,^,^,#,#,.,#,%,#,^,.,.,#,^,.,.,#,%,#,.,#,#,.,%,.,#,#,.,#,.,#,.,.,%,.,.,%,.,#,.,#,.,#,#,.,%,^,#,#,.,.,%,^,.,.,.,F,.,.,.,.,.,.,.,#,#,^,^,.,#,#,%,#,.,#,.,^,.,.,.,.,#,%,%,%,#,.,.,^,.,.,#,#,.,#,.,#,.,#,#,.,.,^,^,^,#,.,.,.,#,#,#,#,#,#,.,#,.,#,.,#,#,.,.,.,^,#,#,#,.,.,%,.,.,.,#,#,%,#,.,#,.,#,#,.,.,.,.,.,#,^,.,.,#,#,#,#,#,#,.,.,.,.,.,#,#,.,.,^,#,.,^,.,#,.,.,.,.,.,#,#,.,^,.,.,%,.,.,.,.,.,.,#,#,#,.,.,.,.,%,.,#,#,.,%,#,.,.,^,#,.,#,.,.,^,%,.,.,.,.,.,.,.,#,#,.,.,.,.,^,.,#,.,#,.,.,#,#,#,.,%,.,#,.,.,#,#,.,.,#,.,^,^,#,%,#,^,^,.,.,.,%,.,.,.,.,^,#,#,.,%,.,.,.,^,.,.,.,.,^,#,#,#,.,.,.,%,%,.,#,#,#,#,#,#,#,#,#,#,#,#,#,#,#,#,#,#,#,#,#,#,#,
72,#,#,#,#,#,#,#,#,#,#,#,#,#,#,#,#,#,#,#,#,#,#,#,.,#,%,#,.,#,#,.,.,%,.,.,.,.,.,.,#,.,#,.,#,#,.,#,.,#,^,#,#,.,.,.,#,#,.,.,.,%,#,%,#,.,#,#,.,#,.,#,.,#,#,.,.,%,#,#,.,.,^,.,#,.,#,.,#,#,^,#,.,#,.,#,#,^,^,.,#,#,^,.,.,.,#,^,#,%,#,#,%,.,%,.,.,^,.,^,^,.,#,#,^,.,%,.,.,%,.,.,#,#,%,%,%,.,.,.,.,.,%,.,.,#,#,#,.,.,%,.,.,.,#,#,#,#,.,^,^,.,#,#,#,#,%,.,.,^,.,#,#,.,^,.,#,#,#,#,.,^,^,.,.,.,.,%,.,#,#,#,.,#,#,.,F,%,#,#,#,#,^,^,.,.,#,#,#,#,%,.,.,^,.,#,#,.,.,.,#,#,#,#,.,.,^,.,^,%,^,.,^,#,#,#,%,#,#,^,.,%,#,#,.,.,.,.,.,%,#,P,#,^,.,.,.,%,.,.,^,.,.,%,#,#,.,.,#,.,.,%,%,%,^,.,#,#,.,.,%,.,.,#,#,#,#,#,.,%,^,%,.,.,#,#,#,.,#,#,.,.,.,^,%,^,.,%,#,#,%,.,#,.,%,.,.,.,%,^,#,#,.,.,^,#,#,#,.,.,#,#,.,.,.,^,^,^,#,#,#,.,#,#,.,.,.,.,^,.,.,.,#,#,.,.,.,.,.,.,#,^,#,^,.,#,.,#,.,^,#,#,#,.,#,#,.,^,%,.,.,.,#,.,#,.,.,#,.,#,.,.,%,%,.,^,#,#,^,%,#,.,^,.,.,%,.,.,.,#,.,#,^,.,#,#,#,.,#,#,^,.,.,^,.,.,#,%,#,.,S,#,^,#,.,.,.,.,^,.,#,#,%,.,^,.,.,.,#,.,#,^,.,.,%,.,.,.,#,#,#,.,#,#,#,#,#,#,#,#,#,#,#,#,#,#,#,#,#,#,#,#,#,#,#,
73,#,#,#,#,#,#,#,#,#,#,#,#,#,#,#,#,#,#,#,#,#,#,#,#,#,%,.,.,F,.,.,#,#,.,.,^,.,.,^,.,^,.,%,#,#,#,#,.,.,.,.,^,^,#,#,.,^,.,#,#,#,#,#,.,.,#,#,#,#,.,.,^,%,^,^,#,#,.,.,.,#,#,.,.,.,^,.,#,#,#,#,.,.,%,^,.,.,#,#,.,.,.,#,#,.,.,#,#,#,#,#,^,.,%,.,.,.,^,.,.,.,.,S,.,#,#,%,.,%,^,%,#,#,.,.,^,.,.,.,.,.,.,.,.,%,.,.,.,.,.,.,^,.,#,#,#,.,#,.,#,.,#,.,#,.,#,#,#,.,.,#,#,.,.,%,#,#,#,^,#,^,#,.,#,.,#,%,^,.,^,.,^,#,#,%,.,.,#,#,P,%,#,.,#,.,#,.,#,^,.,%,#,#,#,#,#,.,.,.,#,#,%,.,^,.,.,.,#,%,#,.,.,.,.,^,^,#,#,^,.,.,#,#,.,%,.,^,^,%,.,^,.,.,#,#,.,.,.,.,^,%,.,.,#,#,#,#,.,.,%,.,#,^,#,.,#,#,.,.,.,#,#,#,^,^,#,#,#,#,^,.,.,.,#,.,#,.,#,#,^,^,%,.,.,.,^,.,#,#,#,#,.,.,.,.,#,^,#,%,#,#,.,.,.,.,.,#,#,#,#,#,#,#,%,.,%,%,#,^,#,^,.,.,.,.,.,%,.,^,.,.,#,#,.,.,.,.,.,%,#,.,#,.,^,.,.,.,.,.,.,.,^,^,#,#,#,#,#,%,.,%,#,.,#,.,.,^,^,.,.,%,.,.,^,.,#,#,.,.,.,%,^,.,.,.,.,.,%,.,#,.,%,.,.,#,.,.,#,#,.,.,#,#,#,.,#,%,#,.,.,.,.,^,%,.,.,.,^,.,#,#,.,.,^,%,.,.,#,%,#,%,.,%,%,.,.,.,.,.,.,^,#,#,#,#,#,#,#,#,#,#,#,#,#,#,#,#,#,#,#,#,#,#,#,
74,#,#,#,#,#,#,#,#,#,#,#,#,#,#,#,#,#,#,#,#,#,#,#,.,^,.,.,.,#,^,.,%,#,#,#,.,.,.,.,.,.,^,%,#,#,.,^,#,.,.,%,^,#,%,.,#,#,%,.,.,#,#,#,#,.,#,#,.,%,.,^,^,.,#,#,#,%,#,#,.,.,^,.,.,.,%,.,#,#,.,.,#,.,.,.,.,#,.,.,#,#,.,.,^,#,#,#,#,.,#,#,.,^,.,.,.,#,%,.,.,#,.,.,.,^,^,.,^,^,.,.,#,#,.,.,.,.,.,.,^,.,#,#,.,.,^,^,%,^,#,.,#,^,#,#,.,.,.,#,#,.,%,^,P,#,.,%,.,%,.,.,#,.,#,%,#,#,%,.,.,#,#,S,.,.,#,#,^,.,#,.,%,.,#,.,#,%,#,#,.,%,.,#,#,.,.,.,#,#,%,%,^,.,^,.,#,.,#,%,#,#,%,.,.,#,#,.,.,.,.,.,%,.,^,^,.,.,.,.,.,.,#,#,F,.,.,.,^,^,%,.,.,^,%,%,.,.,.,^,#,.,#,.,#,#,.,%,.,.,.,.,^,.,.,%,.,.,.,#,#,.,#,.,#,.,#,#,.,%,#,.,^,%,.,#,.,.,.,^,^,#,#,^,.,^,%,.,#,#,^,.,^,.,.,.,.,.,^,.,^,.,^,#,#,.,#,.,#,.,#,#,.,%,.,%,.,.,.,.,.,.,.,%,%,#,#,.,#,.,#,.,#,#,.,.,%,.,.,%,.,.,.,.,.,%,%,#,#,%,.,.,.,.,#,#,#,#,%,.,^,#,#,#,#,.,.,^,.,#,#,^,#,#,#,#,#,#,#,#,.,.,.,.,.,%,^,.,.,%,.,#,#,.,^,.,.,.,#,#,#,#,.,%,^,#,#,#,#,.,.,.,%,#,#,^,#,#,#,#,#,#,#,#,.,.,.,%,.,.,.,^,.,.,.,^,.,%,.,.,.,%,#,#,#,#,#,#,#,#,#,#,#,#,#,#,#,#,#,#,#,#,#,#,#,
75,#,#,#,#,#,#,#,#,#,#,#,#,#,#,#,#,#,#,#,#,#,#,#,^,.,.,.,.,.,^,.,%,.,%,.,.,.,.,.,#,%,#,S,#,#,^,#,.,#,.,#,#,#,^,.,.,.,%,#,#,.,#,%,#,.,#,#,.,#,%,#,.,.,.,.,^,%,.,^,.,#,#,.,.,.,.,%,#,#,.,#,^,#,%,.,.,#,#,#,.,%,.,#,#,%,#,%,#,.,#,#,.,#,.,#,%,.,.,.,%,%,%,.,.,#,#,.,#,.,#,^,#,#,.,^,.,.,.,#,#,^,#,#,.,.,.,.,.,^,#,%,#,.,#,#,.,.,#,.,^,#,#,.,#,#,.,.,.,%,%,.,#,.,#,F,#,#,^,.,.,.,.,.,.,^,.,%,.,^,#,.,.,^,#,.,#,.,#,#,.,^,#,.,.,#,#,^,#,#,.,.,.,.,.,%,#,.,#,.,#,#,%,.,%,%,^,#,#,.,#,#,%,^,^,.,.,.,.,.,.,.,#,#,.,.,.,.,^,.,.,.,^,.,^,.,^,.,.,.,.,.,.,.,#,#,.,.,.,#,#,.,.,.,#,#,%,%,#,.,.,.,#,^,#,.,#,#,%,.,^,#,#,%,.,.,#,#,%,.,^,.,.,.,#,^,#,.,#,#,.,.,.,P,#,.,.,^,#,#,.,%,#,.,.,.,#,.,#,^,#,#,.,^,.,#,#,.,^,.,#,#,.,.,.,.,.,%,^,.,%,.,#,#,.,#,#,#,.,.,%,.,.,.,%,.,.,.,.,.,.,.,^,^,#,#,.,.,%,.,.,.,.,.,^,^,^,%,#,#,#,.,#,%,#,.,#,#,.,#,#,#,%,.,.,#,.,%,%,.,.,.,.,.,#,^,#,.,#,#,.,^,%,.,.,.,.,%,.,%,#,#,#,.,.,^,#,.,#,.,#,#,.,#,#,#,^,^,^,%,.,.,^,^,.,.,^,^,.,.,.,.,#,#,#,#,#,#,#,#,#,#,#,#,#,#,#,#,#,#,#,#,#,#,#,
76,#,#,#,#,#,#,#,#,#,#,#,#,#,#,#,#,#,#,#,#,#,#,#,%,.,.,.,%,.,%,.,.,.,%,.,^,.,.,#,#,%,#,#,#,#,.,#,.,#,.,.,.,#,.,.,^,^,#,#,#,#,#,.,#,#,#,#,.,#,^,#,.,.,.,.,.,.,.,.,^,.,^,^,%,.,.,.,#,#,%,#,.,#,.,^,^,#,^,.,#,#,#,^,.,#,#,.,#,#,#,#,.,#,^,#,%,.,.,.,.,.,.,%,.,.,.,#,#,%,#,#,#,#,#,%,.,.,#,^,.,.,.,.,.,%,.,#,#,#,#,.,.,.,#,#,.,.,#,%,.,#,#,#,#,.,^,.,.,#,#,#,#,.,^,.,#,#,%,#,#,#,.,.,.,%,.,.,.,.,^,#,#,#,#,%,^,.,#,#,.,%,#,.,.,#,#,#,#,%,.,%,.,#,#,#,P,^,%,.,#,#,#,.,.,.,#,.,.,%,.,^,.,.,^,^,.,.,.,.,.,^,#,#,.,#,#,#,.,.,^,.,.,.,.,.,.,.,.,.,#,^,#,.,#,#,.,.,.,%,.,.,.,.,%,%,^,.,#,#,#,.,#,.,#,.,#,#,.,#,#,#,.,.,.,#,%,.,%,.,.,^,.,.,#,.,#,^,#,#,.,.,.,.,.,%,.,.,^,%,#,#,#,^,%,^,#,.,#,^,#,#,.,#,#,#,.,^,.,.,.,.,.,^,.,.,.,%,.,^,^,.,#,#,^,%,^,.,^,%,.,.,%,.,%,^,S,.,F,.,.,.,%,.,#,#,.,.,.,^,%,.,.,#,^,.,.,^,.,.,^,.,^,#,.,.,#,#,.,.,#,%,.,.,.,.,.,.,.,.,#,^,.,.,%,.,.,.,#,#,.,%,.,%,.,.,%,#,.,.,%,.,.,.,.,%,.,#,^,.,#,#,.,.,.,.,.,.,^,.,.,.,.,%,.,.,.,.,.,.,.,%,#,#,#,#,#,#,#,#,#,#,#,#,#,#,#,#,#,#,#,#,#,#,#,
77,#,#,#,#,#,#,#,#,#,#,#,#,#,#,#,#,#,#,#,#,#,#,#,^,%,.,#,#,.,.,%,.,.,.,.,.,^,.,^,.,%,^,.,#,#,.,%,.,#,#,^,#,.,#,.,.,.,.,#,#,.,#,.,#,%,#,#,%,.,.,#,#,.,#,^,#,.,.,.,.,#,#,.,#,.,#,^,#,#,.,^,.,#,#,.,#,.,#,.,.,.,.,#,#,.,#,%,#,%,#,#,F,.,.,.,^,^,#,%,#,%,.,.,^,#,#,.,#,^,#,.,#,#,%,^,.,#,#,.,.,.,.,%,.,.,.,#,#,#,#,.,#,#,#,#,^,.,.,#,#,.,#,.,#,.,.,.,.,#,#,#,#,.,#,#,#,#,%,.,%,#,#,^,#,%,#,.,^,.,.,#,#,.,.,.,.,^,#,#,.,.,.,#,#,.,#,.,#,.,.,%,.,#,#,#,#,.,#,#,#,#,.,%,.,.,.,.,#,.,#,.,%,%,.,.,S,#,#,.,#,#,#,#,P,.,^,^,#,.,.,.,.,.,^,^,.,.,.,#,#,.,#,#,#,#,^,^,#,.,.,#,#,#,^,.,.,#,.,#,^,#,#,.,#,#,#,#,.,#,#,#,%,.,%,.,.,.,%,#,.,#,%,.,.,.,%,^,#,#,%,.,#,.,^,%,.,#,#,#,.,#,.,#,%,#,#,.,#,#,#,#,#,.,.,%,#,%,%,.,.,.,.,#,^,#,.,#,#,^,#,#,#,#,.,#,.,#,.,#,#,.,%,.,.,.,%,.,.,%,.,^,.,.,#,#,.,#,.,#,.,#,#,.,.,^,.,.,%,.,%,^,#,.,#,^,#,#,^,#,.,#,%,#,#,.,%,.,.,.,#,.,^,.,#,.,#,%,#,#,.,#,^,#,.,#,#,%,.,.,.,.,.,^,.,.,#,.,#,.,#,#,^,%,.,.,%,.,.,.,^,.,.,^,.,.,.,^,#,^,#,.,#,#,#,#,#,#,#,#,#,#,#,#,#,#,#,#,#,#,#,#,#,#,#,
78,#,#,#,#,#,#,#,#,#,#,#,#,#,#,#,#,#,#,#,#,#,#,#,.,.,.,^,.,#,^,.,%,#,.,^,.,%,.,.,%,%,.,.,#,#,.,.,#,#,#,.,%,#,.,.,.,%,#,.,.,^,#,#,#,#,#,#,^,.,.,.,.,.,#,#,#,^,%,.,.,^,^,.,.,^,.,.,#,#,#,#,#,.,^,.,.,#,.,.,.,.,#,.,%,.,#,#,#,#,#,#,^,.,.,%,.,#,%,.,.,#,%,.,.,.,.,.,.,.,.,.,#,#,.,.,%,.,.,.,.,%,#,#,^,.,.,.,.,.,.,.,%,%,#,#,.,.,%,#,#,.,%,.,#,#,.,.,#,#,#,P,#,#,.,.,#,#,.,.,.,#,#,.,.,%,#,#,.,%,%,%,.,%,.,.,%,.,#,#,.,.,^,#,#,.,S,^,#,#,#,#,#,.,.,.,^,#,#,#,#,#,.,.,%,#,#,^,%,.,.,.,.,.,%,^,^,.,%,F,.,.,#,#,.,.,%,#,#,.,.,.,.,.,.,#,#,#,^,%,.,.,.,.,#,#,%,.,.,#,#,#,#,.,^,%,.,%,.,.,^,#,#,#,.,.,#,#,%,^,.,#,#,#,#,%,%,.,.,#,#,#,.,.,.,.,.,^,#,#,%,.,%,#,#,#,#,.,^,^,.,.,.,.,^,.,.,#,#,#,#,#,.,%,.,.,^,#,#,.,.,.,.,#,#,#,%,.,.,%,.,.,#,#,^,.,%,.,.,.,.,.,.,^,.,.,.,%,.,#,#,.,%,.,#,#,#,^,#,.,#,#,#,#,^,%,.,#,.,#,.,#,#,.,.,.,#,#,#,.,#,.,#,.,.,%,.,.,.,#,.,#,.,#,#,%,.,.,#,#,#,.,#,.,#,^,.,#,#,#,^,#,.,#,^,#,#,.,.,.,#,#,.,.,^,.,.,%,.,^,.,^,.,#,^,#,.,%,.,^,.,.,#,#,#,#,#,#,#,#,#,#,#,#,#,#,#,#,#,#,#,#,#,#,#,
79,#,#,#,#,#,#,#,#,#,#,#,#,#,#,#,#,#,#,#,#,#,#,#,.,#,.,#,.,#,^,.,.,#,.,%,.,.,.,.,#,^,#,^,#,#,.,#,.,#,.,.,.,#,.,^,#,^,#,S,#,^,#,%,#,^,#,#,F,%,.,.,.,^,#,#,#,.,#,%,#,.,#,.,#,.,#,.,#,#,.,#,.,#,.,.,%,#,.,.,#,.,#,.,#,.,#,^,#,.,#,#,.,#,%,#,.,#,.,.,.,#,%,.,.,.,.,.,.,^,.,.,#,#,.,#,.,#,.,.,.,.,%,.,%,.,^,.,^,#,%,.,.,#,#,#,.,#,.,#,%,.,#,%,#,.,#,#,.,.,.,%,.,#,^,.,#,#,%,.,^,.,.,^,#,^,#,^,#,#,^,.,.,^,#,#,#,^,#,#,.,#,%,#,.,.,#,.,#,.,#,#,.,.,%,^,.,#,.,^,#,#,.,#,.,#,.,.,#,.,#,%,#,#,.,.,^,#,.,.,.,#,#,#,#,#,.,.,.,.,.,^,.,.,#,.,%,.,#,.,.,.,%,.,#,#,#,#,.,.,%,#,P,#,^,.,.,.,#,.,.,.,.,#,%,.,#,#,#,#,.,.,%,^,.,^,.,%,%,#,#,#,.,.,^,.,%,%,#,#,#,#,^,.,.,.,.,#,#,#,.,.,#,%,^,.,.,#,.,%,#,#,^,.,.,.,.,.,.,.,^,.,#,.,^,.,#,.,%,.,.,^,#,#,^,.,.,.,.,.,#,#,#,%,.,#,.,#,.,#,^,.,.,#,#,#,^,.,^,#,#,.,.,.,%,.,^,#,%,#,^,.,^,#,%,%,#,#,.,.,.,#,#,%,#,#,#,.,^,#,.,#,^,.,#,#,#,.,#,#,%,%,.,#,#,%,.,^,.,.,.,#,.,#,.,.,%,#,%,.,#,#,%,%,.,#,#,.,#,#,#,.,%,.,.,.,.,#,%,.,.,#,#,#,#,#,#,#,#,#,#,#,#,#,#,#,#,#,#,#,#,#,#,#,#,
80,#,#,#,#,#,#,#,#,#,#,#,#,#,#,#,#,#,#,#,#,#,#,#,.,.,^,.,.,.,%,.,.,.,.,%,.,%,%,.,#,#,#,.,#,#,.,#,#,#,#,#,#,#,#,.,%,%,.,.,.,%,.,.,^,.,#,#,^,.,^,.,.,.,.,.,.,^,.,F,#,.,^,.,#,#,#,.,#,#,.,#,#,#,#,#,#,#,#,^,.,^,%,%,.,.,.,.,^,.,#,#,.,.,.,.,.,%,.,%,.,%,.,.,.,.,^,^,#,#,#,^,#,#,^,.,.,.,.,.,.,S,.,.,.,%,.,.,.,.,^,.,.,%,#,#,%,#,#,#,#,.,#,.,#,.,#,#,#,#,.,^,#,.,#,.,#,#,.,.,.,%,.,^,#,.,#,^,.,^,.,%,^,.,#,.,#,.,#,#,.,#,#,#,#,.,#,%,#,.,#,#,#,#,.,%,#,.,#,%,#,#,.,.,.,.,.,.,#,%,#,^,.,.,^,.,.,.,#,^,#,^,#,#,.,#,.,#,.,.,#,.,#,.,.,%,.,^,.,^,.,.,.,^,#,#,.,#,.,#,.,%,#,.,#,.,.,.,#,%,.,.,^,#,#,#,#,#,.,#,.,#,.,%,.,.,%,%,^,^,^,%,.,^,.,.,^,^,#,#,.,#,^,#,.,%,#,.,P,%,%,.,#,.,%,#,#,#,.,^,#,#,%,%,^,.,.,^,#,.,#,.,.,.,^,.,%,.,.,.,%,.,#,#,.,%,.,.,^,%,.,.,.,.,%,%,%,^,.,#,#,%,#,#,#,#,%,^,#,#,#,.,%,#,#,#,.,.,#,.,.,#,#,%,#,#,#,#,.,.,.,^,.,.,^,.,%,.,.,.,%,.,^,.,%,.,%,.,#,#,#,#,#,.,.,#,#,#,.,^,.,%,#,.,.,#,#,%,#,#,#,#,.,.,.,^,^,%,.,.,.,.,.,%,.,^,.,#,#,.,#,#,#,#,#,#,#,#,#,#,#,#,#,#,#,#,#,#,#,#,#,#,#,#,#,
81,#,#,#,#,#,#,#,#,#,#,#,#,#,#,#,#,#,#,#,#,#,#,#,^,.,%,.,^,.,.,.,.,.,.,^,.,.,^,.,#,#,#,.,#,#,%,.,#,#,#,#,#,#,^,%,.,^,.,#,#,.,.,.,^,.,#,#,^,.,.,.,^,.,%,.,%,.,.,.,.,#,#,%,#,#,#,.,#,#,#,#,#,.,.,^,.,#,#,#,.,^,.,#,#,%,.,.,%,^,#,#,.,^,.,.,.,%,.,.,.,.,.,.,.,#,#,.,#,#,#,.,#,#,^,.,.,%,%,.,#,.,#,.,F,#,#,#,.,^,.,^,.,%,#,#,.,.,.,%,.,.,#,.,#,.,.,.,%,.,.,^,.,.,#,#,#,#,.,.,#,%,.,.,#,.,#,%,%,#,#,P,.,^,.,.,#,#,#,#,S,.,.,.,^,%,#,.,#,.,.,%,%,.,.,^,%,.,#,#,#,#,.,.,.,%,^,.,.,%,^,.,^,#,#,#,^,.,.,^,#,#,#,#,#,^,.,^,#,%,.,%,.,.,^,#,%,#,.,#,.,.,.,#,#,#,^,%,#,.,.,#,^,#,.,#,.,#,.,#,.,%,.,#,.,^,#,#,%,#,#,#,.,#,.,#,.,#,.,.,.,^,.,.,#,#,#,.,#,#,.,%,#,.,.,#,%,#,^,#,.,#,.,#,.,.,.,#,^,.,#,#,#,.,.,.,#,.,%,.,.,.,^,#,.,#,^,#,.,.,.,#,#,#,^,.,^,.,^,.,^,.,.,.,.,.,.,.,%,.,.,.,.,%,#,#,#,#,.,^,.,.,#,.,#,.,.,#,.,#,.,^,.,#,#,#,#,#,#,#,.,.,.,.,#,.,#,.,%,#,^,#,%,.,.,.,.,.,#,#,#,#,.,^,.,.,#,.,#,^,%,#,.,#,.,#,#,#,%,^,#,#,#,#,^,%,^,.,.,^,.,.,%,%,.,^,^,^,.,.,^,%,#,#,#,#,#,#,#,#,#,#,#,#,#,#,#,#,#,#,#,#,#,#,#,
82,#,#,#,#,#,#,#,#,#,#,#,#,#,#,#,#,#,#,#,#,#,#,#,#,#,^,#,#,%,%,%,.,.,^,.,%,%,^,.,.,.,.,^,#,#,#,#,^,#,#,.,^,^,^,.,#,#,#,#,.,.,#,#,#,#,#,#,%,%,.,.,.,.,.,#,.,.,^,.,%,.,.,^,.,%,.,%,#,#,#,#,.,#,#,^,.,.,.,^,#,#,#,#,.,%,#,#,#,#,#,#,#,#,.,#,#,.,.,F,.,.,%,.,%,.,.,%,%,.,.,.,#,#,.,%,.,%,%,.,#,.,#,^,#,.,.,^,#,.,.,.,.,%,#,#,.,^,#,^,%,^,#,.,#,.,.,.,#,.,.,%,#,#,#,#,#,#,.,.,%,.,.,.,#,.,#,.,%,#,#,#,^,.,%,^,%,^,#,#,.,.,#,.,.,^,P,.,#,%,^,^,#,.,.,.,#,#,#,#,#,#,.,.,.,^,^,.,.,.,%,.,#,.,.,.,#,%,%,.,^,.,#,#,%,%,.,.,.,.,%,.,.,.,.,%,%,.,.,^,.,^,.,.,#,#,#,#,.,%,.,^,%,.,#,#,#,^,#,.,#,.,.,.,#,#,#,#,#,#,.,.,%,.,%,.,#,#,#,.,#,%,#,S,%,^,#,#,#,#,#,#,.,^,^,^,.,%,#,#,#,.,#,.,#,.,^,.,#,#,#,#,#,#,^,%,.,.,.,.,#,#,^,.,%,%,.,.,^,.,#,#,#,#,%,^,.,.,%,#,#,.,.,%,.,%,.,.,.,.,.,.,.,.,#,#,.,#,%,#,.,#,#,.,.,.,.,.,.,%,.,#,^,#,.,#,#,#,.,#,%,#,%,#,#,.,^,.,.,.,#,.,.,#,.,#,.,#,#,#,^,#,%,#,.,#,#,%,.,^,^,.,.,.,.,#,^,#,.,#,#,#,.,%,%,^,.,.,.,^,.,.,^,.,.,^,^,^,^,.,.,.,#,#,#,#,#,#,#,#,#,#,#,#,#,#,#,#,#,#,#,#,#,#,#,
83,#,#,#,#,#,#,#,#,#,#,#,#,#,#,#,#,#,#,#,#,#,#,#,.,^,%,.,.,^,%,.,.,.,^,^,.,.,.,%,#,^,#,.,#,#,.,%,^,%,.,#,.,#,.,#,#,#,#,#,.,.,#,.,#,.,#,#,.,.,#,.,.,#,.,#,^,#,.,F,%,.,.,.,#,^,#,.,#,#,^,.,%,%,^,#,.,#,%,#,#,#,#,#,.,%,#,.,#,^,#,#,.,.,^,.,.,^,^,.,.,.,.,.,.,.,.,^,.,.,.,.,#,#,.,.,^,.,%,.,.,.,.,.,.,.,.,.,^,.,.,.,%,.,#,#,^,.,#,#,#,.,#,%,#,^,#,.,#,%,#,.,#,^,#,.,#,#,.,.,.,.,.,.,#,.,#,%,#,^,#,%,#,.,#,.,#,.,#,#,#,#,#,^,.,.,#,.,#,%,#,^,#,.,#,.,#,.,#,.,#,#,^,.,%,%,^,.,.,.,%,%,^,.,%,%,.,%,#,^,#,.,#,#,^,.,.,.,.,.,P,#,#,.,.,^,.,#,#,^,#,#,#,.,#,#,%,.,.,^,.,%,%,.,.,^,.,.,.,#,#,%,^,.,.,.,#,#,^,.,#,^,.,%,#,#,#,.,%,^,.,#,#,.,#,#,#,.,#,#,.,.,.,.,.,.,%,%,S,.,.,%,.,#,#,^,.,^,.,.,#,#,%,^,%,.,.,.,#,#,#,%,.,.,^,.,.,^,#,#,#,.,#,#,.,.,%,^,.,.,.,.,%,.,.,.,^,.,%,^,%,%,.,.,#,#,#,#,.,.,.,#,#,#,.,%,#,#,^,.,.,#,#,#,.,.,#,#,#,#,.,^,.,%,%,.,%,.,#,#,.,.,.,.,.,^,%,.,#,#,#,#,.,.,.,.,.,#,#,#,#,#,^,%,.,.,.,#,#,#,#,#,#,#,.,.,.,.,^,.,.,^,#,#,.,.,.,.,.,.,.,.,#,#,#,#,#,#,#,#,#,#,#,#,#,#,#,#,#,#,#,#,#,#,#,
84,#,#,#,#,#,#,#,#,#,#,#,#,#,#,#,#,#,#,#,#,#,#,#,.,#,#,#,.,^,.,.,.,%,.,#,#,#,^,%,#,.,#,^,#,#,.,^,.,.,%,%,.,#,.,.,^,.,.,.,.,.,#,^,#,%,#,#,.,#,#,#,.,.,.,.,.,^,.,#,#,#,.,.,%,.,%,.,#,#,.,.,%,.,%,^,.,#,.,%,%,^,.,S,.,.,#,.,#,.,#,#,^,#,#,#,%,%,.,%,^,.,^,#,#,#,%,.,#,.,#,.,#,#,.,.,.,#,#,^,.,%,.,.,#,#,^,.,%,^,#,#,#,.,#,#,.,.,%,#,#,.,#,.,#,.,#,#,.,%,.,%,.,.,%,.,#,#,.,.,.,#,#,.,#,.,#,.,#,#,^,.,^,.,#,#,#,.,#,#,.,.,.,#,#,.,#,.,#,^,#,#,.,%,%,.,.,^,^,.,#,#,.,.,.,.,.,F,.,.,.,.,.,.,.,^,.,.,#,#,#,.,#,#,%,^,%,^,.,.,^,.,^,.,.,%,.,%,^,#,.,.,%,#,#,#,#,#,#,#,^,.,^,%,#,#,#,#,.,%,.,^,.,#,%,.,#,#,%,.,.,.,.,.,.,.,#,#,#,#,.,^,%,.,#,#,#,^,#,#,#,#,#,#,.,%,%,.,#,#,#,#,.,%,.,.,.,#,.,.,#,#,%,%,^,%,%,.,^,.,#,#,#,#,.,.,.,#,.,.,^,P,#,#,%,.,.,%,.,%,.,%,.,.,.,^,.,.,.,.,.,.,.,^,#,#,.,#,#,#,#,^,.,.,#,#,#,#,#,.,%,.,.,#,.,.,#,#,.,.,.,.,%,^,.,.,#,#,%,.,.,.,.,.,.,^,^,.,#,#,%,#,#,#,#,.,.,.,#,#,.,.,#,#,#,.,^,#,.,%,#,#,%,%,.,.,.,.,.,^,#,#,.,.,.,.,^,.,%,%,.,.,#,#,#,#,#,#,#,#,#,#,#,#,#,#,#,#,#,#,#,#,#,#,#,
85,#,#,#,#,#,#,#,#,#,#,#,#,#,#,#,#,#,#,#,#,#,#,#,.,^,.,.,.,.,.,.,%,.,.,^,%,%,%,.,.,%,.,S,#,#,.,.,#,.,.,.,.,.,#,#,.,%,.,.,.,^,#,#,#,#,#,#,.,^,^,^,.,^,.,.,#,#,.,.,#,.,.,.,.,.,.,.,#,#,.,.,#,.,^,%,.,.,#,#,.,.,%,.,^,.,#,#,#,#,#,#,.,%,%,.,.,.,.,%,#,#,^,.,.,.,.,.,.,^,.,^,#,#,.,^,.,.,.,#,#,.,.,.,.,.,.,#,#,.,.,.,#,#,#,#,#,#,#,#,.,#,#,%,.,.,.,.,.,#,#,.,^,.,#,#,#,#,^,.,.,.,%,#,#,^,%,%,.,.,.,#,#,.,.,.,#,#,#,#,#,#,#,#,^,#,#,.,.,.,F,.,.,#,#,.,.,.,#,#,#,#,.,.,.,%,.,%,.,%,.,.,.,.,%,.,%,^,.,.,.,.,#,#,%,.,.,%,%,.,.,.,.,%,.,.,^,.,.,.,.,.,.,.,#,#,.,%,.,^,.,P,#,.,.,.,%,.,.,.,.,.,.,#,#,#,#,#,%,^,#,.,^,#,#,.,^,^,.,.,#,^,%,%,^,.,%,.,#,#,.,.,.,^,.,#,#,.,.,.,.,.,.,.,.,#,#,#,.,.,#,#,.,%,.,%,.,#,#,.,%,^,^,%,.,%,%,%,.,^,%,%,#,#,#,#,%,#,#,#,#,^,#,#,%,.,.,.,.,.,#,#,#,.,#,#,#,#,.,#,#,#,#,^,#,#,.,#,.,#,.,.,.,.,.,.,#,#,^,.,.,.,.,.,.,.,.,.,%,#,.,#,^,.,#,#,#,%,#,#,#,#,^,#,#,#,#,.,#,#,.,#,%,#,.,%,%,.,.,%,#,#,#,#,^,#,#,#,#,.,#,#,.,#,.,#,.,^,#,#,#,.,#,#,#,#,#,#,#,#,#,#,#,#,#,#,#,#,#,#,#,#,#,#,#,
86,#,#,#,#,#,#,#,#,#,#,#,#,#,#,#,#,#,#,#,#,#,#,#,^,%,.,^,.,#,#,.,#,#,.,^,.,.,.,^,.,.,^,%,#,#,#,#,%,%,.,#,#,.,#,#,#,.,#,.,#,.,.,.,#,#,#,#,#,#,.,.,%,.,.,.,.,.,#,.,#,%,#,.,.,.,#,#,#,#,#,#,^,.,%,#,#,.,#,#,#,.,#,.,#,%,%,.,#,#,#,#,#,#,.,^,%,#,#,.,#,#,.,%,.,.,.,.,.,%,#,#,#,#,%,%,^,.,^,.,.,%,.,.,.,#,.,#,.,^,.,^,#,#,#,#,#,#,%,.,S,.,#,.,#,.,.,#,.,#,.,F,.,.,#,#,#,#,#,#,.,^,.,.,#,^,#,.,.,#,.,#,.,.,^,^,#,#,#,#,#,#,^,.,.,.,#,.,#,.,.,#,.,#,.,.,.,.,#,#,#,#,#,#,^,.,.,.,#,.,#,.,.,^,%,.,.,%,.,.,.,.,#,#,#,#,.,.,%,^,.,.,^,%,#,#,^,#,#,.,.,.,.,^,#,#,#,#,.,.,.,#,.,#,.,#,#,#,.,#,#,.,%,#,#,#,#,#,#,#,^,.,^,#,.,#,.,#,.,^,^,%,.,.,^,.,.,.,#,#,#,#,.,%,^,#,.,#,.,#,#,#,.,#,#,#,#,#,.,.,#,#,.,^,.,%,%,.,.,.,.,^,#,P,.,#,#,%,.,.,%,^,#,#,#,^,^,.,#,%,^,.,.,.,.,.,^,.,.,.,%,%,%,.,#,#,.,.,#,.,.,^,.,#,#,#,%,^,#,.,.,#,%,#,.,#,#,#,.,#,#,#,.,.,.,^,.,.,.,%,%,^,%,#,^,#,.,#,#,#,.,%,#,.,.,#,#,#,.,.,%,.,#,^,.,#,.,#,^,#,#,#,#,.,%,.,#,.,%,.,.,.,.,.,%,.,.,^,.,.,.,^,#,#,#,#,#,#,#,#,#,#,#,#,#,#,#,#,#,#,#,#,#,#,#,
87,#,#,#,#,#,#,#,#,#,#,#,#,#,#,#,#,#,#,#,#,#,#,#,%,#,.,#,%,.,.,.,.,.,.,.,.,^,.,.,%,^,^,.,#,#,^,#,.,#,^,#,#,#,%,.,^,.,#,%,.,#,#,#,#,.,#,#,.,.,.,^,%,.,.,.,^,.,^,.,.,%,.,.,.,.,.,.,#,#,.,#,.,#,^,.,%,#,#,#,.,.,#,.,^,#,#,#,#,.,#,#,.,#,.,#,.,.,.,.,^,.,.,.,.,.,.,^,.,.,.,.,#,#,%,^,.,.,.,.,^,%,.,.,#,#,%,.,%,^,^,.,^,.,#,#,.,.,.,^,.,#,.,#,.,#,#,#,%,.,.,#,#,.,.,^,#,#,.,.,#,.,%,#,.,#,%,#,#,#,.,.,.,#,#,.,^,%,#,#,.,.,F,.,.,#,%,#,.,#,#,#,.,.,.,#,#,.,.,.,#,#,.,.,.,.,%,.,%,.,.,.,^,%,.,.,.,#,#,.,%,%,#,#,.,.,.,^,^,#,#,%,#,#,^,.,.,.,.,%,%,^,.,.,#,#,#,#,#,#,.,#,#,.,#,#,.,#,.,P,%,^,^,#,.,.,#,#,%,.,.,.,.,%,%,.,.,%,%,#,^,#,.,%,^,.,^,.,#,#,#,#,#,#,%,#,#,.,#,#,.,#,.,#,.,.,%,#,.,.,#,#,.,.,.,.,^,#,#,%,#,#,^,.,.,.,.,.,.,%,.,.,#,#,.,.,.,.,.,.,.,^,.,.,.,%,%,.,^,.,.,%,#,#,#,#,.,^,#,.,^,^,^,.,#,#,.,#,%,#,.,.,.,.,#,#,#,#,.,.,.,.,.,S,%,^,#,#,.,#,.,#,^,.,^,.,#,#,#,#,^,.,#,.,.,.,.,^,#,#,.,#,.,#,%,.,%,.,#,#,#,#,^,.,.,.,.,.,.,.,#,#,.,%,.,.,.,.,.,%,^,%,#,#,#,#,#,#,#,#,#,#,#,#,#,#,#,#,#,#,#,#,#,#,#,
88,#,#,#,#,#,#,#,#,#,#,#,#,#,#,#,#,#,#,#,#,#,#,#,^,.,.,.,.,.,.,.,.,%,%,.,%,.,.,.,%,.,#,#,#,#,^,.,#,#,#,.,%,#,#,#,#,#,#,.,.,.,^,.,#,#,#,#,.,.,.,.,.,.,^,.,.,.,^,.,.,%,^,.,%,.,#,#,#,#,#,#,#,^,.,#,#,#,.,.,.,.,#,#,#,.,.,.,#,#,#,#,.,^,.,.,.,.,.,.,^,.,.,^,.,.,^,.,%,.,.,.,#,#,.,%,.,^,.,^,.,^,%,^,.,#,#,#,.,#,#,%,#,#,#,#,.,.,.,%,%,.,#,.,#,.,.,.,%,.,.,#,#,.,#,#,#,#,.,.,#,.,.,.,#,.,#,^,^,#,#,#,.,.,^,.,.,^,#,#,.,.,%,.,.,.,#,.,#,.,.,.,.,.,.,#,#,.,#,#,#,#,.,^,.,.,.,.,.,.,.,.,%,#,#,#,.,#,#,.,#,P,#,#,.,#,.,#,%,^,%,.,.,.,#,.,.,^,#,.,%,.,^,.,#,#,.,#,^,#,.,#,#,#,#,.,.,.,#,^,^,.,.,.,.,.,#,#,%,.,.,.,.,.,.,.,.,.,.,#,#,#,.,.,^,#,.,.,#,#,.,#,.,#,.,#,#,#,#,%,.,^,#,^,.,.,.,.,%,.,#,#,^,#,.,#,^,.,.,.,.,.,#,%,^,.,#,.,%,.,.,^,#,#,.,.,.,^,.,.,.,^,%,%,^,.,%,.,.,%,.,^,.,.,#,#,#,#,#,#,.,.,.,.,.,.,.,.,.,#,#,#,#,.,^,.,#,#,.,.,%,.,%,.,^,#,^,.,.,.,^,#,#,#,#,.,F,.,#,#,#,#,#,#,.,.,%,.,^,.,%,.,.,#,#,#,#,.,.,.,#,#,^,S,%,.,.,.,.,.,.,^,.,^,.,#,#,#,#,.,%,.,#,#,#,#,#,#,#,#,#,#,#,#,#,#,#,#,#,#,#,#,#,#,#,
89,#,#,#,#,#,#,#,#,#,#,#,#,#,#,#,#,#,#,#,#,#,#,#,.,#,.,#,.,#,#,.,.,%,^,.,.,%,%,.,%,F,.,.,#,#,.,#,%,#,^,#,#,%,.,^,#,#,#,#,%,#,#,#,#,%,#,#,^,.,%,.,%,#,#,.,.,^,.,.,.,.,%,.,.,.,.,.,#,#,.,#,.,#,.,#,#,.,.,%,#,#,#,#,^,#,#,#,#,.,#,#,%,#,^,#,.,%,.,.,%,%,.,.,.,.,.,.,.,.,.,^,#,#,%,.,%,^,.,.,#,.,#,.,.,%,.,^,.,.,.,^,#,#,#,#,^,.,#,#,#,.,#,.,#,^,#,#,#,^,.,.,^,.,#,#,#,#,S,.,.,^,.,.,#,.,#,.,%,.,^,^,%,.,.,.,#,#,#,#,#,#,#,.,.,%,#,^,#,.,%,^,#,#,#,.,^,%,#,#,#,#,.,.,%,%,%,.,.,.,%,.,.,%,.,.,.,.,^,^,.,.,#,#,.,.,%,.,%,%,%,.,.,.,.,^,%,.,.,#,#,^,.,%,#,#,#,#,#,#,.,.,#,.,#,.,#,.,#,%,#,#,#,.,.,.,#,#,.,.,.,^,.,.,#,.,#,.,#,.,#,.,#,#,#,.,.,.,#,#,#,#,#,#,.,.,#,%,#,%,#,.,#,.,#,#,#,%,%,.,#,#,.,^,.,^,.,.,#,.,#,.,^,%,.,.,.,^,.,%,.,.,#,#,.,.,%,.,.,%,#,#,#,.,.,.,.,.,.,^,%,.,.,%,#,#,#,#,#,#,%,.,^,.,%,.,#,^,#,%,#,.,.,.,.,^,#,#,^,.,.,.,^,.,#,#,P,.,#,.,#,^,#,.,.,#,.,.,#,#,#,#,#,#,.,.,.,.,^,^,#,%,#,.,#,.,%,.,.,.,#,#,.,.,%,.,.,%,#,#,#,.,%,^,.,.,%,.,.,%,%,.,#,#,#,#,#,#,#,#,#,#,#,#,#,#,#,#,#,#,#,#,#,#,#,
90,#,#,#,#,#,#,#,#,#,#,#,#,#,#,#,#,#,#,#,#,#,#,#,.,.,^,.,^,%,.,^,.,%,%,#,.,#,.,#,^,.,.,#,#,#,.,.,#,.,^,.,#,.,#,.,.,#,.,#,.,.,.,#,.,.,#,#,%,%,%,.,^,.,#,.,#,.,^,P,.,#,%,.,#,#,#,%,#,#,.,.,#,%,F,.,#,%,#,.,.,#,%,#,.,.,^,#,.,.,#,#,.,%,.,^,%,%,#,%,#,%,.,^,%,%,%,#,.,.,%,#,#,#,#,#,.,#,#,%,.,%,.,.,.,.,%,.,.,.,.,.,.,^,#,#,#,#,%,#,#,.,.,.,%,.,.,.,#,.,.,.,.,#,.,^,#,#,.,.,.,.,.,%,.,#,%,.,.,%,.,.,.,.,.,%,.,.,#,#,#,#,^,#,#,^,.,.,.,.,.,%,#,.,^,S,%,#,.,^,#,#,#,#,.,#,#,.,.,.,^,.,%,.,^,.,.,%,.,%,.,.,#,#,%,#,^,#,.,^,^,%,^,.,.,%,%,.,.,.,.,.,.,.,#,#,^,#,.,#,.,#,.,#,.,#,#,#,#,^,%,#,#,%,.,%,#,#,^,#,.,#,%,#,.,#,.,#,.,.,.,.,.,#,#,.,.,.,#,#,^,#,.,#,.,#,.,#,%,#,.,.,#,#,#,#,#,^,.,.,#,#,.,.,.,.,^,%,%,.,%,.,.,%,%,%,.,#,#,^,^,^,#,#,#,%,.,.,#,.,.,.,^,.,%,%,.,#,#,.,.,.,.,.,#,#,.,.,#,.,.,#,#,#,.,.,^,%,.,#,#,.,^,#,#,#,#,#,.,#,#,#,^,^,^,.,^,.,.,.,%,#,#,.,.,%,.,.,#,#,.,^,#,^,.,.,.,#,#,#,.,^,.,#,#,#,#,#,.,^,#,#,#,^,.,.,#,.,^,%,.,.,%,%,.,.,.,.,.,.,.,.,#,#,#,#,#,#,#,#,#,#,#,#,#,#,#,#,#,#,#,#,#,#,#,
91,#,#,#,#,#,#,#,#,#,#,#,#,#,#,#,#,#,#,#,#,#,#,#,.,#,#,#,.,.,.,.,.,^,%,#,#,#,.,.,.,.,.,.,#,#,^,.,^,%,.,#,#,.,.,.,.,.,.,.,.,.,#,.,#,.,#,#,.,#,#,#,.,#,#,%,.,%,.,#,#,#,.,.,#,.,#,.,#,#,.,.,.,.,^,#,#,^,.,^,%,.,%,.,^,^,#,.,#,%,#,#,%,#,#,#,%,#,#,.,.,.,.,#,#,#,.,.,#,.,#,.,#,#,.,#,.,#,.,^,%,.,.,.,.,.,.,%,.,.,#,#,#,%,#,#,.,#,.,#,%,.,#,#,#,#,#,#,.,.,.,.,.,.,.,.,#,#,^,#,%,#,%,.,.,.,.,.,#,#,.,^,%,^,#,#,#,.,#,#,.,#,^,#,%,.,#,#,#,#,#,#,%,.,.,.,.,.,.,.,#,#,.,.,^,.,.,.,.,.,.,.,#,#,.,%,.,%,#,#,#,.,#,#,.,.,.,#,#,%,.,.,.,%,.,.,^,.,%,%,^,.,.,S,#,#,.,.,%,#,#,#,#,#,#,.,^,.,#,#,#,#,.,#,^,#,#,#,.,^,.,#,#,.,^,^,.,.,%,.,.,.,.,#,.,#,%,#,#,#,F,.,.,#,#,#,#,#,#,^,#,#,#,.,.,#,.,#,%,#,#,#,.,^,.,.,.,^,^,.,.,.,.,.,.,^,.,.,.,^,.,.,#,#,.,%,%,.,^,^,.,.,^,.,#,#,.,#,#,.,.,.,.,.,#,#,%,%,#,#,#,#,#,P,#,.,#,#,.,#,#,.,.,#,%,^,#,#,.,.,.,.,.,%,.,^,.,^,.,.,.,.,.,.,.,.,.,.,#,#,#,#,#,.,%,#,#,#,#,.,#,#,.,#,#,.,.,#,^,.,#,#,.,%,.,%,%,.,%,%,.,%,#,#,.,#,#,%,.,.,.,.,#,#,#,#,#,#,#,#,#,#,#,#,#,#,#,#,#,#,#,#,#,#,#,
92,#,#,#,#,#,#,#,#,#,#,#,#,#,#,#,#,#,#,#,#,#,#,#,.,.,%,.,^,%,.,.,%,^,.,.,.,.,.,.,.,.,.,.,#,#,#,#,#,^,.,%,%,.,^,.,.,#,.,#,%,.,.,#,%,.,#,#,.,%,.,.,%,.,.,#,.,.,.,#,^,#,.,.,.,.,.,.,#,#,^,.,#,P,#,.,.,.,.,^,%,#,.,#,%,%,.,#,%,%,#,#,.,.,.,.,.,.,.,.,.,^,.,.,.,.,.,F,.,.,.,.,#,#,.,.,^,.,.,.,#,.,#,.,#,.,%,.,#,.,%,%,.,.,#,#,%,.,%,^,.,.,#,.,#,.,.,%,#,%,.,.,^,#,.,.,#,#,.,.,#,.,.,.,^,.,^,.,.,#,#,#,%,.,.,%,.,.,#,#,.,.,^,.,^,^,#,.,#,.,.,.,#,.,.,.,.,#,.,^,#,#,.,^,.,%,^,.,#,.,#,.,#,.,.,.,#,%,.,.,.,%,#,#,.,#,.,#,.,%,^,.,.,.,.,.,.,#,#,^,.,%,.,%,#,#,^,#,%,#,^,%,.,.,#,#,.,^,%,#,#,.,#,^,#,.,#,#,.,.,.,^,.,.,.,^,#,#,.,%,.,#,#,.,#,.,#,%,#,#,.,#,.,#,.,.,.,%,#,#,.,.,.,#,#,.,#,^,#,^,#,#,.,#,.,#,^,.,%,^,#,#,.,.,%,.,^,.,#,.,#,^,#,#,.,#,#,#,.,#,#,.,.,.,%,.,^,#,#,#,#,.,^,%,#,#,.,%,.,.,%,#,#,%,.,.,^,^,.,#,#,#,#,^,^,^,#,#,.,#,#,#,^,#,#,^,^,.,^,^,.,#,#,#,#,.,.,.,#,#,.,.,^,.,.,#,#,.,.,.,^,S,.,#,#,#,#,%,^,.,#,#,.,#,#,#,.,.,%,%,%,%,%,.,^,.,.,.,.,.,%,^,#,#,#,#,#,#,#,#,#,#,#,#,#,#,#,#,#,#,#,#,#,#,#,
93,#,#,#,#,#,#,#,#,#,#,#,#,#,#,#,#,#,#,#,#,#,#,#,^,.,^,%,.,#,^,.,.,#,.,.,.,^,.,.,.,.,%,%,#,#,.,#,.,#,.,.,.,#,%,%,.,.,#,#,#,#,#,#,.,.,#,#,.,#,^,#,.,%,#,#,#,.,.,.,^,.,.,.,.,^,.,.,#,#,.,#,^,#,^,.,.,#,%,.,#,#,#,^,.,.,.,#,#,#,#,#,^,#,.,#,.,#,%,.,.,#,.,.,.,^,.,.,.,.,.,.,#,#,#,P,.,^,^,.,.,.,.,%,^,.,.,.,%,.,#,.,#,.,#,#,#,#,^,.,^,.,.,.,#,#,S,#,#,#,#,.,#,.,#,.,#,#,#,#,.,^,^,.,^,^,#,#,^,.,.,^,.,^,%,^,.,.,#,#,#,#,^,%,.,.,.,.,#,#,%,#,#,#,#,%,#,.,#,.,#,#,.,.,.,.,.,.,.,.,#,#,.,^,.,.,.,^,#,^,#,%,#,#,.,.,.,.,.,^,.,.,.,%,#,.,^,%,#,.,.,.,.,.,#,#,.,.,.,#,#,#,.,#,.,#,%,.,#,.,%,#,#,#,^,%,#,#,.,%,^,#,#,#,%,#,.,#,.,#,#,#,%,^,^,^,.,^,#,#,.,%,.,#,#,#,.,#,%,#,.,.,#,.,.,.,.,#,#,#,#,#,^,.,^,#,#,%,^,.,^,.,#,.,^,.,#,^,.,^,.,.,#,#,#,#,%,%,.,^,^,.,#,#,^,^,.,.,.,#,#,.,^,^,#,#,#,#,.,^,.,.,%,.,#,#,.,^,%,.,^,#,#,.,.,%,#,#,#,#,.,.,^,^,^,%,#,#,.,.,#,.,.,#,#,^,.,.,#,#,#,#,.,.,%,.,.,%,#,#,^,.,.,%,%,#,#,%,F,.,#,#,%,.,%,.,^,.,.,.,%,.,.,.,.,%,.,^,.,.,.,.,#,#,#,#,#,#,#,#,#,#,#,#,#,#,#,#,#,#,#,#,#,#,#,
94,#,#,#,#,#,#,#,#,#,#,#,#,#,#,#,#,#,#,#,#,#,#,#,%,.,.,^,.,.,^,.,.,.,.,#,#,#,.,.,%,%,%,.,#,#,.,.,#,.,.,.,#,.,#,.,%,^,.,^,.,.,.,#,%,%,#,#,.,^,^,.,.,%,#,^,#,^,.,#,#,#,.,.,%,.,.,^,#,#,.,%,#,.,.,.,#,%,#,.,.,.,%,.,.,.,.,#,.,%,#,#,%,.,^,.,.,%,.,.,.,.,%,#,#,#,%,.,%,.,.,.,#,#,.,%,.,%,.,.,.,%,.,.,%,^,.,%,.,^,#,.,#,.,#,#,#,^,#,%,#,#,.,#,.,#,.,.,#,#,#,.,#,.,#,.,#,#,#,.,#,.,#,#,.,#,.,#,.,.,.,.,^,.,%,^,.,%,#,#,#,.,#,.,#,#,.,#,.,#,#,#,#,.,%,%,#,.,#,.,#,#,.,.,.,.,.,.,.,.,.,.,.,.,.,.,^,.,#,.,#,.,#,#,.,#,%,#,.,.,^,.,.,^,%,^,.,.,.,#,^,.,.,#,#,#,.,#,.,#,.,.,.,.,#,#,.,.,#,#,#,.,.,#,.,^,#,#,.,.,.,.,%,^,.,%,#,#,.,.,%,.,.,.,#,#,#,%,#,#,^,P,.,#,.,.,.,S,#,#,#,#,#,.,.,%,%,#,^,.,#,#,%,#,.,#,.,.,^,^,#,#,.,.,.,%,.,#,%,%,%,#,#,#,%,.,.,^,^,.,^,.,.,^,.,^,.,^,.,%,#,.,#,^,#,#,%,#,.,#,.,#,#,^,%,.,%,#,^,#,.,%,#,.,#,^,#,#,.,#,.,#,%,#,#,.,%,%,.,#,%,#,.,.,#,.,#,%,#,#,F,#,^,#,.,#,#,.,.,.,%,#,.,#,^,^,#,%,#,.,#,#,.,#,%,#,.,#,#,.,.,.,.,#,.,#,%,%,.,.,.,.,#,#,#,#,#,#,#,#,#,#,#,#,#,#,#,#,#,#,#,#,#,#,#,
95,#,#,#,#,#,#,#,#,#,#,#,#,#,#,#,#,#,#,#,#,#,#,#,.,.,.,.,%,.,#,#,#,%,^,#,.,#,%,#,.,.,^,#,#,#,.,.,.,#,#,.,.,.,%,^,%,#,.,#,^,^,%,#,%,%,#,#,.,.,.,#,#,.,#,#,#,F,.,.,%,.,.,.,#,#,#,.,#,#,.,^,^,#,#,.,%,.,.,.,^,#,.,#,.,.,.,#,.,.,#,#,.,.,.,#,#,%,#,#,#,^,.,#,.,#,.,#,.,.,.,#,#,#,%,%,.,%,.,^,.,%,.,.,%,%,.,.,%,%,#,%,#,%,#,#,^,.,.,.,.,#,#,#,#,.,#,#,#,#,.,%,#,%,#,^,#,#,.,.,#,%,.,.,%,.,.,%,%,%,^,.,^,.,#,.,#,.,#,#,^,.,.,%,.,#,#,#,#,%,#,#,#,#,%,.,#,.,#,.,#,#,^,^,.,%,.,%,^,%,.,^,%,.,.,%,.,^,.,%,%,%,#,#,.,#,#,#,^,.,.,.,#,#,#,^,.,.,#,#,#,^,#,#,#,#,.,^,^,^,.,^,.,.,#,#,.,%,#,%,.,#,#,.,#,#,#,#,.,#,#,#,^,^,.,.,P,#,%,#,#,#,^,.,.,.,^,^,#,#,.,%,%,.,^,S,.,.,#,#,^,^,#,.,^,#,#,^,#,#,#,#,.,#,#,#,.,.,.,.,%,.,#,.,.,.,#,#,#,^,#,#,#,#,.,^,.,^,%,^,.,%,.,%,#,#,.,.,^,#,.,^,.,#,#,#,%,#,^,#,.,.,#,#,#,#,#,#,.,^,%,^,^,#,.,%,#,#,%,#,^,#,.,%,.,.,.,%,#,#,.,.,%,.,#,#,#,.,#,#,.,#,.,#,.,.,#,#,#,#,#,#,.,.,.,.,.,#,%,.,#,#,%,#,.,#,^,^,.,.,.,.,%,^,%,.,.,#,^,.,%,#,#,#,#,#,#,#,#,#,#,#,#,#,#,#,#,#,#,#,#,#,#,#,#,
96,#,#,#,#,#,#,#,#,#,#,#,#,#,#,#,#,#,#,#,#,#,#,#,.,.,.,#,#,^,.,%,.,.,.,.,%,.,^,%,^,.,.,^,#,#,^,.,.,#,#,%,%,#,#,#,.,#,#,#,#,^,#,.,#,.,#,#,.,.,.,#,#,.,^,.,.,%,.,.,S,.,^,.,#,.,#,.,#,#,.,%,.,#,#,#,#,#,%,.,^,#,#,#,#,.,#,.,#,^,#,#,.,^,%,.,%,^,.,.,.,.,.,^,^,.,^,.,.,%,%,.,#,#,#,#,^,#,#,#,#,.,.,^,^,^,%,%,.,#,#,.,.,%,#,#,#,#,.,#,#,#,#,^,.,.,#,#,#,#,.,#,#,.,.,.,#,#,.,.,.,.,%,#,#,.,.,.,^,.,.,.,.,#,#,.,.,.,#,#,#,#,.,#,#,#,#,%,^,.,#,#,#,#,.,#,#,.,.,%,#,#,#,#,.,#,#,.,.,.,.,.,.,.,.,^,.,.,.,^,.,.,#,#,F,#,.,#,.,.,.,^,.,.,.,.,.,.,.,.,.,.,.,%,#,#,.,#,.,#,^,#,.,#,.,#,.,#,%,#,.,#,#,#,.,%,#,#,.,#,.,#,%,#,^,#,.,#,.,P,.,#,.,^,%,.,.,.,#,#,^,#,.,#,.,#,.,#,.,#,.,#,.,#,.,.,.,#,#,#,#,#,.,%,.,%,%,.,.,.,^,^,.,.,.,%,^,.,.,%,%,^,#,#,^,%,^,#,#,#,.,.,.,#,.,^,%,.,^,.,.,.,#,#,#,#,.,.,^,#,#,.,.,#,.,^,^,#,.,#,^,.,%,^,#,#,#,#,.,.,^,#,#,.,#,#,#,.,^,#,%,#,.,.,.,^,#,#,#,#,^,.,^,#,#,.,.,#,.,^,^,#,.,#,.,.,^,%,#,#,#,#,.,%,.,.,.,#,.,.,.,#,.,.,.,%,.,%,.,.,.,^,#,#,#,#,#,#,#,#,#,#,#,#,#,#,#,#,#,#,#,#,#,#,#,
97,#,#,#,#,#,#,#,#,#,#,#,#,#,#,#,#,#,#,#,#,#,#,#,.,%,.,.,.,S,.,.,.,.,.,#,.,#,.,.,^,.,%,.,#,#,.,^,#,#,#,.,#,%,#,.,.,#,.,#,%,#,#,#,.,.,#,#,.,.,.,.,%,.,#,.,#,%,.,.,.,.,%,.,.,%,^,.,#,#,#,#,#,%,.,.,#,.,#,^,%,#,.,#,^,.,.,#,#,#,#,#,%,%,.,.,.,.,#,.,#,.,.,#,^,#,.,.,%,%,%,.,#,#,.,%,.,.,.,#,#,%,#,#,.,^,.,.,.,.,.,.,.,^,#,#,.,#,.,#,^,#,#,.,#,#,.,.,%,#,#,#,#,.,.,.,#,#,.,#,%,#,.,.,^,.,.,%,.,.,.,#,#,#,#,^,%,.,#,#,.,#,.,#,^,#,#,^,#,#,.,.,.,#,#,#,#,.,.,%,#,#,.,^,.,%,.,#,#,.,#,#,^,^,%,#,#,#,#,.,^,^,#,#,.,.,%,.,.,^,%,.,^,.,.,#,#,#,.,%,.,.,.,.,#,#,.,#,.,#,%,.,.,#,#,#,.,.,^,.,.,#,#,#,.,.,#,#,.,#,^,#,^,.,.,^,.,%,.,#,#,#,.,.,.,.,%,.,#,#,.,#,.,#,^,#,#,#,.,%,.,.,.,.,.,.,%,#,#,#,#,#,.,.,^,%,.,^,^,.,^,.,%,#,#,#,^,.,.,%,.,.,#,#,.,.,.,.,.,^,.,.,.,%,#,.,^,.,P,.,%,%,%,%,#,#,#,^,#,.,#,%,#,#,#,#,.,.,#,.,.,.,.,^,.,.,#,#,#,.,#,.,#,.,.,.,.,.,^,#,#,#,^,.,.,#,.,.,#,#,#,.,#,.,#,.,#,#,#,#,^,.,#,.,.,^,^,%,.,.,#,#,.,.,.,%,.,.,%,.,^,.,#,^,^,F,#,^,.,.,.,%,#,#,#,#,#,#,#,#,#,#,#,#,#,#,#,#,#,#,#,#,#,#,#,
98,#,#,#,#,#,#,#,#,#,#,#,#,#,#,#,#,#,#,#,#,#,#,#,#,#,^,.,.,%,^,.,^,.,#,.,.,.,#,.,.,^,.,.,#,#,#,#,F,.,.,^,#,.,#,.,.,^,#,.,%,#,#,#,#,^,#,#,#,#,^,.,.,^,#,^,#,.,.,#,#,#,%,.,^,.,%,.,#,#,#,#,.,.,.,.,#,.,#,.,.,%,#,.,.,#,#,#,#,.,#,#,%,^,.,.,.,^,.,.,^,^,#,.,.,.,#,.,%,.,%,^,#,#,.,^,.,.,.,.,#,.,#,.,.,#,.,#,%,.,#,^,#,^,#,#,.,#,.,#,^,.,#,^,#,^,.,#,%,#,^,.,#,.,#,.,#,#,.,#,%,#,^,.,.,.,.,.,^,.,.,.,.,.,.,.,.,.,#,#,.,#,.,#,^,.,#,%,#,%,.,#,%,#,.,%,#,%,#,%,#,#,%,#,.,#,.,^,#,%,#,^,%,#,S,#,.,^,#,%,#,^,#,#,.,.,%,.,^,.,.,.,.,%,.,.,.,.,.,#,.,.,.,#,#,#,#,#,#,#,.,#,.,#,.,#,.,#,.,#,.,%,.,#,.,%,#,#,.,.,.,.,%,#,%,#,.,#,^,P,.,#,.,%,#,#,#,.,#,#,#,#,#,#,%,#,^,#,.,#,^,#,.,#,^,%,.,#,%,.,#,#,^,.,%,%,.,%,%,.,.,%,.,#,%,#,%,#,%,^,.,#,#,#,.,.,.,.,.,#,.,^,.,#,.,#,.,#,.,%,.,.,.,.,#,#,#,^,#,.,#,.,.,#,^,.,%,#,.,#,.,.,^,.,#,#,#,#,#,.,#,.,#,.,#,#,#,.,.,.,^,.,%,%,%,.,#,#,#,#,#,.,#,.,#,^,.,#,.,.,.,#,.,#,.,.,^,.,#,#,#,#,.,.,%,%,^,#,.,.,.,#,.,#,.,#,.,.,^,%,#,#,#,#,#,#,#,#,#,#,#,#,#,#,#,#,#,#,#,#,#,#,#,#,#,
99,#,#,#,#,#,#,#,#,#,#,#,#,#,#,#,#,#,#,#,#,#,#,#,.,%,.,.,.,.,%,.,.,.,^,%,.,.,.,.,.,.,.,^,#,#,.,.,#,^,^,.,.,#,S,.,#,.,#,%,#,%,#,%,#,.,#,#,.,.,%,%,%,.,.,F,.,%,#,%,#,%,#,.,#,.,#,^,#,#,^,.,#,.,.,.,^,#,.,.,#,.,#,.,#,.,#,.,#,^,#,#,.,.,.,.,.,%,^,.,%,.,.,.,^,^,^,.,#,^,#,^,#,#,.,.,%,#,#,%,.,.,^,%,#,.,.,.,#,.,%,.,%,.,#,#,%,.,.,#,#,#,#,#,.,^,^,.,#,^,.,#,^,#,.,#,#,#,.,.,.,#,#,.,^,.,%,^,.,#,#,#,.,#,.,#,.,#,#,#,.,^,%,#,#,%,.,#,#,#,.,%,#,.,.,#,^,#,.,#,#,#,.,%,.,.,.,%,.,^,.,.,#,^,.,.,#,.,%,%,.,^,#,#,.,.,.,.,.,.,.,.,^,.,.,.,^,.,.,.,#,%,#,.,#,#,%,^,^,.,.,.,.,#,#,#,#,#,#,#,%,.,#,.,#,%,#,#,.,.,#,^,.,.,^,%,.,^,.,.,%,.,.,.,^,%,^,.,#,#,.,.,%,.,.,#,#,#,.,^,#,#,#,#,.,.,#,%,#,%,#,#,%,%,.,.,^,.,.,^,.,.,^,.,.,.,%,.,#,.,#,.,#,#,.,.,^,%,%,.,#,.,#,^,^,%,.,.,%,#,.,%,%,#,#,#,.,^,#,#,#,.,#,.,#,.,#,#,#,^,%,%,.,#,%,.,#,#,%,%,.,.,%,.,.,.,.,.,.,.,%,.,^,%,#,#,#,.,#,#,#,#,#,.,.,%,#,.,#,.,^,^,#,#,#,^,.,#,^,^,#,#,%,.,.,.,.,.,#,%,P,%,%,.,%,%,.,#,.,.,%,#,#,#,#,#,#,#,#,#,#,#,#,#,#,#,#,#,#,#,#,#,#,#,#,
100,#,#,#,#,#,#,#,#,#,#,#,#,#,#,#,#,#,#,#,#,#,#,#,.,^,.,.,%,.,.,^,.,.,.,%,.,.,.,.,.,.,.,%,#,#,#,#,.,.,.,^,#,.,#,^,#,#,#,.,%,.,.,#,%,^,#,#,#,#,.,.,.,^,#,.,#,.,.,.,%,%,.,.,.,.,.,^,#,#,#,#,.,.,.,.,#,.,#,.,.,.,#,#,#,.,^,#,%,%,#,#,#,#,^,^,.,.,%,.,^,%,^,%,.,.,.,.,.,^,%,.,#,#,#,#,.,.,.,.,.,.,.,.,^,.,^,.,.,S,%,^,.,.,#,#,#,#,.,.,.,#,#,#,#,^,#,#,#,#,.,#,#,#,.,^,#,#,#,#,.,.,.,.,^,%,.,%,%,.,.,.,.,^,^,.,.,.,#,#,#,#,^,.,.,#,#,#,#,.,#,#,#,#,.,%,^,#,#,#,#,#,.,%,.,%,.,.,.,.,.,.,.,.,.,%,.,.,.,.,.,^,#,#,.,.,^,%,^,^,#,.,#,%,^,.,^,.,.,.,^,.,^,.,#,#,^,#,.,#,.,.,#,^,#,.,%,#,#,#,#,.,.,#,#,#,#,#,.,#,%,#,%,%,#,^,#,.,.,^,.,.,.,.,.,.,%,%,#,#,.,#,.,#,.,%,#,.,#,%,.,#,#,#,#,#,#,#,F,%,#,#,.,#,.,#,.,.,.,.,^,.,.,.,.,.,.,.,.,%,.,^,#,#,.,.,.,#,#,#,^,.,^,#,.,.,%,%,.,^,^,^,%,.,#,#,.,.,^,#,#,%,^,#,.,.,^,.,#,#,#,%,#,.,#,^,#,#,.,.,.,#,#,%,#,#,#,%,.,.,^,.,.,.,#,.,#,^,#,#,.,^,.,#,#,.,.,#,.,%,#,P,#,.,^,.,#,.,#,.,#,#,.,^,%,.,%,#,^,^,.,#,.,.,.,%,.,.,#,^,#,.,#,#,#,#,#,#,#,#,#,#,#,#,#,#,#,#,#,#,#,#,#,#,#,
101,#,#,#,#,#,#,#,#,#,#,#,#,#,#,#,#,#,#,#,#,#,#,#,.,.,^,%,.,^,^,F,.,^,#,#,^,#,#,.,%,%,.,.,#,#,#,#,#,#,.,.,#,%,#,%,#,#,.,#,#,.,#,#,#,#,#,#,.,.,.,%,%,.,#,%,#,.,.,.,%,.,.,.,.,.,.,.,#,#,#,#,#,#,.,.,#,.,#,.,#,#,%,#,#,.,#,#,#,#,#,#,.,^,.,%,.,.,.,.,%,%,#,#,^,#,#,%,%,.,%,.,#,#,.,.,.,.,^,%,.,.,.,.,^,.,.,.,%,%,.,.,.,%,#,#,.,#,.,#,.,^,.,#,#,#,#,#,.,.,%,%,#,#,#,#,#,#,.,#,^,#,.,^,%,^,.,.,#,#,.,.,.,.,.,.,^,.,#,#,.,#,.,#,%,#,#,#,.,^,#,#,^,.,.,%,#,#,#,#,#,#,.,#,.,P,.,%,%,.,.,.,#,#,.,.,%,.,.,.,.,.,#,#,.,#,.,#,%,.,.,.,%,.,.,#,.,#,^,.,#,#,#,.,#,#,.,#,.,#,^,#,#,.,^,.,.,#,.,#,%,.,^,.,.,^,#,#,^,^,.,.,.,#,#,.,.,.,%,#,%,#,.,^,#,#,#,%,#,#,.,#,%,#,^,#,#,.,^,%,.,#,^,#,.,%,.,.,.,.,#,#,.,#,.,#,.,#,#,.,.,.,.,.,^,.,%,^,#,#,#,.,#,#,.,%,S,.,.,%,#,.,#,%,%,^,.,%,.,^,^,^,.,.,#,#,.,.,#,#,#,.,#,.,#,^,#,#,.,.,.,.,.,#,.,.,#,#,%,.,.,.,.,.,#,%,#,.,#,#,.,.,.,.,.,.,.,^,#,#,#,#,#,.,.,^,#,^,#,.,#,#,.,^,.,.,.,#,.,.,#,#,.,.,.,%,.,.,^,.,.,%,#,#,.,.,.,%,.,.,.,.,#,#,#,#,#,#,#,#,#,#,#,#,#,#,#,#,#,#,#,#,#,#,#,
102,#,#,#,#,#,#,#,#,#,#,#,#,#,#,#,#,#,#,#,#,#,#,#,.,.,.,.,.,.,.,^,.,.,^,#,.,#,.,.,^,.,%,%,#,#,%,%,.,.,%,%,.,%,^,.,^,#,.,#,.,.,.,.,^,^,#,#,.,.,#,.,.,.,.,#,.,.,^,#,.,#,%,.,.,#,.,.,#,#,.,.,^,.,.,.,.,.,.,.,.,#,.,#,F,^,.,.,.,%,#,#,.,.,.,%,.,.,.,.,^,.,^,.,^,.,%,.,^,.,.,.,#,#,#,#,^,#,#,.,#,#,#,.,.,.,.,#,#,^,.,^,.,.,#,#,#,#,^,#,#,.,.,.,%,.,^,^,^,#,#,.,%,#,%,.,#,#,.,.,%,^,.,.,#,#,#,^,.,.,.,#,#,^,^,.,.,.,#,#,#,#,.,#,#,^,.,.,.,%,.,.,S,#,#,.,.,#,.,^,#,#,#,#,.,#,#,.,#,#,#,.,.,^,.,^,.,.,.,.,.,.,#,#,.,.,.,.,.,.,#,%,#,%,.,^,%,.,^,#,#,.,#,#,#,#,^,.,.,^,.,.,#,.,#,.,^,^,^,#,#,#,#,.,P,#,#,#,.,.,#,%,.,.,.,%,.,%,%,^,.,#,#,.,.,%,.,%,#,#,^,.,.,.,.,.,#,^,#,%,.,.,.,#,#,#,#,%,#,#,#,#,.,.,.,.,.,.,#,^,#,%,.,%,^,#,#,#,#,.,#,#,#,#,.,.,%,%,.,.,.,^,.,.,.,^,%,.,.,.,.,^,^,.,#,#,^,^,#,#,#,.,#,.,#,.,%,^,#,.,^,^,^,#,.,%,#,#,.,%,%,.,%,^,#,.,#,^,.,.,%,.,.,.,.,.,%,.,#,#,#,#,#,%,.,.,#,.,#,^,%,.,#,.,.,.,.,#,^,^,#,#,.,.,.,.,.,.,#,.,#,.,.,.,.,.,.,.,.,.,.,%,#,#,#,#,#,#,#,#,#,#,#,#,#,#,#,#,#,#,#,#,#,#,#,
103,#,#,#,#,#,#,#,#,#,#,#,#,#,#,#,#,#,#,#,#,#,#,#,.,^,%,.,.,.,#,.,#,^,#,#,.,#,#,.,.,.,^,.,#,#,.,%,^,^,.,^,#,.,#,.,#,#,.,#,#,#,#,#,#,.,#,#,.,^,#,.,.,.,.,.,%,%,.,.,%,^,^,.,.,%,.,.,#,#,^,.,.,.,%,.,#,^,#,.,#,#,^,#,#,#,#,#,#,.,#,#,.,.,^,.,%,%,#,.,#,^,#,#,.,#,#,.,^,.,.,^,#,#,#,.,.,.,#,.,.,.,.,.,#,#,%,#,#,.,.,.,.,.,#,#,F,.,#,.,^,#,#,#,#,.,#,#,.,#,#,.,%,#,#,#,#,#,%,#,#,#,.,.,^,.,.,%,.,.,.,.,.,.,.,.,.,.,#,#,^,.,P,.,.,#,#,#,#,.,#,#,.,#,#,#,#,#,.,^,#,#,#,^,.,.,#,.,%,.,^,.,#,#,.,#,#,.,^,.,^,%,#,#,#,#,.,#,#,.,%,^,.,.,#,#,.,^,.,.,.,%,.,.,#,#,#,#,.,#,#,.,.,#,#,#,#,#,.,%,^,.,^,%,.,.,#,#,.,.,.,.,.,.,.,.,.,.,#,#,%,^,.,.,.,#,.,^,#,#,#,#,^,#,#,#,#,#,.,.,#,#,%,S,.,.,.,%,%,.,#,#,#,#,.,#,#,^,.,^,.,^,^,.,%,^,.,%,%,.,%,.,#,#,.,.,.,.,%,^,.,.,.,.,.,.,.,.,.,.,.,.,^,.,#,#,#,#,#,#,.,%,.,.,.,^,.,.,.,^,.,#,#,.,.,.,#,#,%,.,.,^,.,.,.,#,.,%,%,^,#,^,.,#,#,.,^,.,#,#,#,#,#,#,.,%,.,.,^,.,.,.,.,.,^,#,#,.,.,.,#,#,.,^,.,%,.,^,^,^,.,.,.,.,.,.,.,#,#,.,.,.,#,#,#,#,#,#,#,#,#,#,#,#,#,#,#,#,#,#,#,#,#,#,#,
104,#,#,#,#,#,#,#,#,#,#,#,#,#,#,#,#,#,#,#,#,#,#,#,^,^,.,.,.,%,.,.,#,#,.,.,.,.,.,.,.,.,#,#,#,#,#,.,#,.,#,%,.,.,#,#,#,%,#,^,#,.,%,.,#,#,#,#,#,%,#,.,#,.,%,.,#,#,#,.,#,.,#,.,.,.,#,#,#,#,#,.,#,%,#,^,.,.,#,#,#,.,#,.,#,.,.,.,#,#,#,#,.,.,.,.,^,.,.,.,%,.,.,.,%,.,%,.,.,.,%,^,#,#,.,.,^,%,.,^,.,.,.,^,.,#,.,#,%,.,.,.,%,.,#,#,.,^,#,#,#,#,#,^,^,.,.,#,%,#,.,^,#,.,#,.,#,#,.,.,S,.,.,#,#,%,^,%,^,^,%,.,.,.,#,^,#,.,#,#,#,#,#,.,%,#,#,.,^,.,.,#,.,#,.,.,#,.,#,%,#,#,.,.,.,.,.,#,#,.,.,.,.,#,%,#,^,.,.,%,^,.,#,#,.,.,.,.,^,.,.,.,.,.,.,.,.,%,^,.,^,.,%,.,#,#,.,%,^,.,.,#,#,#,%,.,.,#,^,#,F,#,#,.,.,%,#,#,%,.,#,%,.,.,.,.,.,.,.,#,.,#,.,#,#,.,.,.,#,#,^,%,%,.,.,.,^,#,#,#,%,#,^,#,^,#,#,.,%,^,#,#,%,^,.,^,^,.,.,.,%,.,^,.,.,%,.,#,#,.,.,.,#,#,.,.,.,.,.,.,#,.,#,.,.,^,.,.,^,.,^,.,#,P,#,#,.,.,#,^,.,.,#,.,#,.,#,#,#,%,.,^,%,.,#,#,#,#,.,%,.,^,^,.,#,.,#,%,.,.,.,.,%,.,^,.,#,#,#,#,.,.,#,.,.,%,#,^,#,.,.,%,#,#,#,.,.,.,#,#,#,#,%,.,%,.,.,%,.,.,%,.,.,.,.,^,%,.,.,.,.,.,#,#,#,#,#,#,#,#,#,#,#,#,#,#,#,#,#,#,#,#,#,#,#,
105,#,#,#,#,#,#,#,#,#,#,#,#,#,#,#,#,#,#,#,#,#,#,#,^,.,%,.,.,%,.,%,.,.,%,#,#,#,.,%,#,P,#,%,#,#,#,#,#,^,.,#,%,#,.,#,.,^,%,^,.,.,%,^,.,.,#,#,.,.,.,%,.,#,.,#,F,#,.,#,#,#,%,.,#,#,#,.,#,#,.,%,#,#,#,#,^,#,%,#,.,%,.,.,.,.,.,.,.,^,#,#,.,.,.,%,^,.,S,.,^,%,%,#,#,#,.,.,#,#,#,^,#,#,%,#,%,#,.,.,#,#,#,%,^,#,^,#,^,%,.,.,#,#,#,#,.,#,.,#,^,.,.,.,.,.,.,#,.,#,.,%,.,^,#,#,#,#,.,.,.,.,.,^,#,#,#,.,%,.,^,^,.,.,%,.,#,#,#,#,.,#,.,#,%,.,.,.,.,.,.,#,^,#,%,^,^,^,#,#,#,#,.,#,^,#,%,.,#,#,#,%,%,#,%,#,^,.,.,.,.,.,#,#,.,^,.,.,.,%,^,.,%,.,.,.,.,.,.,.,.,^,.,.,#,#,#,^,#,.,#,%,^,.,#,#,.,.,.,#,#,.,^,.,#,#,#,#,#,.,#,^,#,.,.,%,#,#,.,.,^,#,#,^,^,^,#,#,#,#,#,.,#,^,#,.,^,^,#,#,^,^,%,#,#,.,.,.,#,#,#,#,.,.,.,.,.,.,.,.,#,#,^,.,.,#,#,.,%,^,#,#,#,#,%,#,.,#,.,%,.,.,.,.,.,#,#,#,^,%,.,.,.,.,#,#,^,#,^,#,^,#,#,%,%,.,.,%,.,.,.,#,#,#,.,.,#,#,.,.,.,%,^,#,#,%,.,.,.,#,#,#,.,.,.,.,%,.,#,#,.,#,.,#,^,#,#,.,.,.,^,.,%,^,.,^,^,#,#,#,#,#,.,#,.,#,.,#,#,.,^,%,.,#,#,#,%,.,%,.,^,.,#,#,#,#,#,#,#,#,#,#,#,#,#,#,#,#,#,#,#,#,#,#,#,
106,#,#,#,#,#,#,#,#,#,#,#,#,#,#,#,#,#,#,#,#,#,#,#,.,.,.,.,%,.,.,.,#,#,#,.,.,.,#,.,.,.,.,^,#,#,.,.,#,#,#,%,.,.,#,#,^,^,#,.,%,#,#,#,#,^,#,#,^,.,.,.,.,.,.,.,#,#,%,#,#,#,%,.,.,^,%,%,#,#,#,#,#,.,.,.,%,.,#,#,^,.,#,.,%,#,#,#,#,.,#,#,.,^,.,.,%,.,S,.,%,.,#,.,.,.,#,.,%,.,^,.,#,#,.,.,^,^,.,.,.,.,^,.,.,.,.,%,^,.,#,#,#,^,#,#,^,.,.,#,#,#,%,#,.,#,#,#,#,#,.,.,.,.,.,.,#,#,.,^,.,#,#,#,.,#,%,#,F,.,.,%,.,.,#,#,#,%,#,#,.,.,.,#,#,#,.,#,.,#,#,#,#,#,%,.,.,.,.,.,#,#,%,%,.,#,#,.,.,%,.,^,^,^,.,.,%,.,#,#,#,.,#,#,#,^,.,%,#,.,.,.,.,.,.,%,^,.,.,^,.,.,.,.,#,#,%,.,#,%,.,^,#,#,#,#,^,#,.,#,.,%,%,#,.,.,#,#,.,#,#,#,^,%,.,^,.,.,%,#,^,#,.,.,%,.,.,.,#,#,.,.,#,.,^,.,#,P,#,#,%,#,.,#,^,.,.,#,.,%,#,#,#,.,^,.,#,%,.,.,.,^,.,#,.,#,^,^,.,.,^,%,#,#,%,.,.,%,.,.,#,#,#,.,.,#,#,#,%,^,^,^,.,.,#,#,.,^,#,#,#,%,.,.,.,^,.,.,.,.,.,#,^,#,.,#,#,#,.,%,.,.,.,^,#,#,#,.,^,#,#,#,.,#,.,#,.,#,#,#,#,#,#,.,.,.,.,^,.,^,^,^,.,^,^,#,.,#,.,#,#,#,.,.,.,.,%,.,#,#,#,.,.,#,#,#,.,^,.,%,.,.,#,#,#,#,#,#,#,#,#,#,#,#,#,#,#,#,#,#,#,#,#,#,#,
107,#,#,#,#,#,#,#,#,#,#,#,#,#,#,#,#,#,#,#,#,#,#,#,.,.,.,#,#,#,#,%,.,%,%,%,.,.,.,.,%,^,.,%,#,#,S,.,.,#,#,#,#,.,.,^,.,.,#,^,.,#,#,#,.,.,#,#,%,.,%,#,#,#,#,.,.,.,^,.,F,.,.,%,.,^,.,.,#,#,.,%,.,#,#,#,#,.,.,.,.,.,#,.,.,.,.,#,#,#,#,#,.,.,%,^,.,%,.,.,.,.,.,.,.,.,^,%,.,%,.,.,#,#,.,.,.,.,%,%,^,.,.,^,.,%,.,#,#,#,#,.,%,.,#,#,^,#,.,#,.,#,#,.,.,.,.,%,.,#,#,#,#,.,.,^,#,#,.,#,%,#,.,#,#,%,.,^,^,.,^,#,#,#,#,.,%,.,#,#,^,#,.,#,.,#,#,^,.,%,.,.,.,#,#,#,#,.,.,%,#,#,.,^,.,.,^,#,#,.,%,^,.,.,.,^,.,.,.,.,%,.,#,#,#,.,.,.,#,%,.,%,.,.,.,^,.,.,.,.,#,.,#,^,#,#,^,%,#,.,^,#,#,#,#,.,.,.,.,#,#,.,#,.,#,.,#,#,.,#,#,#,.,.,.,.,%,^,.,.,.,#,#,.,.,.,.,^,#,#,%,.,#,.,.,#,#,#,#,%,.,.,^,#,#,.,#,.,#,.,#,#,#,.,.,.,#,.,.,^,.,.,^,%,.,#,#,.,#,.,#,.,#,#,.,.,%,.,.,.,.,.,%,.,.,.,.,%,^,%,#,.,#,^,#,#,.,%,%,#,#,.,#,.,#,%,#,.,P,^,#,.,#,.,#,.,#,#,.,.,^,#,#,.,#,.,#,.,#,^,#,%,#,.,^,^,.,.,#,#,.,.,.,#,#,.,#,.,#,.,#,.,#,%,#,^,#,^,#,.,#,#,.,.,.,#,#,.,#,.,#,%,.,.,.,.,^,.,#,.,#,^,#,#,#,#,#,#,#,#,#,#,#,#,#,#,#,#,#,#,#,#,#,#,#,
108,#,#,#,#,#,#,#,#,#,#,#,#,#,#,#,#,#,#,#,#,#,#,#,.,^,.,#,#,^,.,%,.,.,#,#,.,#,#,.,.,.,.,.,#,#,^,.,^,#,#,#,.,#,%,#,#,#,%,#,#,^,#,.,#,.,#,#,.,.,.,#,#,#,%,#,^,#,.,%,.,%,.,.,#,.,#,.,#,#,^,.,^,#,#,#,.,#,^,#,P,#,.,#,#,.,#,.,#,.,#,#,.,^,.,%,.,.,.,.,.,^,#,#,.,#,#,^,.,.,.,%,#,#,.,.,.,^,.,.,.,.,.,.,.,.,.,.,%,.,.,.,^,.,#,#,%,#,#,#,#,#,#,.,.,^,.,.,#,#,#,#,#,%,.,%,#,#,.,%,^,S,^,#,#,.,.,^,%,.,^,.,.,#,#,.,%,^,#,#,%,#,#,#,#,#,#,.,.,.,#,#,#,.,.,#,#,.,^,%,#,#,.,.,.,.,.,#,#,.,.,^,.,%,.,%,.,#,#,%,.,%,#,#,%,%,.,.,.,.,.,.,.,%,#,.,.,.,#,.,.,.,.,.,#,#,.,.,#,.,.,^,.,#,.,.,.,.,#,.,%,#,#,.,^,.,#,#,^,.,.,.,%,.,.,.,.,.,.,#,#,#,^,#,#,.,.,^,#,#,.,.,#,.,.,.,.,#,.,.,.,.,#,.,.,#,#,.,.,%,#,#,.,%,.,%,.,%,%,.,%,^,#,.,.,%,#,#,#,.,.,.,#,#,.,.,.,.,.,.,.,.,.,^,.,.,%,.,%,^,.,^,^,^,#,#,.,.,.,#,#,.,F,.,.,.,#,.,#,%,#,#,.,#,.,#,#,#,.,^,.,#,#,%,.,#,^,%,#,.,#,^,#,#,.,#,^,#,#,#,.,.,.,#,#,.,.,.,.,.,#,%,#,.,#,#,.,#,.,#,#,#,%,^,%,#,#,.,^,.,.,.,.,.,^,^,.,.,^,.,.,.,#,#,#,#,#,#,#,#,#,#,#,#,#,#,#,#,#,#,#,#,#,#,#,
109,#,#,#,#,#,#,#,#,#,#,#,#,#,#,#,#,#,#,#,#,#,#,#,.,^,.,.,.,^,%,.,.,%,.,.,.,#,#,.,.,.,%,.,#,#,#,#,#,#,^,%,#,#,#,#,%,^,.,#,#,#,#,#,.,%,#,#,^,%,.,.,.,.,^,.,.,.,^,^,%,#,#,%,%,^,.,^,#,#,#,#,#,#,.,.,#,P,#,#,.,.,.,#,#,.,.,#,#,#,#,#,.,%,.,%,.,.,^,%,.,%,.,%,^,.,.,.,.,.,.,.,#,#,#,.,%,.,#,#,.,.,.,#,.,%,%,^,^,.,%,%,.,^,#,#,.,.,#,.,.,.,.,#,.,.,.,.,.,#,#,.,.,#,.,.,#,#,.,#,#,#,.,.,#,#,#,.,.,.,.,#,#,.,.,.,.,%,#,#,.,%,#,.,%,.,.,#,.,.,.,.,.,#,#,%,^,#,.,%,#,#,#,.,.,^,#,#,%,.,.,#,.,^,.,#,#,.,^,%,.,.,#,#,#,#,%,#,#,.,%,^,%,.,#,#,.,.,S,%,.,%,.,.,#,#,#,#,.,#,#,#,.,#,.,#,#,#,.,.,.,.,.,#,#,#,#,#,.,.,^,^,.,#,.,#,.,#,#,#,.,.,.,.,.,.,^,.,#,#,#,#,^,#,#,#,.,#,%,#,#,#,.,.,%,#,#,#,.,.,#,#,#,#,.,#,#,.,%,%,.,.,%,.,.,.,.,.,^,.,.,.,#,#,^,.,.,.,^,.,^,F,^,.,#,.,.,.,#,.,%,.,^,.,#,#,.,#,#,#,#,^,^,.,#,#,.,%,#,^,.,.,#,#,#,#,#,#,.,^,^,.,.,.,%,.,#,#,^,#,#,#,^,^,.,^,.,%,#,#,^,#,#,#,#,.,^,^,#,#,.,.,#,%,.,^,#,#,#,#,#,#,^,.,.,.,.,%,.,.,#,#,#,.,%,.,#,%,.,.,^,%,#,#,#,#,#,#,#,#,#,#,#,#,#,#,#,#,#,#,#,#,#,#,#,
110,#,#,#,#,#,#,#,#,#,#,#,#,#,#,#,#,#,#,#,#,#,#,#,.,%,.,%,.,.,.,%,%,.,.,.,^,#,#,#,^,.,.,#,#,#,#,.,#,S,#,^,#,%,#,^,.,.,.,#,#,.,%,#,%,.,#,#,#,^,#,.,#,.,#,%,#,^,^,.,.,#,#,%,#,#,#,.,#,#,#,.,#,.,#,%,#,%,#,.,%,.,.,#,#,.,.,#,^,^,#,#,%,.,.,.,.,.,%,.,.,.,.,%,^,.,.,#,.,^,.,#,#,#,%,#,.,P,.,^,.,.,^,.,.,%,.,.,^,#,#,^,.,F,#,#,.,#,.,#,.,#,#,#,#,%,.,#,.,#,.,#,#,.,.,.,#,#,.,%,^,.,.,^,.,.,.,.,.,#,%,#,^,#,#,.,.,.,#,#,.,#,.,#,.,#,#,#,#,^,.,#,.,#,.,#,#,.,.,.,#,#,.,#,.,#,%,.,.,%,.,.,%,#,^,#,.,.,.,%,.,%,#,#,#,.,^,.,#,.,.,.,.,.,#,#,.,.,^,.,#,.,#,.,#,#,^,^,#,.,^,#,#,%,^,.,#,#,.,%,^,.,#,%,#,.,#,#,^,#,#,#,%,#,#,.,^,.,#,#,.,%,.,.,#,.,#,.,#,#,.,.,#,.,.,#,#,.,.,.,#,#,^,^,.,.,#,.,#,^,#,#,#,.,.,.,#,#,#,.,.,.,^,.,.,.,.,.,.,.,.,.,#,#,.,.,^,.,%,.,#,#,#,.,.,%,%,.,.,.,.,.,.,.,#,#,%,#,#,#,#,.,.,%,^,.,#,#,#,.,.,.,.,#,^,.,#,#,.,.,.,.,.,.,#,#,#,^,.,%,%,.,.,.,.,.,.,%,#,#,.,#,#,#,#,^,^,.,.,^,.,.,#,#,#,^,.,#,.,%,#,#,.,.,.,.,^,%,#,#,#,^,^,^,%,.,%,.,.,.,^,.,#,#,#,#,#,#,#,#,#,#,#,#,#,#,#,#,#,#,#,#,#,#,#,
111,#,#,#,#,#,#,#,#,#,#,#,#,#,#,#,#,#,#,#,#,#,#,#,.,%,.,.,.,.,.,.,.,%,.,#,%,#,%,%,.,.,#,#,#,#,.,#,.,#,%,.,.,^,.,.,.,#,.,#,.,.,%,.,#,#,#,#,.,#,.,#,.,.,^,#,.,.,%,.,.,.,%,.,.,%,#,#,#,#,.,#,.,P,.,.,.,^,.,.,.,#,.,#,%,.,.,.,#,#,#,#,.,.,.,.,.,.,.,.,.,%,.,#,%,#,.,.,.,.,^,S,#,#,.,^,.,.,.,.,^,.,.,^,.,#,#,#,^,%,.,.,#,#,#,#,.,.,^,.,.,.,#,#,#,#,.,%,^,.,%,.,^,.,#,#,#,#,%,.,#,%,.,.,.,%,.,.,.,#,#,#,%,.,%,^,#,#,#,#,.,.,^,.,%,.,#,#,#,#,.,.,^,%,.,.,.,%,#,#,#,#,.,.,%,.,.,.,.,^,.,.,%,#,#,#,.,.,.,.,.,.,#,#,.,^,.,.,.,%,.,.,^,.,.,.,.,%,%,^,.,.,.,.,#,#,.,^,^,#,#,^,#,#,#,#,#,.,#,%,#,.,%,%,#,#,#,#,.,^,^,#,#,^,.,^,.,.,#,%,#,%,#,^,.,.,#,#,#,#,.,%,^,#,#,.,#,#,#,#,#,.,#,.,#,%,.,.,#,#,#,#,^,.,^,#,#,.,.,.,.,.,.,.,%,.,.,.,.,%,#,#,#,#,^,%,%,.,%,F,#,.,#,^,#,#,%,#,#,.,.,%,%,.,#,#,#,.,#,^,#,.,#,.,#,.,#,#,.,#,#,#,#,.,%,.,#,#,#,.,#,.,#,.,%,.,%,^,.,%,.,.,%,#,#,.,.,.,#,#,#,^,#,%,#,.,#,.,#,%,#,#,.,#,#,#,#,%,.,.,#,#,.,.,%,.,%,.,#,.,#,.,#,#,%,#,#,#,#,.,.,.,#,#,#,#,#,#,#,#,#,#,#,#,#,#,#,#,#,#,#,#,#,#,#,
112,#,#,#,#,#,#,#,#,#,#,#,#,#,#,#,#,#,#,#,#,#,#,#,#,#,.,.,%,%,.,^,.,.,.,.,.,.,^,.,.,.,%,.,#,#,#,#,.,%,%,.,#,.,#,^,.,.,^,#,#,#,#,#,#,%,#,#,#,#,^,.,.,.,#,.,#,.,.,.,.,#,#,%,%,.,.,.,#,#,#,#,^,^,.,^,#,.,#,.,.,.,.,#,#,#,#,#,#,.,#,#,.,.,^,.,.,%,#,^,#,.,.,.,.,#,#,.,.,.,.,^,#,#,.,.,.,F,.,#,^,.,^,#,#,#,.,#,#,.,.,%,%,.,#,#,#,#,#,.,^,^,.,#,.,.,#,#,^,#,#,.,#,%,P,^,#,#,^,.,^,.,^,.,#,#,#,.,.,.,.,.,%,^,#,.,#,.,#,#,.,.,#,#,#,.,%,#,.,.,#,#,%,#,#,.,#,.,#,.,#,#,^,.,^,^,.,#,^,^,%,#,#,#,.,#,#,^,.,.,%,%,#,#,#,#,.,#,#,^,%,.,^,.,.,#,.,#,%,#,#,.,#,#,#,#,#,#,%,#,#,#,#,#,.,.,%,#,.,#,.,#,#,.,#,#,#,#,.,.,.,^,%,.,.,%,.,.,.,^,^,.,%,%,.,.,^,.,#,#,#,#,.,#,#,%,^,#,#,#,%,#,.,#,.,#,#,.,#,#,#,#,#,#,^,#,#,.,.,.,.,.,^,#,.,#,.,#,#,%,#,#,#,#,#,#,%,%,.,.,.,.,^,.,.,%,%,%,.,.,.,.,%,%,#,#,#,#,.,^,.,^,#,^,#,^,#,#,%,.,^,#,#,#,.,.,#,#,#,#,.,^,.,%,#,.,#,.,#,#,.,.,%,.,.,S,^,%,#,#,#,#,^,.,.,.,#,%,#,.,#,#,.,.,.,%,^,#,#,#,#,#,.,.,%,^,%,.,.,^,.,.,#,#,.,.,%,.,.,%,%,^,#,#,#,#,#,#,#,#,#,#,#,#,#,#,#,#,#,#,#,#,#,#,#,
113,#,#,#,#,#,#,#,#,#,#,#,#,#,#,#,#,#,#,#,#,#,#,#,.,#,#,#,.,.,.,^,.,.,.,%,%,.,.,.,.,^,.,.,#,#,%,^,^,.,^,.,%,%,.,.,.,#,.,#,.,.,#,.,#,.,#,#,%,#,#,#,.,.,%,#,.,.,.,#,.,#,.,.,#,.,#,.,#,#,S,.,.,%,.,.,.,.,^,%,%,#,.,#,.,.,#,.,#,.,#,#,.,#,#,#,.,.,^,.,^,.,.,#,.,#,.,^,%,.,%,.,#,#,.,.,^,.,.,#,.,.,.,#,#,#,.,#,#,%,^,%,.,^,#,#,#,#,#,#,.,^,^,#,.,.,#,#,.,#,#,^,#,.,#,.,#,#,^,.,.,%,^,%,#,#,#,.,.,%,.,^,%,%,#,.,#,.,#,#,#,#,#,#,%,%,.,#,^,F,#,#,.,#,#,.,#,.,#,.,#,#,.,.,%,.,.,#,.,.,.,#,#,#,.,#,#,.,^,^,^,.,#,#,.,.,.,^,.,%,%,.,.,.,#,#,.,.,.,#,.,.,.,#,#,#,#,#,#,.,.,.,#,.,#,.,#,#,.,.,.,^,.,#,.,^,#,#,.,%,%,.,.,.,#,^,#,%,#,#,^,.,.,.,#,#,#,.,#,#,.,.,#,#,#,.,#,^,#,.,#,#,.,.,.,.,%,#,.,.,#,#,.,.,.,.,^,.,^,.,.,.,%,%,^,.,.,#,%,%,.,P,#,#,.,.,%,%,.,^,.,.,^,%,.,#,.,#,%,.,.,.,%,.,#,#,^,#,%,#,.,.,.,#,#,#,.,#,.,#,.,.,.,.,#,#,#,#,^,#,.,#,.,.,^,.,.,.,.,#,.,#,.,.,%,.,#,#,#,#,.,#,.,#,.,#,#,#,%,.,^,#,%,#,^,.,.,.,#,#,#,#,%,.,.,.,%,^,.,.,%,.,^,.,.,.,.,.,.,.,#,#,#,#,#,#,#,#,#,#,#,#,#,#,#,#,#,#,#,#,#,#,#,#,#,
114,#,#,#,#,#,#,#,#,#,#,#,#,#,#,#,#,#,#,#,#,#,#,#,.,.,.,.,.,.,#,#,#,.,%,.,^,.,^,.,^,.,#,#,#,#,.,#,#,#,#,.,.,%,.,.,%,#,#,#,#,.,.,.,#,#,#,#,.,.,.,.,%,.,#,#,#,.,%,%,.,.,.,^,%,.,#,#,#,#,%,#,#,#,#,.,.,.,.,.,^,#,#,#,#,.,.,^,#,#,#,#,^,^,.,.,%,.,#,#,#,^,^,.,%,^,.,.,^,%,.,%,#,#,S,.,.,^,.,.,#,.,#,^,%,.,.,#,#,^,.,^,%,.,#,#,.,^,#,.,.,^,#,.,#,%,.,%,.,#,#,.,#,.,#,.,#,#,.,.,.,^,.,.,#,.,#,.,%,.,.,#,#,.,#,%,#,^,#,#,.,.,#,%,.,.,P,.,#,.,.,.,%,#,#,^,#,.,#,.,#,#,.,%,%,.,.,^,.,.,.,%,.,.,%,.,.,.,%,.,.,.,#,#,.,#,.,#,.,.,^,.,#,#,.,.,%,.,.,%,.,.,.,.,#,#,.,#,%,#,%,.,.,.,#,#,.,#,%,#,.,%,^,#,.,%,#,#,.,#,.,#,.,.,^,.,#,#,.,#,.,#,.,.,.,.,.,.,#,#,.,#,^,#,.,.,%,.,#,#,.,#,^,#,.,.,%,#,%,.,#,#,.,.,%,.,.,.,%,.,.,.,^,%,%,.,%,.,.,%,.,^,#,#,%,.,.,%,.,#,#,%,.,^,.,%,.,^,.,^,.,.,.,.,#,#,.,.,.,.,.,#,#,.,%,.,#,#,#,#,%,^,#,.,#,.,#,#,.,^,#,.,.,#,#,.,.,^,%,%,.,^,.,%,#,.,#,.,#,#,.,.,^,.,%,#,#,.,.,%,#,#,#,#,.,.,#,^,#,.,#,#,.,.,.,%,.,.,.,^,F,^,.,.,.,.,.,^,.,%,.,.,#,#,#,#,#,#,#,#,#,#,#,#,#,#,#,#,#,#,#,#,#,#,#,
115,#,#,#,#,#,#,#,#,#,#,#,#,#,#,#,#,#,#,#,#,#,#,#,#,#,.,.,.,F,#,#,#,.,#,^,%,.,P,%,.,.,%,.,#,#,#,#,.,.,^,%,.,%,.,%,.,.,#,%,.,.,%,#,%,.,#,#,#,#,.,%,.,%,#,#,#,.,.,#,#,#,.,.,.,^,%,.,#,#,#,#,.,.,%,.,.,.,.,.,^,.,#,.,^,.,.,#,.,^,#,#,.,.,.,%,^,^,#,#,#,^,#,.,.,.,#,^,.,%,.,.,#,#,.,#,#,#,.,.,.,.,.,.,^,.,%,.,^,.,.,^,^,.,#,#,^,%,.,.,%,#,#,#,#,.,#,#,.,.,.,.,%,#,^,.,#,#,.,#,#,#,.,.,%,.,%,.,#,#,%,^,.,.,.,%,^,.,#,#,^,%,.,^,.,#,#,#,#,^,#,#,.,%,.,.,.,#,%,^,#,#,.,#,#,#,.,^,.,.,%,.,#,#,^,.,.,.,.,.,^,%,#,#,.,.,.,.,.,.,#,%,#,.,.,^,.,.,^,%,%,%,.,^,#,#,#,#,#,#,.,.,#,.,#,.,.,#,.,#,.,#,^,#,.,#,#,#,^,.,.,.,.,.,#,.,#,%,.,#,.,#,.,#,.,#,.,#,#,#,#,#,#,#,.,.,#,.,#,.,.,#,.,#,.,#,^,#,^,#,#,#,.,.,%,.,.,%,.,^,^,^,.,.,%,.,^,.,.,^,.,%,#,#,#,#,.,#,#,.,.,.,^,^,.,.,.,.,.,.,^,.,.,.,#,#,#,#,.,#,#,#,#,.,.,.,.,.,#,#,#,.,.,#,.,%,#,#,.,.,%,%,%,#,#,.,.,.,^,.,.,^,.,.,.,^,.,%,#,#,#,#,.,#,#,#,#,.,.,^,#,#,#,%,.,^,.,#,.,.,#,#,#,#,%,#,#,#,#,S,.,%,%,^,.,.,.,.,.,^,.,.,#,#,#,#,#,#,#,#,#,#,#,#,#,#,#,#,#,#,#,#,#,#,#,
116,#,#,#,#,#,#,#,#,#,#,#,#,#,#,#,#,#,#,#,#,#,#,#,.,.,.,#,#,.,F,.,.,.,%,.,%,.,.,.,.,%,^,.,#,#,^,%,%,#,#,#,.,#,%,#,^,#,^,#,.,.,%,.,%,^,#,#,S,.,.,#,#,#,.,#,.,#,.,#,.,#,.,.,.,#,.,.,#,#,.,%,.,#,#,#,^,#,.,#,.,#,.,#,.,.,.,^,^,.,#,#,^,^,.,.,%,%,.,.,.,^,.,.,.,.,.,.,.,%,.,.,#,#,.,^,.,%,^,#,.,.,%,#,.,#,#,#,.,%,.,.,^,.,#,#,.,^,.,.,.,.,.,#,.,.,%,^,.,^,.,.,#,.,#,^,#,#,.,^,#,.,.,.,#,#,#,.,.,#,#,#,.,.,#,^,#,.,#,#,.,.,.,%,%,.,.,#,.,%,.,%,.,%,.,%,#,.,#,.,#,#,.,%,.,.,.,#,.,.,^,#,.,#,#,#,.,%,.,.,.,.,#,#,.,#,%,#,.,.,.,.,.,.,.,#,#,#,.,.,%,.,^,.,#,#,.,#,.,#,.,.,#,.,#,.,%,^,.,.,.,#,#,^,.,.,#,#,.,%,.,^,.,.,#,.,#,^,%,#,#,#,^,#,#,%,.,.,#,#,^,#,^,#,.,.,#,^,#,.,.,.,^,.,%,#,#,.,.,.,#,#,.,#,^,#,.,.,%,.,.,%,^,#,#,#,.,#,#,.,.,.,#,#,.,.,.,^,^,.,%,.,^,^,.,.,.,^,.,%,#,^,#,^,#,#,.,#,%,#,.,.,#,.,#,%,%,#,.,#,.,.,#,.,#,.,#,#,.,#,%,#,%,.,#,.,#,^,.,#,^,#,^,.,^,.,.,.,#,#,.,P,.,#,.,.,#,.,#,.,.,#,^,#,^,.,#,.,#,%,#,#,.,#,.,#,.,.,%,.,.,%,.,#,%,#,.,.,#,.,#,.,#,#,#,#,#,#,#,#,#,#,#,#,#,#,#,#,#,#,#,#,#,#,#,
117,#,#,#,#,#,#,#,#,#,#,#,#,#,#,#,#,#,#,#,#,#,#,#,.,#,.,#,.,^,.,^,.,.,.,.,.,%,.,#,#,^,#,#,#,#,.,#,.,#,.,.,^,%,.,.,.,^,#,.,^,#,#,.,#,#,#,#,.,#,.,#,%,^,^,#,.,^,^,.,.,%,.,.,.,^,.,.,#,#,^,#,^,#,.,.,.,.,.,^,.,.,#,^,.,#,#,.,#,#,#,#,.,.,.,^,.,.,^,.,^,.,.,.,^,.,.,#,#,.,#,#,#,#,.,.,^,.,.,.,%,^,^,.,.,.,^,^,.,%,.,.,.,.,#,#,#,#,%,%,.,^,.,.,#,#,.,.,.,#,#,.,#,.,#,.,#,#,#,#,.,.,%,.,%,.,#,#,.,.,^,#,#,.,#,%,#,%,#,#,#,#,.,.,%,%,.,^,#,#,.,.,%,#,#,.,#,^,#,%,#,#,#,#,%,.,.,.,.,.,#,#,.,%,.,#,#,.,P,.,#,^,#,#,.,.,.,.,.,.,.,.,.,%,#,.,.,.,#,^,#,.,#,^,#,#,^,#,.,#,.,%,.,#,#,#,.,.,#,%,.,.,#,%,#,%,#,#,.,#,.,#,.,%,%,.,.,.,.,#,#,#,.,.,#,.,#,.,#,#,.,#,.,#,.,#,#,#,.,.,.,.,#,F,.,^,#,.,#,.,#,#,.,%,.,.,.,.,.,.,.,.,#,%,.,%,#,%,.,.,.,.,#,#,%,%,.,.,%,.,.,.,#,#,.,.,.,.,%,.,.,^,.,.,#,#,#,#,.,.,.,.,%,.,#,#,#,#,.,.,^,.,#,%,#,%,#,#,#,#,^,.,.,.,.,^,#,#,#,#,.,%,.,%,#,.,#,.,#,#,#,#,.,.,%,.,.,.,#,#,#,#,.,^,.,S,#,.,#,.,#,#,#,#,%,^,.,.,.,.,.,%,#,#,^,.,^,^,%,^,%,.,#,#,#,#,#,#,#,#,#,#,#,#,#,#,#,#,#,#,#,#,#,#,#,
118,#,#,#,#,#,#,#,#,#,#,#,#,#,#,#,#,#,#,#,#,#,#,#,.,%,.,.,.,.,.,.,.,.,^,.,.,.,.,#,^,.,.,#,#,#,%,#,.,#,^,.,#,^,#,.,#,#,#,#,^,.,.,#,%,.,#,#,.,#,.,#,^,.,#,.,#,.,%,%,.,^,.,%,#,#,#,.,#,#,^,#,.,#,^,.,#,.,#,.,#,#,#,#,.,%,.,#,%,.,#,#,%,.,.,S,.,%,^,.,.,^,%,%,.,.,^,#,%,.,.,#,#,#,.,%,.,#,#,%,.,.,%,^,.,.,^,.,.,.,^,.,.,.,#,#,^,.,^,#,#,#,.,#,%,#,%,#,.,#,.,.,.,#,.,.,#,#,^,^,.,#,#,#,.,#,.,#,^,#,.,#,.,^,.,^,.,.,#,#,.,.,.,#,#,#,.,#,.,#,.,#,.,#,^,.,.,#,.,.,#,#,%,.,.,.,.,F,.,.,.,.,^,.,.,.,%,%,.,.,.,.,#,#,.,.,.,.,.,.,#,^,#,.,^,.,.,.,.,%,%,%,.,%,#,#,#,.,#,.,#,.,#,^,#,.,.,#,.,#,.,#,#,#,#,^,#,#,#,.,#,.,#,.,.,.,.,.,%,#,%,#,%,.,.,.,.,.,#,#,#,%,#,.,#,.,#,.,#,.,%,#,^,#,.,P,#,#,#,%,#,#,.,.,.,%,.,^,#,%,#,.,.,.,.,^,.,.,%,.,.,.,#,#,.,^,.,^,.,.,.,.,#,#,^,.,^,.,%,.,#,.,#,^,#,#,.,.,#,.,.,%,.,^,#,#,%,#,.,#,%,.,#,.,#,.,#,#,.,.,^,.,^,.,.,.,#,#,.,#,.,#,^,.,#,.,#,.,#,#,.,.,#,.,^,.,.,%,#,#,.,#,.,#,^,.,#,.,#,.,#,#,.,.,.,.,%,%,.,.,^,.,.,%,.,^,.,.,^,.,.,%,#,#,#,#,#,#,#,#,#,#,#,#,#,#,#,#,#,#,#,#,#,#,#,
119,#,#,#,#,#,#,#,#,#,#,#,#,#,#,#,#,#,#,#,#,#,#,#,.,.,^,.,^,.,.,.,^,.,.,.,%,.,.,%,.,.,.,.,#,#,.,.,^,.,.,%,#,.,#,%,^,#,^,#,.,#,#,.,.,.,#,#,.,.,#,.,%,.,#,.,#,.,.,#,.,#,.,#,#,.,.,^,#,#,.,.,.,.,.,.,#,.,#,.,%,#,.,#,.,#,#,.,^,.,#,#,.,%,.,.,^,.,.,.,.,^,.,#,.,#,.,#,#,%,.,.,#,#,.,#,.,#,.,.,.,.,%,%,.,.,%,.,.,#,#,.,.,.,#,#,^,#,^,#,^,#,#,#,#,^,%,.,^,.,.,#,#,.,S,.,#,#,.,.,%,.,.,.,%,.,.,^,.,.,#,%,.,#,#,.,^,.,#,#,%,#,.,#,.,#,#,#,#,.,.,.,%,.,.,#,#,%,.,.,#,#,.,#,.,#,.,%,%,.,.,.,.,.,.,%,.,.,^,%,%,.,#,#,.,.,.,.,.,.,.,.,.,.,.,.,.,.,.,.,.,^,.,.,#,#,^,.,#,.,^,.,^,.,#,#,.,^,#,#,#,%,.,#,.,.,#,#,.,.,%,.,.,^,.,.,#,#,.,.,.,.,.,F,.,.,.,%,#,#,%,.,#,^,.,.,.,.,#,#,#,#,#,^,.,.,%,#,%,%,#,#,.,.,^,.,%,.,%,.,#,#,^,.,.,.,.,^,.,^,.,.,#,#,.,P,.,#,^,.,%,.,^,%,%,#,.,#,.,%,.,.,.,^,#,#,.,#,.,#,.,.,.,#,#,#,.,#,.,#,^,^,.,#,.,.,#,#,.,.,^,.,%,%,.,.,%,.,%,#,.,#,.,.,^,.,^,.,#,#,.,#,.,#,.,#,#,#,.,.,^,#,^,#,%,.,.,#,.,%,#,#,.,#,.,#,.,.,^,%,.,%,.,.,.,%,%,^,^,.,.,.,#,#,#,#,#,#,#,#,#,#,#,#,#,#,#,#,#,#,#,#,#,#,#,
120,#,#,#,#,#,#,#,#,#,#,#,#,#,#,#,#,#,#,#,#,#,#,#,.,%,.,^,%,.,^,^,.,%,.,#,#,#,%,#,.,%,^,#,#,#,^,.,%,.,^,%,^,#,#,#,^,^,%,%,.,.,.,#,%,.,#,#,.,.,#,.,%,^,.,.,.,^,.,#,#,#,.,.,#,#,#,F,#,#,%,.,%,.,.,#,#,#,%,.,.,.,.,.,.,.,%,#,.,.,#,#,.,.,.,.,.,^,.,.,%,.,.,#,#,#,.,#,^,%,.,#,#,#,.,^,.,.,.,#,#,.,.,.,#,.,.,^,#,.,.,.,.,.,#,#,#,#,#,#,.,#,#,^,%,%,%,.,#,.,.,%,.,#,#,#,#,#,.,.,^,%,%,#,#,^,.,.,^,#,#,#,^,.,.,.,^,^,#,#,#,#,#,#,%,#,#,.,%,.,.,.,#,^,.,#,#,#,.,^,#,#,^,^,.,.,.,.,.,.,.,.,#,.,.,.,#,.,%,.,^,.,#,#,^,.,.,.,^,%,#,#,#,.,^,#,.,#,.,.,%,^,#,P,#,#,#,#,#,#,.,^,.,.,.,.,.,#,%,#,.,.,.,.,#,#,#,#,%,.,%,.,^,.,#,#,#,^,%,#,.,#,.,.,^,.,#,#,#,#,#,#,#,#,.,.,%,%,%,^,.,#,.,#,.,.,.,.,#,#,#,#,.,.,^,.,.,.,#,#,#,%,^,.,.,.,.,.,^,.,.,.,#,#,.,.,.,.,%,%,#,%,#,^,^,.,.,.,.,%,.,^,^,.,#,#,.,.,#,#,#,.,#,.,#,.,.,^,#,.,.,#,#,.,%,%,#,#,.,.,.,.,.,.,.,.,.,.,S,.,.,.,.,#,#,.,.,%,#,#,#,#,#,%,.,.,#,.,#,.,^,.,#,.,.,#,#,%,.,.,#,#,.,.,^,.,.,^,#,%,#,.,.,.,.,%,%,#,#,.,.,.,#,#,#,#,#,#,#,#,#,#,#,#,#,#,#,#,#,#,#,#,#,#,#,
121,#,#,#,#,#,#,#,#,#,#,#,#,#,#,#,#,#,#,#,#,#,#,#,^,.,.,#,#,.,%,^,.,%,^,.,.,.,.,.,^,%,#,#,#,#,.,^,^,#,#,%,#,#,#,#,.,#,#,#,#,^,^,^,#,#,#,#,.,.,.,#,#,^,.,.,.,.,.,.,%,^,^,.,.,.,#,#,#,#,.,.,.,#,#,.,#,#,#,#,.,#,#,#,#,.,^,F,#,#,#,#,.,.,^,%,.,.,.,%,^,.,.,%,%,.,^,.,%,.,.,^,#,#,%,.,.,.,^,^,.,^,.,.,#,#,.,^,^,.,.,.,#,#,#,#,#,#,#,.,.,#,#,#,.,.,#,#,.,.,.,^,.,%,#,#,#,#,.,%,.,%,.,.,.,.,.,.,#,#,.,.,.,%,%,^,#,#,#,#,.,.,#,#,#,%,^,#,#,#,#,#,.,.,%,.,^,%,#,#,#,#,.,%,.,.,%,.,%,^,.,.,.,.,^,^,%,.,.,.,.,.,#,#,#,.,.,%,#,.,%,.,.,%,.,.,%,S,.,.,.,^,#,#,#,#,.,^,#,.,.,.,.,%,^,.,^,#,.,P,^,.,.,.,#,#,#,#,.,#,#,#,.,.,%,#,%,.,.,#,.,#,%,%,.,%,#,#,#,#,.,.,#,.,^,.,.,^,.,.,.,#,.,#,.,.,^,.,#,#,#,#,#,.,.,.,#,.,.,^,^,.,^,.,.,.,^,.,.,.,.,.,#,#,.,.,.,^,^,%,^,.,.,^,%,%,.,#,#,.,.,^,.,.,#,#,#,#,#,^,^,.,#,%,#,.,.,.,^,#,#,#,#,#,.,.,#,#,%,^,.,.,%,^,#,.,#,^,.,^,.,#,#,.,.,%,^,^,#,#,.,.,#,#,#,.,#,.,#,.,.,.,.,#,#,^,.,#,#,#,#,#,.,.,%,.,%,.,#,.,#,.,%,.,%,.,.,.,.,.,.,.,#,#,#,#,#,#,#,#,#,#,#,#,#,#,#,#,#,#,#,#,#,#,#,
122,#,#,#,#,#,#,#,#,#,#,#,#,#,#,#,#,#,#,#,#,#,#,#,^,.,%,%,.,%,#,.,#,.,^,.,.,.,^,.,.,%,^,.,#,#,%,#,.,#,^,.,#,^,#,^,#,#,#,#,%,#,#,#,#,%,#,#,^,#,%,#,.,.,.,.,%,.,.,.,.,.,.,.,.,.,.,^,#,#,%,#,^,#,.,^,#,^,#,.,#,#,#,#,.,#,#,#,#,.,#,#,.,#,.,#,.,.,#,^,#,.,%,.,^,^,.,.,.,.,%,.,#,#,.,.,.,#,#,.,.,.,.,.,.,.,.,^,.,.,.,.,.,.,#,#,.,.,.,#,#,#,#,.,.,^,.,#,#,#,#,.,.,#,.,^,#,#,.,.,.,#,#,#,#,.,.,.,.,.,.,.,.,.,^,%,.,.,#,#,.,.,.,#,#,#,P,.,.,.,.,#,#,#,#,.,.,#,^,%,#,#,%,^,^,%,.,#,#,.,.,.,.,.,.,^,.,.,.,%,%,.,#,#,.,#,#,#,.,%,%,.,.,%,^,%,.,#,#,#,#,%,%,^,#,#,%,.,.,.,.,S,.,#,.,.,.,.,.,#,#,#,#,%,^,.,#,#,.,#,#,#,%,%,.,%,.,^,.,%,.,#,#,#,#,^,.,^,#,#,%,%,.,^,^,.,^,#,%,.,^,.,.,#,#,#,#,.,.,.,#,#,.,#,#,#,%,.,.,F,.,^,.,.,%,.,.,.,.,%,.,^,#,#,#,^,.,.,#,.,#,#,#,.,.,^,.,.,%,.,.,%,.,.,#,#,%,.,#,%,.,.,.,.,%,.,#,#,#,#,.,#,#,#,#,.,#,#,.,#,#,#,%,.,#,#,#,^,^,^,.,.,.,.,^,.,.,^,#,#,.,.,#,.,.,.,.,.,^,.,#,#,#,#,%,#,#,#,#,%,#,#,#,^,.,.,#,.,#,#,#,%,.,.,.,%,.,.,^,.,%,^,#,#,#,#,#,#,#,#,#,#,#,#,#,#,#,#,#,#,#,#,#,#,#,
123,#,#,#,#,#,#,#,#,#,#,#,#,#,#,#,#,#,#,#,#,#,#,#,.,.,%,^,%,.,.,.,^,.,.,.,.,.,^,^,.,.,.,.,#,#,#,#,.,%,.,.,.,.,.,.,%,%,.,.,^,%,.,#,#,#,#,#,#,#,.,^,%,^,.,#,%,.,.,.,#,.,.,%,.,.,.,.,#,#,#,#,%,.,%,.,.,.,.,.,.,.,%,.,.,#,#,#,%,.,#,#,#,#,.,^,^,.,.,.,.,.,.,.,.,.,.,.,.,.,^,.,#,#,.,^,.,.,.,#,.,.,.,#,.,.,.,.,.,#,#,.,.,.,#,#,.,#,S,#,.,.,%,#,.,.,.,#,#,#,#,#,#,.,%,.,#,#,^,#,^,#,^,.,P,#,#,.,.,.,.,%,.,#,#,.,.,.,#,#,^,#,.,#,.,.,.,#,.,.,.,#,#,#,#,#,#,.,.,.,#,#,.,.,.,.,%,#,.,.,.,#,.,.,.,.,.,^,.,^,^,.,#,#,#,#,.,.,.,%,.,.,.,%,%,.,F,%,.,.,^,%,.,^,#,#,#,#,.,.,.,.,.,.,#,#,%,#,.,#,%,#,#,#,.,%,#,#,#,#,^,.,.,.,^,.,#,#,.,#,.,#,^,%,.,.,%,.,#,#,#,#,.,.,.,.,.,%,#,#,.,#,.,#,.,^,.,#,#,#,#,#,.,%,.,^,.,.,.,.,#,#,^,#,.,#,%,.,^,.,%,.,#,#,#,%,^,.,#,.,#,#,#,.,.,%,%,.,.,.,^,.,.,%,#,#,.,^,#,^,%,.,^,.,.,%,#,#,#,.,.,#,#,.,%,^,#,#,.,#,#,#,.,.,#,#,#,.,.,^,^,.,.,#,#,^,.,.,#,#,.,.,#,.,%,.,.,^,.,.,%,.,#,#,#,#,#,.,.,%,#,#,#,.,%,^,#,.,#,#,#,^,^,.,%,^,%,#,#,^,.,%,#,#,#,#,#,#,#,#,#,#,#,#,#,#,#,#,#,#,#,#,#,#,#,
124,#,#,#,#,#,#,#,#,#,#,#,#,#,#,#,#,#,#,#,#,#,#,#,.,.,.,#,#,^,%,.,^,.,.,.,.,.,.,^,#,#,#,^,#,#,%,.,.,#,#,#,^,#,%,#,^,.,#,#,#,.,.,.,.,.,#,#,.,%,.,#,#,#,.,#,^,#,.,.,.,.,%,.,#,#,#,.,#,#,.,.,.,#,#,#,.,#,.,#,#,#,#,.,.,.,.,.,^,.,#,#,.,.,^,.,%,.,.,.,.,F,.,%,^,%,%,.,#,#,#,.,#,#,.,^,.,.,.,.,.,.,^,%,#,#,.,#,#,.,%,.,^,.,#,#,%,.,#,#,#,.,#,#,#,#,#,#,^,#,#,#,#,^,.,%,#,#,.,%,.,.,^,.,.,^,.,^,^,.,.,.,.,#,#,.,.,.,#,#,#,#,#,.,%,.,#,#,#,#,#,#,.,#,#,#,#,.,%,.,#,#,.,.,.,%,.,%,.,.,.,%,#,#,^,#,#,#,#,.,.,^,#,#,.,.,.,^,^,%,%,.,^,.,.,#,^,#,.,.,.,.,.,.,#,#,^,#,#,#,#,.,.,.,#,#,.,#,.,#,%,.,^,#,^,%,#,#,.,.,.,.,^,.,.,.,#,#,.,^,.,.,.,^,.,.,.,.,#,#,^,#,P,#,#,.,.,.,#,#,^,#,^,#,%,.,.,#,.,.,#,#,.,.,.,.,.,.,.,.,#,#,.,#,.,#,.,^,.,.,.,^,#,#,.,%,.,%,.,.,.,.,#,#,.,S,%,.,.,#,#,.,#,#,#,#,.,#,.,#,.,%,.,.,#,#,#,.,#,.,#,#,#,.,#,#,#,#,.,#,%,#,%,.,.,.,#,#,#,.,#,^,#,.,%,.,.,.,#,#,.,#,.,#,.,.,.,.,#,#,#,.,#,%,#,#,#,.,#,#,#,#,%,.,.,.,.,.,%,^,%,%,.,.,.,.,.,#,#,.,#,#,#,#,#,#,#,#,#,#,#,#,#,#,#,#,#,#,#,#,#,#,#,#,#,
125,#,#,#,#,#,#,#,#,#,#,#,#,#,#,#,#,#,#,#,#,#,#,#,.,^,.,.,%,.,.,.,.,.,.,.,.,.,.,.,^,.,.,.,#,#,.,#,#,#,#,%,#,.,#,.,#,#,%,^,.,#,#,#,.,.,#,#,.,%,.,.,.,.,#,.,#,.,#,#,.,%,.,%,^,.,.,.,#,#,.,#,#,#,#,.,#,.,#,^,#,#,.,.,.,.,.,#,#,#,#,#,.,.,.,^,.,.,.,.,^,^,#,#,.,.,.,.,.,.,.,.,#,#,%,#,.,#,.,#,#,.,#,#,F,.,.,.,.,.,%,.,.,.,#,#,^,#,%,#,.,#,#,^,#,#,.,.,#,#,#,.,#,^,#,.,#,#,^,.,.,.,.,.,.,^,^,.,.,.,%,%,.,.,#,.,#,.,#,#,%,#,.,#,.,#,#,%,#,#,#,#,#,.,^,%,#,.,#,.,#,#,%,#,.,#,.,#,#,.,#,#,.,.,^,.,.,.,^,^,.,.,#,#,.,.,.,.,^,.,.,.,.,.,.,.,^,%,^,%,^,%,#,#,#,#,.,.,#,#,#,.,^,.,#,#,.,^,#,#,#,^,^,.,#,#,#,#,.,.,.,.,.,.,%,.,#,#,.,S,%,.,.,.,.,.,#,#,#,#,#,#,#,.,.,^,.,^,#,#,#,#,#,.,.,%,.,.,#,#,#,#,^,%,.,.,.,.,.,.,#,#,^,.,.,.,.,^,^,.,^,.,#,#,.,.,.,.,.,%,.,%,#,#,#,#,.,#,#,.,.,.,.,.,#,#,.,.,%,#,#,^,%,.,#,#,#,#,.,#,#,#,^,#,.,#,#,#,^,.,.,#,#,.,%,.,#,#,.,%,.,.,.,#,.,#,%,#,#,#,%,%,.,#,#,.,.,.,#,#,#,#,.,#,#,#,^,#,.,#,#,#,.,.,.,#,#,.,.,.,^,.,P,#,^,#,#,.,.,%,%,%,#,#,#,#,#,#,#,#,#,#,#,#,#,#,#,#,#,#,#,#,#,#,#,
126,#,#,#,#,#,#,#,#,#,#,#,#,#,#,#,#,#,#,#,#,#,#,#,.,.,%,%,%,.,.,.,#,#,.,#,%,#,%,%,%,.,.,.,#,#,.,#,.,#,.,.,.,%,#,#,.,#,^,#,.,.,.,.,.,.,#,#,.,#,.,#,^,%,.,.,#,#,.,.,%,.,^,^,%,#,%,.,#,#,%,#,.,#,^,.,%,.,#,#,^,#,S,#,.,.,.,%,%,.,#,#,.,#,.,#,^,.,^,%,.,.,%,#,.,#,%,.,^,.,.,^,#,#,.,^,^,%,.,#,.,.,.,#,.,^,.,.,.,^,%,.,^,^,#,#,#,#,#,.,.,.,.,#,.,.,.,#,.,#,^,F,#,.,#,^,#,#,.,.,.,%,.,.,#,#,#,.,.,#,.,#,.,.,#,.,#,^,#,#,.,^,#,#,#,^,.,#,.,.,%,#,^,#,.,.,P,%,#,.,#,#,.,^,.,^,^,#,.,%,.,#,.,%,.,.,^,.,%,.,.,.,#,#,%,.,^,.,%,.,.,.,%,.,^,.,^,.,.,%,.,.,.,%,#,#,.,#,.,#,%,#,.,#,.,#,.,^,#,.,.,.,#,.,#,.,#,#,.,#,.,#,.,#,.,#,^,#,^,.,.,.,.,.,#,^,#,^,#,#,^,#,.,#,.,#,.,#,%,#,.,.,#,^,.,.,#,.,#,^,#,#,.,.,%,.,%,.,.,.,.,.,.,.,.,%,.,.,#,.,#,%,#,#,%,%,.,^,.,^,.,.,#,#,.,%,.,%,.,#,#,.,.,.,#,#,#,#,#,.,^,.,.,.,#,#,#,#,#,.,.,#,#,^,.,.,#,#,%,^,.,^,.,.,.,^,#,#,.,^,.,.,.,#,#,.,.,.,#,#,.,.,#,#,#,%,%,^,#,#,%,^,#,#,#,#,#,%,^,%,#,#,.,.,.,.,.,.,.,%,.,.,.,%,.,.,.,.,%,.,^,.,#,#,#,#,#,#,#,#,#,#,#,#,#,#,#,#,#,#,#,#,#,#,#,
127,#,#,#,#,#,#,#,#,#,#,#,#,#,#,#,#,#,#,#,#,#,#,#,.,#,#,#,%,%,.,.,^,%,.,.,^,.,.,#,#,^,%,.,#,#,.,.,^,.,.,^,.,#,#,#,#,#,#,%,.,#,#,%,.,^,#,#,.,#,#,#,.,^,.,^,%,.,.,^,%,%,%,#,#,.,%,.,#,#,.,%,^,%,^,#,#,#,^,^,.,.,#,#,#,#,#,.,.,.,#,#,.,#,#,#,%,.,.,.,%,.,^,.,.,%,%,%,.,%,%,.,#,#,#,.,.,.,#,.,.,.,.,.,#,.,.,.,#,.,.,.,.,.,#,#,.,.,#,.,.,^,#,.,#,.,%,%,#,.,.,.,%,#,#,#,#,#,.,#,#,#,.,.,#,.,#,%,.,#,#,#,.,^,.,.,.,.,#,#,.,%,#,.,^,.,#,.,#,S,.,.,#,.,.,#,#,#,.,.,#,#,#,.,.,^,#,^,.,.,.,^,#,^,.,.,#,^,.,%,.,.,#,#,.,%,.,%,^,.,.,.,^,%,%,.,%,.,%,.,.,%,.,.,#,#,^,#,.,#,^,.,^,^,.,.,#,#,#,#,%,.,.,%,.,.,#,#,.,#,.,#,.,%,.,#,%,.,.,.,.,.,.,.,.,#,.,^,#,#,.,#,%,#,%,.,.,^,^,%,#,#,#,#,.,F,.,^,.,.,#,#,^,#,.,#,.,^,.,%,.,.,^,.,^,.,^,.,.,%,%,^,#,#,#,#,^,#,#,#,#,.,.,.,.,#,#,#,.,^,#,#,#,.,#,#,#,#,.,#,P,#,#,%,.,.,%,%,.,.,.,.,.,%,.,.,#,#,%,^,.,.,.,#,#,.,.,.,^,#,#,#,^,.,#,#,#,.,#,#,#,#,.,#,#,#,#,.,.,.,.,.,.,%,%,^,.,.,.,.,#,#,#,#,%,#,#,.,.,.,.,.,.,#,#,#,.,^,#,#,#,%,#,#,#,#,#,#,#,#,#,#,#,#,#,#,#,#,#,#,#,#,#,#,#,
128,#,#,#,#,#,#,#,#,#,#,#,#,#,#,#,#,#,#,#,#,#,#,#,#,.,.,^,#,^,#,^,#,.,%,.,.,^,.,.,#,%,#,.,#,#,^,^,#,.,.,.,#,.,#,.,^,.,.,%,.,.,#,.,#,.,#,#,^,#,#,#,.,.,#,.,#,^,.,.,#,.,.,.,.,.,.,.,#,#,.,.,#,%,.,.,#,.,#,.,.,^,^,%,.,.,#,.,#,.,#,#,#,^,%,.,#,.,.,%,.,^,.,%,.,.,.,^,#,.,#,^,#,#,%,.,.,.,^,.,%,.,.,.,%,#,#,#,.,.,.,.,%,^,#,#,.,.,#,.,%,^,#,.,#,.,%,%,%,.,.,#,#,%,.,.,#,#,%,.,.,.,^,.,#,^,#,.,^,#,#,P,^,#,#,.,%,.,#,#,^,.,#,%,.,.,#,.,#,^,.,.,.,.,S,#,#,.,%,.,#,#,.,.,.,.,.,F,#,.,#,.,.,#,#,#,.,#,#,.,.,.,#,#,#,^,^,.,#,#,#,.,.,.,#,#,.,%,.,%,.,%,^,%,#,#,.,.,#,.,.,#,#,.,%,.,#,#,^,^,^,#,.,#,.,#,#,#,^,#,#,#,^,#,#,.,.,.,#,#,%,.,.,#,.,#,.,#,#,#,.,.,#,.,.,#,#,^,.,.,#,#,.,.,.,#,.,#,.,#,#,#,#,.,.,.,#,.,.,%,.,%,.,.,.,%,.,^,.,.,.,.,#,#,.,.,.,.,.,.,#,#,#,.,#,.,.,.,#,^,.,%,.,^,#,#,%,%,.,#,#,.,.,.,%,%,.,.,#,.,.,.,^,#,#,#,#,#,.,.,.,#,#,.,#,#,#,^,.,#,#,#,.,.,.,.,.,.,#,#,.,%,.,#,#,.,.,.,.,%,.,^,#,.,%,#,#,#,.,.,#,#,%,^,%,#,#,^,#,#,#,.,#,%,^,^,#,.,.,.,.,.,#,#,#,#,#,#,#,#,#,#,#,#,#,#,#,#,#,#,#,#,#,#,#,
129,#,#,#,#,#,#,#,#,#,#,#,#,#,#,#,#,#,#,#,#,#,#,#,#,%,.,.,#,^,#,%,#,.,^,.,%,.,.,.,.,%,^,%,#,#,.,.,#,^,.,.,#,^,#,.,.,.,.,#,#,#,.,#,^,#,#,#,%,#,#,#,.,%,#,.,#,.,^,%,^,#,#,#,.,#,.,#,#,#,.,.,#,.,.,.,#,^,#,%,^,.,%,#,#,#,^,#,.,#,#,#,#,%,.,.,#,.,.,.,.,^,^,.,^,#,#,.,.,.,.,.,#,#,^,#,#,#,.,#,.,.,%,#,^,.,.,.,.,.,%,.,.,^,#,#,^,.,^,.,^,%,^,#,%,%,.,#,#,#,#,.,#,#,#,#,#,#,.,#,#,#,.,.,#,#,#,.,.,.,.,.,.,.,.,.,^,.,#,#,.,.,.,%,.,.,.,#,.,.,.,#,#,#,#,^,#,#,#,#,#,#,%,#,#,#,.,#,^,.,.,#,%,.,.,.,.,^,%,.,^,^,#,#,#,#,.,.,.,%,.,^,#,#,.,.,.,.,%,^,^,.,.,%,#,#,#,#,%,^,.,.,.,%,#,#,.,.,%,#,#,#,#,#,#,.,#,#,#,#,.,.,^,^,.,.,#,#,.,^,S,#,#,%,.,.,.,^,#,#,#,P,%,^,.,.,.,.,#,#,^,.,%,#,#,#,#,#,#,%,#,#,.,^,.,.,.,.,.,.,^,.,.,.,.,#,#,.,.,.,.,%,#,#,#,^,.,.,#,^,^,.,.,%,%,%,.,#,#,%,.,^,.,.,#,#,%,.,#,.,.,.,#,#,#,#,^,%,.,#,#,.,%,.,.,.,#,#,.,#,#,#,.,.,.,.,^,.,.,%,^,#,#,^,.,#,%,.,#,#,%,%,#,%,.,%,#,#,#,#,.,.,.,#,#,%,.,.,%,.,#,#,#,.,.,.,#,.,%,^,.,F,%,.,^,%,.,.,.,.,.,%,#,#,#,#,#,#,#,#,#,#,#,#,#,#,#,#,#,#,#,#,#,#,#,
130,#,#,#,#,#,#,#,#,#,#,#,#,#,#,#,#,#,#,#,#,#,#,#,%,.,^,.,.,.,.,.,.,.,^,^,%,.,^,.,#,#,#,^,#,#,#,#,#,.,.,^,#,#,#,#,^,.,#,#,#,.,.,%,.,.,#,#,.,^,.,%,%,.,.,.,%,.,.,.,.,.,.,.,#,#,#,%,#,#,.,^,#,#,#,^,#,#,#,#,#,#,#,.,.,%,.,.,.,.,#,#,.,.,.,.,.,.,^,.,.,.,%,%,%,.,^,.,#,#,#,^,#,#,.,.,^,.,.,.,.,^,.,.,#,.,.,%,#,%,#,.,#,.,#,#,%,.,^,.,.,#,#,#,#,^,.,.,#,.,%,%,#,^,#,%,#,#,^,.,#,.,.,.,.,.,%,^,.,#,#,#,^,.,.,.,.,^,#,#,.,.,^,.,.,#,#,#,#,.,^,.,#,.,.,%,#,.,#,.,#,#,.,.,.,.,^,.,^,.,.,.,#,.,^,.,#,.,#,^,#,%,#,#,.,.,.,.,%,.,#,.,#,%,%,.,.,.,.,.,.,%,.,.,#,#,#,#,#,#,^,.,#,.,#,^,#,#,.,.,.,^,^,#,#,#,#,#,^,.,.,%,%,.,#,.,#,F,#,#,.,.,.,.,.,^,.,.,#,#,#,#,#,#,.,%,#,^,#,.,#,#,%,%,.,#,#,#,.,.,#,#,.,^,^,.,.,.,.,^,.,.,#,#,.,.,.,.,.,%,%,%,#,#,.,.,%,.,.,.,#,.,#,.,.,.,^,.,.,.,^,.,.,.,#,#,#,.,#,^,#,%,#,.,#,.,.,#,#,#,#,#,#,#,#,.,#,#,#,%,#,.,#,.,^,%,^,.,^,.,%,.,S,.,.,%,.,.,#,#,P,.,#,^,#,.,#,.,#,.,%,#,#,#,#,#,#,#,#,.,#,#,.,%,%,.,^,.,#,.,#,%,^,%,%,.,.,.,.,.,.,^,#,#,#,#,#,#,#,#,#,#,#,#,#,#,#,#,#,#,#,#,#,#,#,
131,#,#,#,#,#,#,#,#,#,#,#,#,#,#,#,#,#,#,#,#,#,#,#,#,#,.,#,#,^,%,.,.,.,.,.,%,#,#,%,.,.,^,^,#,#,#,#,^,#,#,.,^,#,#,#,.,.,.,#,#,^,#,.,#,%,#,#,.,%,.,^,.,.,.,.,.,%,%,.,^,#,#,.,#,%,#,.,#,#,#,#,.,#,#,#,#,#,.,.,^,^,.,#,#,.,#,.,#,.,#,#,#,#,.,#,#,.,^,.,.,%,.,F,.,.,^,%,^,.,^,^,#,#,^,.,%,#,#,.,%,%,.,%,.,%,.,%,%,.,.,^,.,.,#,#,.,.,.,#,#,.,.,.,.,.,#,#,#,.,.,#,#,.,%,%,#,#,.,^,.,#,#,.,^,#,^,.,.,.,%,^,.,#,#,.,.,^,#,#,^,.,.,#,#,%,^,.,.,%,%,.,#,#,#,#,#,.,.,%,#,#,%,^,.,.,.,^,.,.,%,.,%,%,%,.,.,#,#,.,^,%,#,#,#,#,%,.,^,#,#,.,#,#,.,.,^,.,.,.,#,#,#,^,#,#,#,#,%,.,.,#,#,^,#,#,#,#,#,%,.,^,.,^,%,.,#,#,#,#,.,%,.,^,%,.,.,.,.,%,.,.,.,.,#,#,#,.,#,#,#,#,.,.,%,#,#,.,#,#,.,.,#,#,#,%,.,.,.,.,#,#,.,^,^,.,.,#,#,.,#,#,.,.,%,^,%,.,#,P,#,.,#,#,.,.,.,.,%,.,.,.,.,.,#,#,.,%,%,^,.,%,.,.,#,#,#,#,#,.,.,.,.,.,#,#,#,#,.,.,.,#,#,#,#,.,#,#,^,.,.,.,.,.,.,.,#,#,#,#,.,.,.,%,.,.,.,%,#,#,.,.,#,#,#,%,S,^,#,#,#,#,^,.,.,#,#,#,#,.,#,#,.,%,.,^,.,.,.,%,#,#,.,.,.,^,%,.,.,.,.,.,#,#,#,#,#,#,#,#,#,#,#,#,#,#,#,#,#,#,#,#,#,#,#,
132,#,#,#,#,#,#,#,#,#,#,#,#,#,#,#,#,#,#,#,#,#,#,#,^,.,.,#,#,%,%,.,.,.,.,#,#,#,.,#,#,%,%,^,#,#,.,.,.,#,#,.,#,^,#,.,.,.,.,.,%,#,#,%,^,^,#,#,^,.,.,#,#,%,#,.,#,.,^,#,#,#,.,#,#,.,.,.,#,#,.,.,.,#,#,.,#,.,#,.,.,.,%,^,.,#,#,.,^,%,#,#,.,.,%,.,^,.,.,.,.,.,.,#,#,#,.,.,.,.,.,.,#,#,.,.,.,.,.,.,.,.,.,.,#,#,%,^,.,.,%,^,.,.,#,#,.,#,.,#,.,#,#,#,.,^,#,#,.,.,^,.,.,.,#,#,#,#,^,#,.,#,^,%,^,^,.,.,#,#,.,.,.,.,.,.,#,#,#,#,^,#,.,#,.,.,.,#,#,#,#,#,.,.,.,.,^,.,#,#,#,#,.,#,%,#,^,^,.,.,%,.,%,.,.,%,.,.,%,.,#,#,#,#,%,#,#,#,.,.,.,^,.,.,.,.,%,.,.,.,#,%,#,.,#,#,.,.,.,.,%,#,#,#,#,%,.,#,.,#,.,.,#,.,#,.,#,#,.,#,#,#,.,.,%,.,.,.,%,#,.,#,.,.,.,.,.,.,#,#,.,.,.,^,^,#,#,#,#,^,%,#,.,#,.,^,#,.,#,^,#,#,.,#,#,#,.,.,.,.,.,^,.,#,.,#,.,.,#,.,#,^,#,#,^,.,.,^,.,.,%,^,S,^,^,^,.,.,.,%,.,.,.,.,#,#,#,#,#,P,.,.,#,^,#,.,.,#,#,#,#,%,^,#,#,#,#,#,%,.,^,^,.,.,#,.,#,.,^,.,.,.,^,.,.,.,.,.,#,#,#,#,#,#,.,.,#,.,#,.,.,#,#,#,#,#,#,#,^,.,#,#,.,.,.,%,.,.,#,%,#,^,.,.,^,.,^,F,.,.,.,.,#,#,#,#,#,#,#,#,#,#,#,#,#,#,#,#,#,#,#,#,#,#,#,
133,#,#,#,#,#,#,#,#,#,#,#,#,#,#,#,#,#,#,#,#,#,#,#,.,#,#,#,%,%,#,#,#,.,.,.,.,.,.,.,.,.,%,.,#,#,%,.,.,.,.,^,^,%,.,^,^,%,^,#,#,.,.,.,%,%,#,#,%,#,#,#,.,^,#,#,#,.,.,.,.,#,#,^,^,#,^,.,#,#,%,.,.,.,.,.,.,.,.,.,.,.,.,#,#,.,.,%,^,%,#,#,%,#,#,#,.,.,#,#,#,^,.,S,^,#,#,.,^,.,^,%,#,#,^,^,.,%,.,#,#,.,.,F,#,^,.,.,#,%,.,.,.,.,#,#,.,%,%,.,.,#,#,.,^,^,.,^,#,.,.,.,#,#,#,#,#,#,.,.,#,%,.,#,#,.,%,.,^,#,#,#,^,.,%,.,^,.,#,#,^,.,%,^,.,#,#,.,.,.,.,.,#,^,.,.,#,#,#,#,#,#,.,^,.,.,.,.,%,.,.,.,#,.,.,.,#,.,.,.,.,^,#,#,.,^,.,%,^,^,^,.,%,.,%,.,.,%,.,^,.,.,.,.,#,#,.,^,.,#,#,#,#,#,#,.,^,#,.,#,.,#,.,#,^,#,#,#,.,%,.,#,#,^,.,.,.,.,.,#,.,#,.,#,%,P,.,#,#,#,.,%,^,#,#,#,#,#,#,%,^,#,^,#,.,#,%,#,^,#,#,#,^,.,.,#,#,^,.,.,.,.,.,.,.,.,.,%,^,.,.,.,#,#,.,.,.,.,.,%,#,#,#,^,#,.,%,.,#,.,#,.,#,.,#,#,.,#,^,#,^,.,.,.,.,%,.,.,#,^,.,.,#,.,#,%,#,#,%,#,.,#,.,.,#,#,#,.,.,#,#,#,.,.,%,.,.,%,#,#,.,#,.,#,^,.,.,.,.,^,.,.,#,^,.,^,#,.,#,.,#,#,.,#,.,#,^,.,#,#,#,.,#,.,.,.,#,%,#,.,#,.,#,#,#,#,#,#,#,#,#,#,#,#,#,#,#,#,#,#,#,#,#,#,#,
134,#,#,#,#,#,#,#,#,#,#,#,#,#,#,#,#,#,#,#,#,#,#,#,.,.,.,%,^,.,.,.,.,%,.,^,^,.,.,.,#,.,#,%,#,#,.,#,.,#,.,.,^,#,#,#,%,.,#,.,%,.,#,%,#,.,#,#,.,#,.,#,.,.,%,.,.,.,.,.,^,.,.,^,#,.,#,%,#,#,%,#,.,#,^,#,#,#,.,.,.,.,#,%,.,.,#,^,#,.,#,#,.,.,.,.,.,.,.,^,.,%,.,.,.,%,%,.,%,.,.,.,#,#,.,%,.,%,.,#,^,.,.,#,.,%,.,.,.,#,.,%,.,#,#,#,.,#,.,#,^,.,.,#,.,.,^,.,#,#,#,%,.,#,%,^,#,#,.,#,%,#,.,%,#,#,#,%,.,.,.,.,^,^,#,#,#,.,#,#,%,#,%,#,.,.,%,#,.,.,#,#,#,.,.,%,.,#,.,.,#,#,^,#,^,#,.,#,.,.,^,#,.,.,.,.,.,#,.,^,^,#,#,#,^,.,%,.,.,.,.,.,.,^,.,.,.,.,^,#,#,.,#,#,#,#,^,#,.,#,.,#,.,#,.,#,.,%,#,.,.,#,#,%,#,#,#,#,.,#,.,#,^,#,.,#,.,#,^,^,.,%,.,^,.,^,.,.,#,#,.,#,.,#,.,#,.,#,.,#,^,.,#,.,%,#,#,^,#,#,#,#,.,#,.,#,F,%,^,.,.,.,.,.,.,%,^,#,#,.,#,#,#,#,^,%,^,%,.,.,^,.,.,.,.,.,.,%,S,P,#,.,.,^,#,#,.,.,#,#,#,%,#,#,#,#,#,#,%,.,.,#,#,.,.,.,#,#,.,%,.,.,.,^,^,.,.,%,#,#,.,.,.,#,#,^,.,.,#,#,#,#,#,.,%,.,#,#,#,#,#,#,.,.,.,#,#,^,.,.,#,#,%,.,.,.,%,.,^,%,.,.,#,#,.,^,.,.,^,%,.,.,#,#,#,#,#,#,#,#,#,#,#,#,#,#,#,#,#,#,#,#,#,#,#,
135,#,#,#,#,#,#,#,#,#,#,#,#,#,#,#,#,#,#,#,#,#,#,#,%,.,.,.,.,#,#,^,#,#,.,.,^,.,.,#,#,.,.,.,#,#,#,#,#,#,.,P,#,.,#,#,%,%,#,#,#,#,#,.,.,.,#,#,.,.,.,.,^,%,.,^,.,.,%,%,.,%,.,#,#,^,.,%,#,#,#,#,#,#,^,#,#,.,#,#,#,#,#,.,.,#,#,.,.,^,#,#,^,^,.,.,.,#,#,.,#,#,%,%,.,^,.,.,^,.,.,.,#,#,.,^,.,^,^,.,.,.,%,.,.,^,%,%,^,%,.,^,^,.,#,#,#,#,.,.,.,#,#,.,^,.,%,#,#,#,#,^,^,#,.,^,#,#,#,#,^,.,.,#,#,%,.,.,%,%,%,.,.,.,.,.,%,.,#,#,#,#,.,.,.,#,#,%,S,.,.,#,#,#,#,.,%,#,%,.,#,#,#,#,.,%,.,#,#,.,.,.,.,^,^,^,%,.,%,.,.,^,#,#,.,.,^,.,^,.,%,.,^,.,.,#,^,#,.,^,#,.,#,.,#,#,%,.,%,.,.,.,#,#,#,#,.,#,.,#,.,.,#,.,#,.,#,#,%,.,#,%,%,.,%,.,.,.,.,#,.,#,.,.,#,.,#,F,#,#,.,.,.,.,%,.,#,#,#,#,%,#,%,#,.,.,#,.,#,.,#,#,.,.,.,.,%,.,.,^,^,.,%,%,.,.,.,.,.,.,.,%,#,#,^,^,.,%,^,.,#,.,#,.,.,#,.,#,.,.,.,.,.,%,#,#,^,#,%,#,.,^,#,.,#,.,.,#,.,#,.,%,#,.,#,.,#,#,.,#,.,#,.,^,#,.,#,.,^,.,%,%,%,.,#,.,#,.,#,#,%,#,.,#,^,.,#,.,#,.,.,#,^,#,.,.,#,.,#,.,#,#,^,.,.,%,.,.,.,%,.,.,.,#,%,#,.,^,#,%,#,.,#,#,#,#,#,#,#,#,#,#,#,#,#,#,#,#,#,#,#,#,#,#,#,
136,#,#,#,#,#,#,#,#,#,#,#,#,#,#,#,#,#,#,#,#,#,#,#,.,%,.,.,%,.,.,.,.,^,.,.,.,^,.,.,.,.,.,.,#,#,.,.,#,^,.,.,#,#,#,#,#,#,#,#,.,.,#,^,#,^,#,#,.,%,%,.,%,.,^,.,.,%,^,^,^,^,.,^,#,.,#,.,#,#,%,%,#,.,.,^,#,#,#,#,#,#,#,#,.,.,#,.,#,.,#,#,^,.,%,^,.,^,.,.,.,.,.,%,.,%,.,^,%,.,.,%,#,#,.,#,#,#,.,#,#,.,#,#,#,^,.,.,#,#,.,.,.,#,#,#,.,.,.,.,^,#,#,.,#,#,.,.,#,^,.,^,^,#,.,.,#,#,.,#,#,#,%,.,.,.,%,^,.,#,#,#,.,.,#,#,#,%,#,#,^,.,^,.,%,#,P,%,#,#,.,.,#,%,.,.,.,#,.,.,#,#,^,#,#,#,^,#,#,.,#,#,#,^,%,%,#,#,.,%,.,#,#,#,.,F,%,.,^,.,.,%,#,#,.,.,.,.,.,.,^,.,%,.,#,#,#,#,#,%,.,.,%,.,#,#,^,#,.,#,.,^,%,.,%,^,#,#,.,.,.,.,.,.,.,.,#,#,^,#,.,#,.,.,%,#,.,.,#,#,.,^,#,#,#,.,^,.,#,#,^,#,^,#,.,.,.,.,^,.,#,#,.,.,%,%,%,.,%,.,^,^,.,#,%,#,.,.,.,^,.,.,#,#,.,^,^,^,.,%,%,^,.,^,.,.,%,#,#,^,.,.,.,.,#,#,#,#,.,%,.,#,^,#,^,#,.,^,^,#,#,.,.,#,.,.,#,#,#,#,^,.,^,#,^,#,.,#,.,.,.,#,#,.,.,^,.,.,#,#,#,#,.,.,.,#,.,#,^,#,%,.,.,#,#,.,.,#,.,%,#,#,#,#,.,.,.,.,.,%,.,.,.,.,.,.,.,.,.,%,.,S,#,#,#,#,#,#,#,#,#,#,#,#,#,#,#,#,#,#,#,#,#,#,#,
137,#,#,#,#,#,#,#,#,#,#,#,#,#,#,#,#,#,#,#,#,#,#,#,%,#,#,#,.,%,.,.,.,.,.,.,.,.,.,.,.,%,.,^,#,#,.,.,.,.,%,.,.,.,.,.,^,#,%,#,.,.,^,#,#,#,#,#,.,#,#,#,.,.,.,#,.,.,.,#,.,#,.,.,^,.,.,.,#,#,.,%,%,^,^,.,^,.,.,.,%,#,.,#,.,#,#,#,.,.,#,#,%,#,#,#,.,.,.,.,^,.,^,.,.,.,.,.,.,.,.,^,#,#,.,.,.,.,.,^,.,%,.,.,.,.,^,^,^,^,.,.,.,%,#,#,.,#,.,#,%,.,.,.,#,#,.,^,^,#,#,.,#,.,#,%,#,#,.,#,.,#,.,%,^,.,#,#,.,^,.,#,#,.,#,%,#,.,#,#,.,#,.,#,.,.,.,%,#,#,.,%,%,#,#,.,#,.,#,%,#,#,.,%,.,.,%,.,.,%,#,#,.,%,^,#,#,.,#,.,#,%,#,#,#,#,.,%,.,.,.,.,.,.,.,.,.,^,.,.,#,.,#,.,#,#,#,#,.,.,.,.,#,#,#,#,%,.,#,.,.,%,#,.,#,^,#,#,#,#,^,.,.,^,%,.,.,.,%,.,.,.,.,^,#,.,#,.,#,#,#,#,%,%,.,.,#,#,#,#,^,.,#,.,.,.,#,.,#,^,#,#,%,.,^,.,.,^,.,.,.,.,.,^,.,.,.,%,.,.,%,^,#,#,.,.,.,.,.,.,.,.,.,.,#,^,^,.,#,.,.,.,.,.,#,#,%,#,.,#,.,.,#,#,#,#,.,%,#,.,^,.,#,.,#,^,#,#,.,#,.,#,.,%,%,.,.,F,.,#,#,#,.,%,#,.,#,.,#,#,.,#,%,#,.,.,#,#,#,#,^,S,P,^,^,.,#,.,#,.,#,#,.,.,.,^,.,.,%,%,.,.,#,^,%,%,#,.,.,%,.,.,#,#,#,#,#,#,#,#,#,#,#,#,#,#,#,#,#,#,#,#,#,#,#,
138,#,#,#,#,#,#,#,#,#,#,#,#,#,#,#,#,#,#,#,#,#,#,#,%,#,^,#,.,.,#,#,#,.,.,.,^,%,.,.,.,.,.,^,#,#,.,#,^,#,.,.,.,.,^,.,.,#,#,#,#,#,#,#,P,.,#,#,.,^,.,.,.,.,#,#,#,.,.,^,%,%,.,.,%,.,%,.,#,#,^,#,%,#,.,.,.,^,.,%,.,#,#,#,#,#,#,#,#,.,#,#,.,#,.,#,^,.,#,#,#,.,.,.,^,%,.,.,.,.,.,.,#,#,.,.,^,.,.,.,.,.,%,.,.,%,^,%,.,.,.,.,.,.,#,#,#,#,%,%,.,%,#,.,#,.,#,.,#,^,#,.,#,.,#,.,#,#,#,#,.,%,.,.,#,%,#,.,#,^,#,.,#,.,#,.,#,.,#,#,#,#,.,%,%,.,#,.,#,%,#,.,#,^,#,%,#,.,#,.,#,#,#,#,.,%,.,%,.,.,.,.,.,.,^,.,^,.,.,%,.,F,#,#,%,#,^,#,.,.,.,.,.,.,%,#,.,#,^,%,.,^,.,.,#,#,.,#,.,#,.,.,#,^,#,.,.,#,.,#,.,#,#,#,#,.,#,#,%,#,.,#,%,%,#,.,#,%,.,.,.,.,.,.,^,.,.,^,#,#,^,#,.,#,%,.,#,%,#,%,.,#,^,#,%,#,#,#,#,S,#,#,.,%,%,.,^,.,%,.,.,.,.,#,.,#,.,^,^,^,.,.,#,#,.,^,.,.,.,.,.,.,.,.,.,.,.,.,.,.,.,.,#,#,#,#,#,^,#,.,#,.,#,.,#,.,.,%,.,#,#,%,.,^,#,#,#,#,#,%,#,.,#,^,#,^,#,.,^,.,^,#,#,.,.,.,#,#,#,#,#,%,#,.,#,.,#,.,#,%,.,.,%,#,#,.,.,^,#,#,#,#,.,%,.,%,.,.,.,.,%,.,.,.,.,#,#,.,.,.,.,^,#,#,#,#,#,#,#,#,#,#,#,#,#,#,#,#,#,#,#,#,#,#,#,
139,#,#,#,#,#,#,#,#,#,#,#,#,#,#,#,#,#,#,#,#,#,#,#,.,.,.,.,.,.,.,.,.,^,.,.,.,.,.,%,.,^,.,^,#,#,#,^,#,%,#,%,.,#,#,#,.,#,.,#,%,.,#,.,#,%,#,#,#,.,#,.,#,.,.,.,.,.,.,#,.,#,.,.,#,.,#,.,#,#,#,.,#,^,#,#,#,#,.,^,^,#,^,#,%,.,#,.,#,.,#,#,.,^,%,.,%,^,.,.,.,.,%,#,.,#,.,.,#,.,#,%,#,#,^,%,%,%,.,#,#,F,#,#,.,#,#,#,.,#,#,.,.,%,#,#,.,#,%,#,.,#,#,%,#,#,.,.,.,.,.,#,#,.,.,.,#,#,S,#,.,#,.,.,.,.,.,%,^,#,#,#,.,#,#,.,%,.,#,#,.,#,^,#,^,#,#,.,#,#,^,.,.,.,^,#,#,.,.,.,#,#,.,#,%,#,.,#,#,.,#,#,.,#,#,#,.,.,.,%,.,.,#,#,%,%,^,.,^,#,#,%,%,.,.,%,.,.,.,%,.,.,.,.,#,#,.,.,#,.,.,#,#,.,^,.,.,^,#,.,.,#,#,#,#,.,#,#,.,.,%,^,.,#,#,^,^,.,.,.,.,.,.,.,.,^,^,.,#,#,^,^,#,.,.,#,#,^,.,.,%,.,#,.,.,#,#,#,#,.,#,#,.,%,.,^,.,.,.,.,^,%,^,^,^,.,^,.,.,.,%,.,#,#,.,.,^,^,^,.,.,.,.,.,.,#,#,#,%,P,#,.,.,%,#,#,^,^,#,.,^,%,.,#,.,%,.,.,^,.,%,#,#,.,^,^,#,#,.,.,.,^,%,.,^,.,^,%,.,#,#,#,.,#,#,%,^,.,#,#,%,.,#,.,.,.,.,#,%,%,.,.,.,.,.,#,#,.,.,^,#,#,.,.,^,.,.,.,%,%,.,.,%,#,#,#,%,%,.,%,^,.,#,#,#,#,#,#,#,#,#,#,#,#,#,#,#,#,#,#,#,#,#,#,#,
140,#,#,#,#,#,#,#,#,#,#,#,#,#,#,#,#,#,#,#,#,#,#,#,.,#,.,#,.,#,#,^,^,^,.,.,^,%,.,^,.,.,%,.,#,#,.,#,^,#,.,#,#,.,.,%,#,#,.,.,.,#,#,#,#,^,#,#,.,%,^,%,%,#,#,.,.,.,#,#,.,.,.,^,^,.,.,.,#,#,.,#,.,#,.,#,#,.,.,.,#,#,^,.,.,#,#,#,#,.,#,#,.,#,^,#,%,^,.,.,%,.,#,#,.,.,.,^,%,.,.,^,#,#,.,%,.,.,.,^,.,^,.,.,#,#,.,#,#,.,%,.,.,%,#,#,.,%,.,#,#,^,#,#,#,#,#,#,.,#,#,#,^,#,^,#,#,#,%,.,.,#,#,%,.,.,^,.,.,.,.,%,.,#,.,#,.,#,#,#,%,.,%,#,#,.,#,#,#,#,#,#,%,#,#,#,%,#,.,#,#,#,.,%,.,#,#,%,.,.,^,.,#,#,.,#,#,%,.,.,.,.,#,#,.,.,%,%,.,.,^,.,.,^,.,.,^,%,.,.,%,S,#,#,#,#,#,.,#,.,#,#,#,#,#,.,.,^,.,.,.,.,.,.,#,#,#,#,#,.,#,^,#,.,.,^,.,.,.,.,#,%,.,^,^,%,#,#,#,#,#,.,#,.,#,#,#,#,#,^,.,.,^,.,%,.,^,.,#,#,#,#,^,.,.,.,%,^,.,.,.,%,^,.,.,%,.,.,.,%,.,.,#,#,#,P,.,#,#,.,^,.,.,.,F,.,.,^,.,^,.,.,#,#,#,#,#,#,^,#,#,#,#,#,#,.,#,#,.,.,.,%,.,%,#,#,#,#,.,.,%,.,.,.,.,%,.,.,#,#,.,.,^,.,.,%,#,#,#,#,#,#,.,#,#,#,#,#,#,.,#,#,.,%,%,.,%,.,#,#,#,#,#,#,.,#,#,.,.,^,%,.,#,#,.,.,.,^,^,.,.,.,#,#,#,#,#,#,#,#,#,#,#,#,#,#,#,#,#,#,#,#,#,#,#,
141,#,#,#,#,#,#,#,#,#,#,#,#,#,#,#,#,#,#,#,#,#,#,#,.,#,%,#,.,^,^,.,#,#,.,#,.,#,.,.,.,.,#,#,#,#,%,#,.,#,%,.,%,.,#,#,.,#,%,#,.,.,.,.,#,#,#,#,.,#,.,#,.,^,^,^,#,#,.,.,.,.,.,.,.,.,#,#,#,#,.,#,.,#,.,.,^,.,#,#,.,#,.,#,.,.,.,.,#,#,#,#,.,^,.,.,.,%,^,^,^,%,.,#,.,#,%,.,.,%,%,.,#,#,.,#,.,#,.,%,#,.,#,.,.,.,.,.,%,.,%,.,.,^,#,#,.,#,.,#,.,^,#,%,#,^,.,.,%,#,#,.,.,^,#,#,#,#,%,#,.,#,.,.,#,%,#,.,.,.,.,#,#,.,^,.,P,#,#,#,.,#,%,#,.,.,#,.,#,.,%,.,.,#,#,%,^,.,#,#,#,#,%,%,^,.,.,^,.,^,.,.,.,^,%,#,#,^,.,%,#,#,#,#,#,.,.,%,#,.,#,#,#,.,.,#,.,#,%,.,%,.,.,.,#,#,%,.,#,.,.,.,^,^,.,%,.,#,.,#,.,.,#,.,#,%,#,#,.,#,#,#,%,.,#,#,#,%,.,^,^,.,^,.,#,.,#,.,#,#,.,.,#,^,.,.,F,^,.,.,.,#,%,#,.,^,#,%,#,.,#,#,#,.,%,%,#,.,#,#,#,.,%,#,%,#,.,.,.,%,.,.,#,#,.,.,^,.,S,%,#,.,#,^,.,.,^,.,^,%,.,.,.,.,#,#,.,.,.,^,.,%,#,.,#,%,^,.,#,.,^,#,#,.,.,.,#,#,.,.,#,.,.,.,#,.,#,%,.,^,.,.,.,#,#,%,.,.,#,#,^,.,.,%,.,.,#,.,#,.,.,%,#,%,^,#,#,.,.,.,#,#,.,.,^,.,.,%,^,%,%,^,.,.,^,^,.,#,#,.,.,.,#,#,#,#,#,#,#,#,#,#,#,#,#,#,#,#,#,#,#,#,#,#,#,
142,#,#,#,#,#,#,#,#,#,#,#,#,#,#,#,#,#,#,#,#,#,#,#,#,#,%,^,.,.,^,.,^,.,.,^,.,%,%,.,^,.,^,%,#,#,#,#,.,.,^,%,%,%,.,.,.,%,#,.,.,^,%,#,.,^,#,#,#,#,.,.,^,.,.,#,.,.,.,.,.,.,.,F,%,^,.,.,#,#,#,#,%,.,.,.,^,.,.,.,.,%,#,.,.,.,.,#,.,.,#,#,.,.,.,%,%,.,.,.,%,%,^,.,^,.,.,.,%,.,.,.,#,#,.,.,.,.,.,^,.,.,^,.,.,#,#,#,.,.,%,.,.,%,#,#,%,#,#,P,#,.,#,.,#,%,%,%,%,.,.,#,#,#,#,.,#,#,.,^,%,.,%,.,#,.,#,.,.,#,#,#,.,.,.,.,.,.,#,#,.,#,#,#,#,%,#,%,#,.,.,^,%,.,.,#,#,#,#,.,#,#,%,.,.,^,.,%,#,.,#,.,.,#,#,#,.,.,.,^,.,.,#,#,.,.,%,^,^,.,.,.,#,#,.,#,#,#,.,.,.,%,#,#,#,#,.,.,#,%,.,.,^,.,#,#,.,.,.,.,^,.,.,.,#,#,#,#,%,.,.,.,.,.,.,.,#,#,.,#,#,#,.,.,.,.,#,#,#,#,.,.,#,^,%,.,.,%,#,#,.,.,.,.,.,.,.,^,#,#,#,#,^,%,.,.,.,.,%,.,.,.,%,#,#,#,.,.,.,.,.,.,#,#,.,.,.,^,.,^,^,.,.,.,^,.,.,.,%,.,.,.,.,^,#,#,.,#,.,#,.,#,.,#,%,#,#,#,#,#,%,.,.,.,%,.,#,#,%,#,.,#,^,#,.,#,.,#,^,.,.,.,.,.,%,#,.,.,#,#,%,#,.,#,%,#,.,#,.,#,#,#,#,#,.,.,.,.,%,^,#,#,.,#,.,#,.,.,.,.,.,S,.,.,.,.,.,.,.,%,.,^,#,#,#,#,#,#,#,#,#,#,#,#,#,#,#,#,#,#,#,#,#,#,#,
143,#,#,#,#,#,#,#,#,#,#,#,#,#,#,#,#,#,#,#,#,#,#,#,.,#,.,#,.,.,.,%,.,%,#,#,.,^,%,#,.,.,%,#,#,#,%,#,.,#,.,.,.,#,#,#,#,#,.,.,.,.,.,#,.,.,#,#,.,.,.,%,%,%,.,.,%,.,#,#,.,.,.,%,#,#,#,.,#,#,^,#,.,#,%,#,#,#,.,.,#,#,%,.,%,%,.,#,^,.,#,#,.,#,.,#,.,.,^,%,.,.,.,.,%,.,.,#,.,.,.,#,#,#,.,.,%,.,%,.,.,.,.,%,#,.,%,.,#,#,#,%,#,#,#,#,.,#,.,#,.,.,#,#,#,#,.,.,#,^,.,#,#,.,#,#,#,#,%,#,^,#,%,.,.,.,%,%,.,#,#,#,^,.,.,.,.,.,#,#,.,#,^,#,^,%,#,#,#,#,.,.,#,.,.,#,#,.,#,#,#,#,.,.,.,^,.,.,^,.,.,%,#,.,.,%,#,#,#,.,#,#,#,#,.,#,%,#,.,^,%,^,%,%,#,#,.,#,#,.,.,.,.,.,#,#,.,#,.,#,.,#,#,%,^,%,#,#,.,#,#,%,#,.,#,F,#,#,.,S,%,.,^,#,#,.,.,^,%,.,%,^,.,^,P,%,#,.,#,#,.,#,.,#,.,#,#,.,.,.,#,#,.,#,#,%,#,.,#,.,#,#,%,#,.,#,.,#,#,.,.,.,#,#,.,#,#,.,%,.,^,.,#,#,.,%,%,%,.,.,^,.,^,.,.,.,%,^,%,.,%,.,%,.,#,#,.,.,#,#,#,^,#,#,#,#,.,.,#,#,#,.,#,.,#,^,#,#,.,^,%,.,^,^,.,.,%,.,.,%,%,.,%,^,#,.,#,^,#,#,#,#,#,.,.,.,#,#,#,#,#,#,#,%,.,.,#,.,#,^,#,#,.,.,.,.,^,.,%,^,.,.,%,.,.,%,.,.,#,.,#,.,#,#,#,#,#,#,#,#,#,#,#,#,#,#,#,#,#,#,#,#,#,#,#,
144,#,#,#,#,#,#,#,#,#,#,#,#,#,#,#,#,#,#,#,#,#,#,#,.,#,.,#,.,.,#,%,#,.,.,%,.,.,.,#,#,.,#,#,#,#,.,#,%,#,%,^,#,.,#,.,%,#,.,#,.,#,#,.,#,#,#,#,.,#,.,#,%,.,.,.,%,^,.,#,.,#,.,.,.,%,.,.,#,#,.,#,.,#,^,.,#,.,#,^,^,#,.,#,.,#,#,.,#,#,#,#,.,.,.,.,%,^,#,%,#,^,.,#,%,#,%,#,#,.,#,#,#,#,%,#,#,#,.,^,.,.,.,^,.,.,^,^,^,^,%,.,.,.,#,#,%,.,.,^,.,#,#,.,.,.,#,#,#,#,.,#,#,#,#,.,#,#,.,#,#,#,^,#,#,.,.,.,.,.,.,.,%,.,.,.,%,.,#,#,.,^,.,.,%,#,#,.,%,.,#,#,#,#,^,#,#,#,#,.,#,#,.,#,#,#,^,#,#,%,.,%,.,^,.,.,.,.,.,.,F,.,#,#,%,#,.,#,.,%,.,.,.,.,.,#,.,#,.,.,.,.,.,.,#,#,.,#,.,P,.,^,.,.,#,#,.,#,%,#,^,.,%,#,#,#,#,#,.,#,.,#,.,%,%,.,#,#,.,%,.,.,.,.,.,.,.,.,#,#,.,#,.,#,%,.,.,%,#,#,.,#,^,#,.,#,#,#,%,.,#,#,.,%,.,%,%,^,.,^,#,#,^,#,S,#,.,.,^,.,.,.,#,#,.,.,%,^,.,#,#,.,#,#,^,#,#,#,%,.,.,.,.,.,#,#,.,.,.,%,.,#,#,.,#,#,%,.,.,.,.,#,.,#,.,#,#,#,.,.,#,.,%,.,%,%,^,.,.,#,#,#,.,#,.,#,.,#,#,#,^,.,.,.,^,#,#,.,#,#,.,.,.,.,.,#,.,#,.,#,#,#,%,.,.,.,.,#,#,.,#,#,.,#,#,#,^,.,.,%,.,%,#,#,#,#,#,#,#,#,#,#,#,#,#,#,#,#,#,#,#,#,#,#,#,
145,#,#,#,#,#,#,#,#,#,#,#,#,#,#,#,#,#,#,#,#,#,#,#,^,#,.,#,^,%,%,.,.,.,.,#,^,#,%,.,.,.,%,^,#,#,.,#,.,#,%,^,#,.,#,.,^,#,.,#,^,.,.,#,.,.,#,#,.,%,^,.,.,S,#,%,#,.,%,^,.,%,^,.,.,.,%,.,#,#,.,#,%,#,.,.,#,.,#,.,.,#,.,#,.,.,%,#,.,.,#,#,.,#,%,#,^,%,%,^,.,.,.,#,.,#,.,%,.,^,.,^,#,#,.,#,.,#,%,%,#,.,#,.,.,.,.,.,^,.,.,.,%,%,#,#,.,#,.,#,.,.,#,^,#,%,%,#,.,#,.,.,.,#,^,.,#,#,^,^,.,.,^,.,#,.,#,.,%,#,.,#,%,%,.,%,.,.,#,#,%,#,.,#,.,.,#,^,#,.,.,#,.,#,.,.,.,#,^,.,#,#,.,#,.,#,.,^,^,.,.,.,^,#,%,#,.,.,^,.,.,%,#,#,.,.,.,.,%,^,.,.,.,.,.,.,.,.,.,.,%,%,.,.,#,#,.,%,#,.,.,.,#,#,#,#,#,^,#,^,#,.,#,#,#,#,#,#,.,^,.,.,%,%,.,.,^,.,#,%,#,.,#,.,.,^,.,.,#,#,^,^,#,%,.,^,#,#,#,#,#,.,#,.,#,.,#,#,#,#,#,#,.,.,F,%,.,^,^,.,.,^,.,^,.,.,.,.,.,^,.,%,#,#,.,.,.,P,#,.,.,^,.,.,.,%,.,.,.,^,^,.,.,^,#,#,.,.,.,#,#,.,#,.,#,.,.,^,.,%,^,^,.,^,.,.,#,#,%,.,.,#,#,.,#,.,#,^,%,.,#,^,^,.,.,#,.,.,#,#,.,.,.,#,#,%,#,.,#,.,.,.,^,.,.,.,^,^,.,.,#,#,.,^,.,.,.,%,#,%,#,%,.,%,.,^,.,^,.,.,^,.,#,#,#,#,#,#,#,#,#,#,#,#,#,#,#,#,#,#,#,#,#,#,#,
146,#,#,#,#,#,#,#,#,#,#,#,#,#,#,#,#,#,#,#,#,#,#,#,#,#,.,.,^,.,^,%,.,.,^,.,^,#,#,.,.,%,%,.,#,#,#,#,.,.,.,#,#,#,#,.,.,.,^,#,#,#,#,#,.,.,#,#,#,#,.,%,.,.,^,.,.,.,.,.,.,#,#,^,.,^,.,%,#,#,#,#,.,^,%,#,#,#,#,.,.,F,%,#,#,.,^,#,#,#,#,#,%,.,.,%,%,.,.,.,.,%,.,.,.,.,.,.,^,.,.,.,#,#,#,#,.,#,#,.,^,.,#,P,#,#,%,^,.,^,.,%,.,^,#,#,#,#,%,#,#,%,.,%,#,#,#,#,.,.,.,%,.,#,#,#,#,#,%,.,.,.,.,.,.,%,#,#,#,#,^,%,.,.,.,.,.,.,#,#,#,#,.,#,#,.,^,.,#,#,#,#,.,.,.,#,#,#,.,%,#,#,#,#,.,#,#,.,.,.,^,.,.,^,.,.,S,.,.,^,.,.,#,#,.,^,.,.,.,%,.,.,^,%,%,.,.,^,.,%,#,#,#,.,#,#,%,#,%,#,.,#,#,#,^,%,.,#,#,#,#,%,%,.,.,%,#,#,^,#,.,#,.,.,%,.,.,.,.,.,.,.,.,.,#,#,#,.,#,#,.,#,^,#,%,.,.,#,#,#,^,#,#,#,#,.,.,.,.,.,#,#,.,#,.,#,^,.,.,%,.,.,.,.,.,^,.,.,#,#,#,^,#,#,#,.,.,^,#,#,.,.,%,#,.,^,^,^,.,.,.,.,.,^,#,#,.,.,#,%,^,.,.,#,.,.,%,#,.,#,.,#,#,#,^,%,#,#,%,#,#,#,.,.,#,#,#,.,.,#,.,#,.,.,.,.,%,.,#,#,%,.,#,.,.,^,.,#,.,.,.,#,.,#,.,.,%,#,#,#,#,#,#,.,.,%,#,#,.,.,.,#,.,#,.,#,.,^,.,^,.,^,#,#,#,#,#,#,#,#,#,#,#,#,#,#,#,#,#,#,#,#,#,#,#,
147,#,#,#,#,#,#,#,#,#,#,#,#,#,#,#,#,#,#,#,#,#,#,#,%,^,.,.,.,^,#,.,#,.,.,%,.,.,.,.,^,%,.,.,#,#,^,#,#,#,#,%,#,.,#,^,.,#,#,#,#,#,#,#,%,.,#,#,%,.,%,%,.,^,#,^,#,%,.,^,.,.,.,.,.,^,.,F,#,#,.,#,#,#,#,.,#,^,#,^,.,#,#,#,#,.,.,#,#,#,#,#,%,.,.,.,.,.,%,.,^,^,^,^,.,^,%,.,^,.,.,.,#,#,.,#,.,#,^,.,.,.,.,.,^,.,.,^,.,.,.,.,.,.,#,#,.,#,.,#,^,.,.,%,.,.,%,.,#,.,.,^,^,.,.,.,#,#,.,.,.,%,.,.,^,#,.,^,.,.,.,%,.,.,.,#,%,%,#,#,.,#,.,#,.,.,.,.,^,.,.,.,#,.,.,^,^,.,%,%,#,#,^,#,.,#,.,^,.,S,.,.,%,.,.,^,.,^,.,^,.,.,#,#,.,#,%,#,%,%,.,%,#,#,.,.,%,^,%,.,.,^,.,.,#,#,.,#,.,#,.,^,.,.,#,#,.,^,%,.,.,#,#,.,^,.,#,#,.,.,.,^,^,.,.,.,#,#,%,%,#,%,.,#,#,.,.,.,#,#,%,#,%,#,.,^,.,.,#,#,.,.,.,%,.,#,#,.,%,.,#,#,%,#,.,#,.,.,.,^,^,.,.,%,%,.,.,P,#,.,.,%,#,#,^,^,.,^,.,#,#,.,^,.,.,.,.,%,.,.,.,.,%,.,#,#,.,#,^,#,.,#,#,.,.,.,^,#,#,#,#,#,#,#,#,.,#,#,.,#,.,#,.,#,#,%,.,.,.,^,.,%,.,.,.,.,.,.,#,#,^,#,.,#,.,#,#,%,.,%,.,#,#,#,#,#,#,#,#,.,#,#,.,#,.,#,.,.,.,.,.,%,.,.,.,.,.,^,%,.,^,.,#,#,#,#,#,#,#,#,#,#,#,#,#,#,#,#,#,#,#,#,#,#,#,
148,#,#,#,#,#,#,#,#,#,#,#,#,#,#,#,#,#,#,#,#,#,#,#,%,%,%,^,.,.,#,.,#,%,.,.,.,.,.,%,.,.,#,#,#,#,#,#,#,#,.,^,#,%,#,^,#,.,#,.,#,.,^,.,#,#,#,#,.,.,.,.,.,.,.,.,.,%,#,.,#,^,#,%,%,.,#,#,#,#,#,#,#,#,.,.,#,.,#,.,#,.,#,^,#,.,.,.,#,#,#,#,.,.,^,.,.,%,#,^,#,.,^,^,.,^,.,.,^,.,.,.,#,#,.,^,.,.,.,#,.,.,^,#,%,.,^,.,.,.,#,.,#,.,#,#,#,#,^,.,.,.,%,#,.,.,.,.,#,#,#,^,#,.,#,%,#,#,#,#,.,.,^,.,#,#,#,.,.,^,.,%,.,^,#,.,#,.,#,#,#,#,^,.,^,.,^,#,.,%,#,#,#,.,.,.,#,.,#,.,#,#,#,#,.,.,.,#,%,.,.,#,.,.,.,.,.,.,.,.,.,%,#,#,^,.,%,^,%,%,F,.,^,.,.,.,^,.,%,.,.,.,%,%,#,#,.,.,#,.,.,.,%,^,#,#,.,#,S,#,%,.,#,#,#,#,#,#,^,.,.,.,^,.,%,%,#,#,.,#,.,#,.,^,.,.,.,%,#,#,.,.,#,.,.,^,.,.,#,#,%,#,^,#,.,%,#,#,#,#,#,#,^,.,.,^,%,.,^,.,#,#,.,^,^,.,.,%,.,.,^,.,#,#,.,^,.,#,#,%,.,^,.,%,.,#,#,#,^,#,#,.,#,#,#,#,.,.,%,#,#,#,#,^,^,^,^,.,.,.,.,#,#,%,#,#,#,#,.,%,.,#,#,#,#,.,.,.,.,#,#,#,%,.,.,.,.,%,#,#,%,.,^,#,#,#,#,%,.,.,.,.,.,.,.,#,#,%,#,P,#,#,%,.,.,%,.,#,#,%,.,^,.,#,#,#,^,#,#,.,#,#,#,#,#,#,#,#,#,#,#,#,#,#,#,#,#,#,#,#,#,#,#,#,#,
149,#,#,#,#,#,#,#,#,#,#,#,#,#,#,#,#,#,#,#,#,#,#,#,^,^,%,#,#,^,.,.,%,.,.,.,.,^,.,.,.,.,.,.,#,#,.,.,%,#,#,.,%,#,#,#,%,#,%,#,^,.,#,^,#,.,#,#,%,.,.,#,#,^,%,.,.,%,%,#,.,#,.,.,#,^,#,.,#,#,.,.,^,#,#,#,#,#,.,.,.,P,.,#,.,.,#,.,#,.,#,#,.,^,.,.,^,^,.,^,.,.,.,.,.,%,.,^,#,.,#,.,#,#,.,.,.,%,.,%,^,.,^,.,.,#,.,#,.,#,#,^,#,#,#,#,#,#,#,.,^,#,%,#,%,#,.,#,^,#,.,#,#,^,#,#,#,#,.,.,^,.,.,#,.,#,.,#,.,.,.,.,.,.,.,.,.,.,#,#,%,.,#,#,#,#,.,#,^,#,^,#,.,#,.,#,#,F,#,#,#,#,.,.,%,.,.,.,.,.,.,%,%,#,.,#,.,#,#,^,#,#,#,#,#,#,.,#,#,.,.,.,%,.,.,^,.,%,.,.,.,.,#,#,#,#,#,#,.,#,#,#,#,#,.,^,.,.,#,#,#,^,%,.,#,#,#,#,%,.,.,.,.,%,%,^,.,^,.,^,.,.,%,.,.,.,#,#,#,#,#,#,.,#,#,.,^,#,#,#,#,#,#,^,.,^,.,.,#,#,#,#,#,#,.,#,#,.,^,.,.,.,.,.,^,%,.,.,.,.,.,^,#,#,#,#,.,#,#,^,^,.,.,.,.,.,.,.,.,^,.,.,#,#,#,#,#,#,%,#,#,#,#,#,#,.,.,%,#,#,#,.,.,.,#,#,#,#,.,.,.,%,^,.,.,^,.,.,S,%,%,.,.,.,^,^,#,#,#,#,#,#,^,#,#,#,#,#,#,.,#,#,#,.,.,^,.,%,#,#,#,#,#,#,.,#,#,.,^,.,.,.,.,.,^,^,.,.,.,.,%,.,#,#,#,#,#,#,#,#,#,#,#,#,#,#,#,#,#,#,#,#,#,#,#,
150,#,#,#,#,#,#,#,#,#,#,#,#,#,#,#,#,#,#,#,#,#,#,#,.,.,.,.,.,.,%,.,^,.,#,#,.,#,#,.,.,.,%,.,#,#,#,#,#,.,.,.,.,.,#,#,#,#,^,#,#,#,.,#,^,P,#,#,%,.,.,.,.,.,.,.,#,#,.,^,.,.,^,#,.,#,.,#,#,#,%,.,#,#,#,%,.,^,#,#,#,#,.,#,#,#,%,#,.,#,#,#,.,^,.,%,F,.,.,^,#,#,#,#,.,#,#,.,.,.,%,.,#,#,#,#,.,.,^,#,^,.,^,#,.,.,^,.,.,.,#,.,#,^,#,#,#,#,.,.,.,.,.,#,.,.,#,#,#,.,^,.,#,.,#,^,#,#,#,#,.,.,%,^,#,#,#,.,.,^,.,.,.,.,.,.,^,^,#,#,#,#,%,.,.,^,.,#,.,.,.,.,#,#,#,.,#,.,#,.,#,#,.,%,^,.,.,#,.,.,.,#,^,.,.,.,.,.,#,^,#,.,#,#,.,^,.,.,.,.,#,^,#,.,.,^,.,.,.,.,.,.,^,%,#,#,#,#,#,#,.,%,#,.,#,^,.,#,.,#,.,#,#,#,#,.,#,#,.,.,.,.,.,.,#,%,#,%,%,#,.,#,.,.,.,%,%,^,#,#,#,#,#,#,S,.,#,.,#,.,.,#,.,#,.,#,#,#,#,.,#,#,%,%,.,.,.,%,%,.,%,.,.,.,.,%,.,.,.,.,.,.,#,#,^,%,.,.,.,%,.,.,^,.,.,^,.,.,.,#,#,^,#,#,#,#,#,.,#,.,#,#,#,#,.,^,#,.,#,%,#,#,#,.,#,#,#,#,#,.,#,.,#,.,.,.,.,.,#,^,#,.,#,.,%,^,%,^,#,#,#,.,#,.,#,^,.,#,#,#,#,.,#,.,#,#,#,%,#,#,#,#,^,^,.,%,^,.,.,%,^,.,%,.,^,.,%,#,#,^,#,#,#,#,#,#,#,#,#,#,#,#,#,#,#,#,#,#,#,#,#,#,#,#,#,
151,#,#,#,#,#,#,#,#,#,#,#,#,#,#,#,#,#,#,#,#,#,#,#,.,.,.,%,.,#,#,%,#,#,^,.,.,S,.,.,.,^,%,.,#,#,%,#,^,#,.,#,#,%,#,#,%,.,#,.,.,#,#,.,%,%,#,#,.,#,.,#,.,.,^,.,^,%,.,%,.,^,^,#,#,%,.,.,#,#,.,#,.,#,.,#,#,^,#,#,.,.,#,^,^,P,#,.,%,.,#,#,%,#,.,#,.,#,#,.,#,#,%,.,%,.,.,#,#,.,.,.,#,#,.,.,.,#,#,#,.,%,.,#,.,#,.,#,.,.,^,^,.,%,#,#,.,%,.,#,#,.,.,#,.,.,.,#,.,#,.,.,#,.,#,.,#,#,.,.,%,#,#,.,#,#,#,.,^,#,.,#,.,.,#,^,#,.,#,#,^,.,.,#,#,.,.,#,.,%,%,#,.,#,.,.,#,^,#,.,#,#,.,.,.,.,.,#,.,.,%,#,^,%,.,^,^,.,.,^,^,^,#,#,#,%,.,.,#,.,^,^,%,.,.,.,^,%,.,.,.,.,.,.,#,#,.,%,#,.,^,%,#,.,#,%,.,#,.,#,.,.,.,#,.,^,#,#,.,#,#,#,.,.,#,.,#,^,.,#,.,#,%,.,.,.,.,.,#,#,.,^,#,.,%,.,#,^,#,^,.,#,.,#,.,.,.,#,%,.,#,#,#,.,%,.,#,.,%,%,^,.,.,#,.,#,.,%,.,%,.,^,#,#,.,.,.,.,^,.,.,.,#,#,%,^,.,^,.,#,.,.,.,#,#,#,#,.,#,.,#,.,.,.,#,#,.,.,#,#,#,.,.,#,^,.,#,#,#,.,#,.,#,^,.,.,#,#,.,^,%,.,.,%,#,#,#,.,#,#,#,.,#,^,#,^,.,.,#,#,#,#,#,^,.,%,^,#,^,.,#,#,.,.,.,.,.,^,.,%,.,^,.,^,.,.,.,#,.,.,F,#,#,#,#,#,#,#,#,#,#,#,#,#,#,#,#,#,#,#,#,#,#,#,#,
152,#,#,#,#,#,#,#,#,#,#,#,#,#,#,#,#,#,#,#,#,#,#,#,^,%,.,#,#,#,%,^,^,#,#,#,%,#,#,^,^,^,.,.,#,#,.,^,.,#,#,.,.,#,.,.,#,#,%,#,#,.,#,#,#,#,#,#,^,^,.,#,#,%,#,#,#,.,.,.,.,.,^,^,^,.,^,%,#,#,%,.,^,#,#,.,.,#,^,.,#,#,^,#,#,.,#,#,#,#,#,#,.,.,.,^,%,#,%,.,.,#,#,#,%,#,#,.,%,.,.,^,#,#,.,#,.,#,.,.,.,.,.,%,#,#,.,.,.,%,.,.,.,.,#,#,%,#,.,#,%,%,#,^,#,.,#,#,.,%,.,.,.,#,#,#,#,#,.,P,.,#,.,.,#,.,#,.,#,#,%,^,.,.,.,.,S,%,#,#,.,#,.,#,.,.,#,.,#,.,#,#,.,.,.,#,#,#,.,.,#,#,.,.,.,.,^,.,#,.,#,.,.,.,^,%,%,.,.,%,.,.,#,#,.,.,.,#,#,#,.,.,^,#,.,.,.,%,^,.,.,%,.,^,#,#,.,.,.,#,#,.,%,#,.,.,^,#,.,#,^,.,.,#,#,#,#,#,^,^,.,#,#,^,#,#,#,.,.,#,%,#,.,.,.,.,.,%,#,#,.,.,^,#,#,.,.,#,.,.,.,#,.,#,.,#,#,#,.,%,#,#,%,.,.,^,.,#,.,%,.,#,%,.,.,%,.,.,.,^,F,^,#,#,^,.,.,^,.,.,.,.,^,%,%,.,^,.,.,.,.,.,.,^,#,#,.,%,#,.,^,.,#,.,#,^,.,%,.,#,#,#,#,.,^,%,#,#,^,.,%,.,.,.,#,.,#,.,^,.,.,#,#,#,#,.,^,%,#,#,.,.,#,.,.,.,#,%,#,%,.,.,%,#,#,#,#,%,.,.,#,#,^,.,.,.,.,.,.,.,.,^,.,.,^,#,#,#,#,.,.,.,#,#,#,#,#,#,#,#,#,#,#,#,#,#,#,#,#,#,#,#,#,#,#,
153,#,#,#,#,#,#,#,#,#,#,#,#,#,#,#,#,#,#,#,#,#,#,#,.,.,^,.,.,%,^,%,.,.,#,#,.,.,.,#,%,^,%,#,#,#,.,%,#,#,#,#,.,#,.,#,#,#,.,.,%,.,.,#,.,%,#,#,.,.,.,.,.,#,.,#,.,#,#,#,.,.,.,.,#,#,#,.,#,#,#,#,#,%,.,#,.,#,.,#,#,#,.,.,%,%,.,#,^,.,#,#,.,%,.,.,.,.,^,%,^,.,.,.,.,.,^,#,^,.,.,#,#,#,#,.,^,^,#,^,.,.,^,.,%,#,.,#,^,.,.,.,.,.,#,#,^,.,#,.,^,#,.,#,%,#,.,#,^,#,.,^,#,.,#,.,#,#,.,#,#,#,F,#,^,#,.,#,%,.,.,.,.,^,#,.,#,.,#,#,.,.,#,.,.,P,%,#,^,#,.,#,%,#,%,.,#,.,#,.,#,#,#,^,.,.,#,^,.,^,^,.,.,#,^,#,^,.,#,.,#,.,#,#,^,^,^,.,.,.,.,.,.,.,.,^,^,.,%,.,%,.,^,.,#,#,^,^,#,.,^,%,#,%,#,.,.,#,#,#,#,.,#,%,#,.,#,#,.,^,.,%,.,%,#,^,#,.,.,.,.,%,.,.,#,.,#,.,#,#,.,.,#,.,.,.,#,.,#,.,%,#,#,#,#,.,#,.,#,.,#,#,.,.,.,%,%,^,.,^,.,.,^,.,.,.,.,.,^,%,.,.,#,#,.,.,.,%,.,.,%,^,.,^,#,#,.,#,#,.,.,%,.,%,#,#,#,^,#,%,#,^,#,#,#,#,#,#,%,#,#,%,^,.,.,^,#,#,#,^,#,%,#,.,.,^,S,.,.,^,.,%,.,%,.,#,.,^,#,#,#,.,#,.,#,.,#,#,#,#,#,#,^,#,#,.,.,.,.,.,#,#,%,^,.,.,.,.,^,.,.,.,#,#,^,#,#,.,.,^,^,.,#,#,#,#,#,#,#,#,#,#,#,#,#,#,#,#,#,#,#,#,#,#,#,
154,#,#,#,#,#,#,#,#,#,#,#,#,#,#,#,#,#,#,#,#,#,#,#,#,#,.,.,.,.,.,.,%,.,.,.,.,%,%,^,.,.,#,#,#,#,#,#,^,F,.,#,#,.,.,^,#,#,#,.,.,%,.,.,#,#,#,#,#,#,%,^,^,#,#,.,.,.,.,.,%,.,^,.,.,^,#,#,#,#,#,#,%,.,.,#,#,.,%,.,.,.,#,#,#,.,.,.,#,#,#,#,^,%,.,.,.,#,#,.,^,.,.,^,%,.,^,%,.,.,%,.,#,#,%,.,.,.,.,#,.,.,%,#,#,.,^,.,#,#,^,%,.,#,#,#,^,#,.,#,.,.,.,#,.,^,.,.,#,.,^,.,%,#,.,.,#,#,.,#,.,#,.,^,#,#,#,%,.,#,#,#,%,%,#,#,#,^,#,#,.,#,.,#,^,.,.,#,%,.,.,.,#,.,.,.,.,#,.,%,#,#,.,.,.,^,.,#,^,.,^,#,#,.,.,.,#,#,.,.,.,#,#,#,.,.,.,^,.,.,.,%,.,.,.,.,^,.,^,^,.,.,.,%,#,#,.,.,.,#,#,^,#,#,#,#,#,#,.,.,.,#,#,%,%,.,#,#,%,^,.,#,#,.,.,.,.,.,#,#,.,.,.,#,#,.,.,.,#,#,^,.,%,#,#,.,#,#,#,#,#,#,.,.,.,#,#,.,^,.,#,#,.,%,.,#,#,.,S,.,%,.,#,#,%,.,.,#,#,%,%,%,#,#,#,.,^,.,#,.,#,.,#,.,.,.,.,^,.,.,^,.,^,.,#,#,.,.,P,.,.,^,#,.,#,.,.,%,.,.,.,.,.,#,%,%,#,#,.,#,#,#,.,.,#,^,#,%,^,.,#,.,^,.,.,.,.,.,#,#,^,.,#,.,.,.,#,%,#,.,.,^,%,^,.,^,.,#,.,.,#,#,#,%,.,%,#,.,.,.,%,.,.,.,.,.,%,.,.,.,%,.,#,#,#,#,#,#,#,#,#,#,#,#,#,#,#,#,#,#,#,#,#,#,#,
155,#,#,#,#,#,#,#,#,#,#,#,#,#,#,#,#,#,#,#,#,#,#,#,.,#,.,#,.,#,^,.,.,#,^,.,.,^,^,S,.,%,.,.,#,#,.,#,^,#,%,^,.,#,.,.,#,#,#,.,.,#,#,^,.,.,#,#,.,.,%,^,.,.,#,#,#,.,^,%,.,.,.,#,#,^,.,.,#,#,.,#,.,#,%,%,.,#,.,^,.,.,#,#,#,#,#,.,%,.,#,#,.,#,.,#,F,#,.,%,%,#,%,%,^,.,.,#,#,%,.,.,#,#,#,P,.,.,.,%,^,.,^,.,#,.,.,.,#,.,.,.,.,.,#,#,#,#,%,.,.,.,#,#,#,#,.,.,#,.,.,#,#,#,#,.,#,#,#,#,.,^,.,.,.,.,.,.,.,#,#,#,.,.,%,.,^,.,#,#,#,#,.,.,.,.,#,#,#,#,.,.,#,%,%,#,#,#,#,.,#,#,.,.,%,.,%,.,.,.,.,.,#,.,%,.,#,.,.,%,.,^,#,#,^,#,.,#,%,.,.,^,#,#,.,^,.,.,^,%,#,#,#,.,#,#,.,#,.,#,.,.,.,.,#,#,#,.,#,.,#,.,.,.,.,.,#,#,.,#,%,#,.,%,.,^,#,#,#,.,#,^,#,.,#,#,#,^,#,#,^,#,%,#,.,^,^,.,#,#,#,.,#,.,#,.,.,^,.,%,#,#,.,.,.,.,.,^,.,.,.,%,%,.,.,^,.,.,#,#,#,^,#,#,.,^,.,.,.,#,#,.,#,#,#,#,%,.,.,#,#,.,%,.,#,#,#,#,#,#,^,#,#,.,#,#,#,#,.,.,.,#,#,.,^,%,#,#,^,%,.,^,.,.,%,%,.,.,#,#,.,.,.,#,#,%,.,.,#,#,#,#,#,#,.,#,#,.,#,#,#,#,.,^,^,#,#,.,%,.,#,#,%,.,^,.,.,#,#,%,#,#,.,^,^,.,%,.,^,%,.,.,#,#,#,#,#,#,#,#,#,#,#,#,#,#,#,#,#,#,#,#,#,#,#,
156,#,#,#,#,#,#,#,#,#,#,#,#,#,#,#,#,#,#,#,#,#,#,#,^,.,.,.,.,#,#,.,.,%,%,.,.,.,.,%,.,%,.,%,#,#,%,#,#,#,#,#,#,^,.,.,%,.,%,#,#,%,^,^,#,#,#,#,%,.,.,%,^,#,#,.,.,%,.,.,.,#,#,.,.,%,#,#,#,#,.,#,#,#,#,#,#,.,.,.,%,.,.,#,#,.,.,.,#,#,#,#,^,%,S,^,^,.,.,%,^,.,.,%,.,#,#,.,^,.,#,#,#,#,.,.,.,^,.,.,^,.,.,.,.,.,^,.,.,.,^,.,.,.,#,#,#,#,.,.,^,P,#,#,#,.,#,#,#,.,.,#,#,.,.,^,#,#,#,#,^,.,.,.,.,^,^,.,.,.,.,.,^,#,#,.,%,.,#,#,#,#,.,.,.,#,#,#,#,.,.,^,#,#,#,#,#,.,.,.,#,#,#,#,%,.,.,%,.,.,.,.,^,.,.,.,.,#,#,^,.,.,#,#,.,.,%,^,.,.,.,.,.,^,%,^,.,.,.,.,.,%,.,.,#,#,#,#,#,#,^,^,.,.,.,%,.,#,.,#,.,#,.,#,.,#,#,#,^,.,%,.,.,.,.,#,%,.,.,#,.,#,^,#,.,#,^,#,#,#,#,#,#,#,.,%,.,^,.,%,^,#,.,#,%,#,.,#,.,#,#,#,^,F,.,.,%,%,.,.,^,.,.,%,^,^,.,.,^,%,.,.,#,#,.,#,#,#,%,%,.,%,%,.,^,%,.,.,.,.,.,.,.,%,#,#,.,.,%,.,.,%,^,.,.,.,.,#,%,#,^,#,#,%,.,.,#,#,.,#,#,#,^,%,.,#,%,.,.,#,.,#,.,#,#,.,%,^,#,#,.,.,%,^,%,^,%,.,.,^,.,#,.,#,.,#,#,^,.,%,#,#,.,#,#,#,.,.,.,.,.,.,^,#,.,#,^,#,#,^,.,.,#,#,#,#,#,#,#,#,#,#,#,#,#,#,#,#,#,#,#,#,#,#,#,
157,#,#,#,#,#,#,#,#,#,#,#,#,#,#,#,#,#,#,#,#,#,#,#,.,.,%,^,^,.,.,%,.,^,.,#,%,#,.,.,%,.,.,.,#,#,.,.,#,#,#,.,#,.,#,.,.,#,.,#,^,.,#,.,#,.,#,#,^,.,.,%,.,.,#,%,#,.,.,#,S,#,%,%,#,.,#,.,#,#,#,#,#,.,.,.,#,%,#,%,%,#,.,#,%,.,#,^,#,.,#,#,^,.,%,%,^,%,#,.,#,.,.,.,.,^,.,^,.,.,^,.,#,#,.,%,.,.,.,.,^,.,%,.,%,.,.,^,%,%,^,.,.,.,#,#,.,%,#,#,#,%,.,#,#,#,^,%,#,#,#,.,#,.,#,.,#,#,.,.,.,^,.,%,.,.,.,.,F,.,.,.,^,.,#,.,#,%,#,#,#,#,#,.,^,#,#,#,.,.,#,#,#,%,.,.,#,.,#,%,#,#,^,.,.,^,.,%,.,.,.,.,^,^,.,.,.,.,.,%,.,.,#,#,%,^,^,.,.,#,#,.,#,#,.,%,%,%,%,.,#,#,#,^,#,#,%,#,#,#,#,#,#,.,#,#,#,.,#,.,#,.,.,%,.,.,#,#,.,.,.,.,.,.,.,.,^,.,#,.,#,.,#,.,#,#,#,.,#,#,.,#,#,#,#,#,#,.,#,#,#,^,#,^,#,.,^,.,%,^,#,#,.,.,.,.,.,#,#,%,#,#,.,.,^,.,%,.,#,#,#,^,#,#,.,#,.,#,.,#,%,%,^,#,.,.,%,.,.,.,^,.,^,.,#,#,^,#,.,#,.,^,^,#,.,.,.,.,#,#,#,.,#,^,#,^,#,#,%,.,.,.,.,.,#,#,#,.,.,.,.,.,^,%,#,%,#,.,#,#,.,#,.,#,.,^,.,#,.,^,#,#,#,.,.,.,#,.,#,^,#,#,.,#,%,#,.,P,.,^,.,#,.,.,.,%,.,.,.,.,.,^,#,#,#,#,#,#,#,#,#,#,#,#,#,#,#,#,#,#,#,#,#,#,#,
158,#,#,#,#,#,#,#,#,#,#,#,#,#,#,#,#,#,#,#,#,#,#,#,^,^,.,.,.,%,%,^,.,.,.,%,.,.,^,.,.,^,%,.,#,#,.,#,.,#,.,%,.,#,#,#,.,#,#,#,#,#,#,.,.,.,#,#,.,#,.,#,.,.,.,^,.,.,^,.,.,.,%,#,#,^,%,.,#,#,%,#,.,#,F,#,#,#,.,.,.,#,#,#,#,#,#,.,%,.,#,#,.,#,.,#,.,^,.,.,.,.,%,.,%,.,.,#,#,.,%,.,#,#,#,#,^,#,#,.,.,.,.,.,.,.,.,.,.,.,#,#,#,.,#,#,#,#,^,#,#,.,.,#,#,#,.,#,.,#,.,.,.,.,.,^,#,#,.,.,.,.,.,.,%,.,.,%,.,#,.,#,.,%,#,#,#,.,#,#,#,#,.,#,#,#,#,#,.,%,.,#,.,#,.,.,.,.,.,.,#,#,#,#,.,#,#,.,.,.,.,.,.,^,^,.,^,.,#,#,#,.,#,#,.,.,.,.,.,.,%,^,.,.,.,#,#,#,.,.,^,.,#,#,#,#,.,%,#,^,^,#,#,#,#,.,%,.,S,.,.,^,.,.,#,#,#,#,.,.,%,^,^,%,.,.,.,.,.,#,#,#,%,.,.,.,#,#,#,#,^,.,P,^,.,#,#,#,#,%,.,.,.,^,.,.,.,.,#,#,#,#,.,.,.,.,.,.,%,.,.,.,.,#,#,#,^,.,.,.,.,.,#,#,^,.,.,^,.,%,#,.,#,.,.,%,.,.,.,.,^,.,.,%,#,#,^,#,#,#,#,.,#,^,#,.,.,%,.,.,.,#,#,#,%,%,#,#,.,.,%,.,%,.,#,.,#,^,.,.,#,.,^,^,.,.,^,.,#,#,.,#,#,#,#,.,#,.,#,.,.,%,.,.,.,.,.,#,#,#,#,#,.,%,^,^,.,.,.,.,.,.,.,.,.,.,.,^,.,.,.,%,#,#,#,#,#,#,#,#,#,#,#,#,#,#,#,#,#,#,#,#,#,#,#,
159,#,#,#,#,#,#,#,#,#,#,#,#,#,#,#,#,#,#,#,#,#,#,#,#,#,.,.,^,^,.,%,.,%,.,.,.,^,.,.,^,^,.,.,#,#,#,#,%,.,.,.,#,%,#,.,#,#,.,.,^,^,#,#,#,#,#,#,#,#,.,.,.,.,#,.,#,.,#,#,.,.,^,.,.,.,.,.,#,#,#,#,.,.,^,.,#,.,#,^,#,#,.,.,%,.,#,#,#,#,#,#,.,.,.,%,.,.,#,.,#,^,#,#,^,.,%,.,%,.,.,.,#,#,.,.,.,^,.,.,#,.,#,.,.,^,^,.,^,#,#,.,#,#,#,#,.,.,#,#,#,^,#,.,#,.,.,.,#,#,#,#,#,.,#,#,#,#,.,%,.,.,.,.,.,%,.,.,.,.,.,%,^,.,.,.,.,.,#,#,#,#,#,.,.,.,#,.,#,.,#,#,#,^,.,#,#,^,#,#,#,#,^,.,.,.,.,%,#,.,#,.,.,.,.,.,.,#,#,.,#,#,#,#,.,.,.,#,#,.,.,.,#,#,.,.,^,.,.,%,.,^,.,.,#,#,.,%,.,#,#,.,^,%,#,#,.,P,%,#,%,%,#,#,#,#,#,#,.,.,^,#,#,%,.,^,#,#,.,#,.,#,%,.,.,%,.,.,#,#,%,^,^,#,#,.,.,.,#,#,%,#,^,#,^,S,#,#,#,#,#,#,.,^,.,.,^,.,.,%,.,^,^,#,.,#,.,^,%,.,.,%,#,#,.,.,.,.,%,^,#,.,#,.,%,%,.,.,.,.,.,.,%,F,#,#,%,.,%,.,%,.,#,^,#,.,.,.,#,#,#,#,#,#,.,.,#,#,.,.,#,%,%,.,#,.,#,%,.,.,.,.,.,.,.,.,.,%,#,#,.,^,.,.,.,.,#,.,#,.,#,#,#,%,.,.,%,#,#,#,#,#,.,.,.,.,.,.,.,.,^,%,.,%,.,^,.,^,%,.,.,.,#,#,#,#,#,#,#,#,#,#,#,#,#,#,#,#,#,#,#,#,#,#,#,
160,#,#,#,#,#,#,#,#,#,#,#,#,#,#,#,#,#,#,#,#,#,#,#,.,#,.,#,.,.,#,.,#,.,%,%,.,^,.,.,.,.,.,.,#,#,%,#,%,#,^,.,#,%,#,.,.,#,%,#,^,#,^,#,.,#,#,#,.,%,%,.,%,.,#,^,#,^,.,#,.,#,%,#,.,#,^,#,#,#,.,#,^,#,.,.,#,.,#,.,.,#,.,#,.,#,.,#,^,#,#,#,^,#,.,#,.,^,^,.,.,.,.,.,.,.,.,.,.,.,^,.,#,#,#,%,.,.,#,.,.,.,.,^,.,^,%,.,.,.,.,.,^,.,#,#,.,.,#,.,.,.,.,.,.,^,%,#,.,#,%,%,%,#,#,#,#,#,^,#,#,#,.,.,^,#,.,%,.,#,%,#,%,^,.,%,.,.,#,#,%,.,#,.,.,.,.,.,.,^,.,#,.,#,^,#,#,#,.,F,#,#,#,%,%,.,#,.,%,.,%,.,.,#,.,#,.,.,.,^,.,.,#,#,.,.,.,.,.,.,.,.,.,.,.,%,.,%,.,.,^,%,.,%,#,#,.,.,#,.,%,#,#,#,#,.,%,.,.,.,.,#,#,.,.,%,#,#,.,%,%,%,.,%,.,%,.,%,%,.,#,.,^,#,#,^,^,.,#,#,.,.,#,.,.,#,#,#,#,.,.,.,.,^,.,#,#,.,%,%,#,#,^,.,.,^,.,%,S,^,^,.,^,.,^,^,.,#,#,.,^,^,#,#,^,#,#,#,.,#,#,%,.,.,.,^,.,.,.,^,#,#,#,.,#,#,%,.,%,%,.,P,#,^,.,.,^,#,%,#,%,%,%,.,%,.,#,#,.,#,#,#,^,#,#,.,%,.,.,#,.,#,.,^,#,#,#,%,#,#,.,.,.,%,.,#,#,^,.,^,^,#,.,#,.,.,.,.,%,^,#,#,.,#,#,#,.,.,.,^,%,^,.,#,^,#,.,.,#,#,#,.,#,#,#,#,#,#,#,#,#,#,#,#,#,#,#,#,#,#,#,#,#,#,#,
161,#,#,#,#,#,#,#,#,#,#,#,#,#,#,#,#,#,#,#,#,#,#,#,.,.,.,.,.,#,#,^,^,^,%,#,%,#,.,.,.,.,%,.,#,#,#,#,#,#,%,#,#,.,^,%,^,#,^,#,.,#,#,#,.,.,#,#,.,.,%,.,.,#,#,.,^,.,.,.,.,.,.,.,.,.,^,^,#,#,#,#,#,#,.,#,#,^,.,.,.,#,^,#,.,.,.,#,#,#,#,#,.,.,^,.,.,^,.,.,^,.,.,#,.,#,.,^,%,.,.,.,#,#,.,^,.,.,.,#,^,.,.,#,^,.,.,%,.,%,.,.,.,.,#,#,.,.,#,.,.,.,.,#,.,^,.,#,P,#,#,.,%,#,.,.,#,#,%,^,.,.,.,.,#,#,#,^,.,%,.,.,.,.,.,.,.,.,#,#,.,.,#,.,.,.,.,#,%,^,%,#,#,#,#,^,^,#,.,.,#,#,.,^,^,.,.,#,%,%,.,#,.,%,^,.,.,.,.,.,.,^,#,#,#,.,.,%,#,^,.,^,.,.,.,^,%,#,#,^,.,F,^,.,#,#,.,^,#,.,.,.,#,.,#,.,%,.,.,#,#,%,#,#,#,#,#,#,^,#,#,#,.,.,#,%,#,.,^,.,.,#,#,%,.,.,^,.,#,#,%,%,#,.,.,.,#,^,#,.,^,.,.,#,#,%,#,#,#,#,#,#,#,.,.,^,#,^,#,.,#,.,^,.,.,^,.,.,.,.,.,.,#,#,.,.,.,#,#,.,.,.,.,%,.,#,#,#,.,%,.,.,#,#,#,#,.,.,.,#,#,#,.,#,^,#,.,.,.,.,.,%,.,%,#,#,#,#,%,.,.,#,#,#,.,#,.,#,.,#,#,#,.,%,.,%,#,#,#,#,.,.,.,#,#,#,.,#,.,#,.,.,.,.,%,%,.,.,#,#,#,#,.,S,%,.,.,%,%,^,%,.,.,#,#,#,.,.,.,.,.,^,#,#,#,#,#,#,#,#,#,#,#,#,#,#,#,#,#,#,#,#,#,#,#,
162,#,#,#,#,#,#,#,#,#,#,#,#,#,#,#,#,#,#,#,#,#,#,#,#,%,.,%,#,.,#,.,#,.,#,#,^,%,^,#,#,.,#,#,#,#,%,.,#,.,.,.,#,.,#,.,#,#,.,F,.,#,#,.,#,#,#,#,%,#,#,#,.,^,.,.,.,.,#,#,%,.,.,.,.,.,^,.,#,#,%,.,#,^,.,^,#,.,#,.,#,#,.,.,.,#,#,^,P,#,#,#,#,.,^,^,#,.,#,.,#,.,%,.,.,.,^,#,#,.,#,#,#,#,%,.,%,.,.,.,^,.,.,%,^,%,.,^,.,.,.,.,^,.,#,#,#,^,#,^,#,%,#,.,#,.,.,#,#,#,#,.,#,.,#,%,#,#,#,%,#,.,#,^,#,%,#,.,.,^,^,.,^,.,#,.,#,.,#,#,#,^,#,^,#,.,#,.,#,%,.,#,#,#,#,%,#,^,#,.,#,#,.,.,.,.,.,.,#,^,#,.,.,^,.,.,.,.,.,.,.,.,#,#,.,#,.,#,%,.,#,.,#,^,%,^,.,%,.,^,.,^,.,^,#,#,%,#,.,#,.,.,#,.,#,.,.,#,#,#,#,.,#,.,#,^,#,#,.,.,.,.,.,%,#,.,#,.,%,%,.,^,.,%,#,.,#,^,#,#,%,#,.,#,%,%,#,.,#,.,^,#,#,#,#,.,#,%,#,.,#,#,.,#,%,#,.,.,.,%,.,.,%,.,.,%,.,.,#,.,#,.,#,#,.,.,.,.,.,#,#,.,%,%,#,#,.,%,.,.,^,.,.,.,#,#,.,^,#,#,#,#,#,.,.,.,#,#,%,%,.,#,#,.,%,.,#,#,%,.,.,.,%,#,#,.,%,.,#,#,^,.,.,#,#,.,.,.,#,#,#,#,#,.,.,#,#,^,.,S,#,#,.,.,.,#,#,.,^,^,#,#,^,.,.,%,%,.,%,.,^,.,.,.,.,.,.,#,#,.,.,%,#,#,#,#,#,#,#,#,#,#,#,#,#,#,#,#,#,#,#,#,#,#,#,
163,#,#,#,#,#,#,#,#,#,#,#,#,#,#,#,#,#,#,#,#,#,#,#,^,.,^,^,.,%,^,.,#,#,#,.,%,.,#,.,.,%,#,#,#,#,.,^,#,#,#,%,.,.,#,#,^,.,#,.,^,.,F,.,#,#,#,#,.,.,.,.,.,.,%,^,#,#,.,#,#,#,%,.,.,.,#,#,#,#,#,#,#,%,.,.,.,.,#,#,.,%,#,%,.,.,.,%,#,#,#,#,.,%,.,.,^,%,%,%,.,.,#,.,.,.,#,.,.,.,%,.,#,#,.,.,.,^,.,.,%,.,.,^,.,.,^,.,%,.,.,.,^,.,#,#,.,.,#,.,%,#,#,#,.,.,.,#,#,P,#,#,.,#,.,#,#,#,^,.,.,.,.,^,.,.,.,.,.,.,.,^,%,#,^,#,.,#,#,#,%,^,#,%,.,.,.,#,#,#,.,#,#,#,#,#,%,#,.,#,#,#,%,.,%,.,%,.,^,.,.,.,%,.,^,.,.,.,.,.,.,^,#,#,.,#,^,#,.,.,.,^,%,^,.,.,.,.,%,.,#,.,#,.,#,#,%,#,^,#,.,#,#,#,%,.,^,^,#,^,.,%,#,.,#,^,#,#,%,#,%,#,.,.,.,%,.,%,^,.,.,.,.,%,#,%,#,.,#,#,%,#,.,#,.,.,%,#,#,#,.,^,#,.,.,.,#,.,#,.,#,#,%,.,%,.,%,.,.,.,.,.,.,.,.,.,.,%,.,.,.,^,#,#,.,.,^,^,.,.,%,S,.,^,.,^,.,.,.,.,%,.,%,.,#,#,.,.,#,.,.,#,.,#,.,#,.,%,#,#,#,#,#,#,#,.,#,#,.,%,^,.,.,#,.,#,.,#,^,.,.,%,.,.,.,%,.,%,#,#,.,.,#,.,.,#,^,#,.,#,#,#,#,.,^,#,#,#,#,.,#,#,.,.,%,%,%,.,^,%,.,.,.,.,.,.,.,.,.,%,^,.,#,#,#,#,#,#,#,#,#,#,#,#,#,#,#,#,#,#,#,#,#,#,#,
164,#,#,#,#,#,#,#,#,#,#,#,#,#,#,#,#,#,#,#,#,#,#,#,%,^,^,.,.,.,%,%,.,S,.,.,.,.,%,^,.,%,.,.,#,#,#,#,#,#,.,%,.,#,#,#,%,.,#,.,.,.,%,#,#,#,#,#,.,%,.,.,^,.,.,%,.,.,.,^,%,.,^,.,.,^,.,%,#,#,#,#,#,#,.,#,#,#,^,%,^,^,#,%,.,#,#,#,^,.,#,#,.,.,%,.,^,^,%,.,%,.,.,.,.,^,.,.,.,.,%,^,#,#,.,.,.,.,.,.,.,.,^,.,.,#,.,#,.,.,#,#,#,%,#,#,.,.,.,.,%,^,#,#,#,#,.,#,.,#,.,.,^,.,.,.,#,#,.,.,#,.,.,.,%,.,^,.,.,.,%,.,%,.,#,#,#,^,#,#,.,.,.,%,^,^,#,#,#,#,.,#,.,#,.,^,.,^,.,F,#,#,%,%,.,^,^,.,.,.,%,^,.,#,%,#,.,.,#,#,#,.,#,#,%,.,^,%,.,^,.,^,.,.,^,.,^,^,.,%,.,.,.,.,#,#,#,.,#,%,#,#,#,#,#,.,%,.,.,#,#,#,#,.,%,.,#,#,#,.,#,.,#,.,.,^,^,.,.,.,.,#,#,#,#,%,.,.,#,#,#,.,#,.,#,#,#,#,#,.,.,.,.,#,#,#,#,.,%,%,#,#,.,.,.,.,.,.,.,.,%,^,.,%,.,#,#,#,#,%,.,.,#,#,.,%,.,.,.,.,%,^,.,.,%,.,%,.,^,#,^,.,.,#,#,#,#,#,#,#,^,#,#,#,.,.,%,.,^,.,.,%,.,#,.,^,#,#,.,.,.,^,.,.,.,.,^,%,.,%,P,.,^,%,#,#,#,.,#,#,#,#,#,#,.,.,.,#,#,#,.,.,^,.,^,.,.,#,%,.,#,#,.,.,.,.,.,^,.,%,^,.,%,%,.,.,^,#,.,.,.,#,#,#,#,#,#,#,#,#,#,#,#,#,#,#,#,#,#,#,#,#,#,#,#,
165,#,#,#,#,#,#,#,#,#,#,#,#,#,#,#,#,#,#,#,#,#,#,#,.,.,.,.,.,.,#,.,#,.,%,.,.,.,.,.,.,.,.,.,#,#,.,%,#,%,^,.,#,.,#,.,#,%,#,.,#,#,#,.,.,%,#,#,^,%,.,.,.,.,.,.,.,.,#,.,#,.,#,#,#,^,%,.,#,#,.,.,#,F,%,.,#,^,#,.,#,.,#,^,#,#,#,%,.,.,#,#,%,%,.,^,%,^,#,^,#,.,^,.,.,^,.,#,#,.,^,.,#,#,#,.,%,.,#,#,.,.,.,#,.,.,.,#,#,.,.,^,.,.,#,#,.,%,#,.,.,^,.,#,.,.,.,.,.,#,#,.,#,^,#,.,#,#,.,#,#,#,.,.,#,#,#,.,.,.,.,#,#,.,#,^,#,%,#,#,.,%,#,.,.,.,.,#,%,^,.,.,.,#,#,.,#,.,#,.,#,#,#,^,.,^,#,#,.,^,^,#,%,.,.,^,%,^,#,%,#,^,#,#,^,.,%,%,.,#,%,%,.,#,.,^,^,.,^,.,#,#,#,.,#,#,#,#,#,%,.,.,^,#,.,.,%,%,.,#,#,.,%,.,.,.,#,#,S,%,^,^,.,.,#,#,#,^,%,.,.,#,#,.,#,#,#,%,#,#,.,.,#,#,#,%,^,#,.,.,.,%,.,#,#,.,.,^,.,^,#,#,.,.,.,%,.,#,^,^,^,#,.,.,%,#,#,^,#,#,#,.,#,#,.,#,.,#,^,.,.,.,.,^,%,#,#,#,%,#,.,%,.,#,#,#,.,#,.,#,.,#,#,%,^,.,.,.,.,.,.,.,.,P,.,%,#,#,.,.,.,^,%,#,#,.,%,.,%,#,#,#,.,.,#,#,#,%,#,#,.,#,.,#,.,#,#,.,.,.,.,.,.,.,.,.,%,#,.,.,#,#,.,#,.,#,.,#,#,.,.,^,^,#,#,#,%,#,^,.,^,#,#,#,#,#,#,#,#,#,#,#,#,#,#,#,#,#,#,#,#,#,#,#,#,
166,#,#,#,#,#,#,#,#,#,#,#,#,#,#,#,#,#,#,#,#,#,#,#,.,^,.,.,%,.,#,#,#,^,.,#,#,#,%,#,#,.,#,#,#,#,.,.,.,#,#,%,^,.,.,.,%,.,.,.,%,#,#,^,#,#,#,#,.,.,%,#,#,%,#,#,#,.,%,#,#,#,.,^,.,.,.,.,#,#,.,^,.,#,#,%,.,.,.,^,^,.,%,^,.,#,#,.,#,#,#,#,.,%,.,#,#,.,#,#,#,.,.,#,#,#,%,#,#,%,#,#,#,#,.,.,.,.,.,.,.,.,%,^,%,.,^,^,.,%,#,#,#,.,#,#,#,#,#,#,.,.,.,^,.,.,.,.,.,^,.,.,.,.,%,.,#,#,%,.,%,.,.,.,%,#,.,%,.,.,#,%,%,^,#,#,#,.,#,#,#,#,#,#,.,.,.,^,.,.,.,.,.,^,.,^,%,.,%,^,#,#,.,.,.,.,^,.,^,.,^,.,.,.,%,.,%,^,#,#,#,%,#,#,.,.,.,.,^,^,%,.,^,.,.,.,%,#,#,.,.,%,.,.,#,#,.,S,#,#,#,#,%,#,.,#,.,%,.,#,#,.,#,%,#,.,#,#,%,^,%,.,.,P,.,#,.,#,.,.,.,#,#,.,#,%,#,^,#,#,#,#,#,.,.,#,.,#,.,#,^,F,.,#,#,^,#,%,#,.,#,#,%,^,.,.,.,.,.,.,.,.,.,^,%,.,^,%,#,%,#,.,#,#,.,#,^,#,%,^,.,.,.,^,.,.,.,.,.,^,.,.,.,.,#,#,.,#,%,#,.,.,#,#,#,#,.,%,%,.,.,^,.,.,#,#,#,#,.,.,.,%,.,.,.,.,.,%,.,.,#,%,%,.,^,.,#,#,#,#,.,#,%,#,.,.,#,#,#,#,.,.,.,.,.,.,.,.,#,#,#,#,.,#,.,#,.,.,%,%,.,.,.,^,.,^,%,.,.,^,#,#,#,#,#,#,#,#,#,#,#,#,#,#,#,#,#,#,#,#,#,#,#,#,#,
167,#,#,#,#,#,#,#,#,#,#,#,#,#,#,#,#,#,#,#,#,#,#,#,^,#,%,#,%,#,#,.,^,.,^,%,.,.,.,%,#,.,#,^,#,#,^,#,%,#,.,#,#,.,.,.,#,#,.,%,.,.,#,.,#,%,#,#,.,#,S,#,.,#,#,F,.,.,#,#,.,.,.,.,.,.,.,^,#,#,%,#,%,#,.,#,#,.,.,.,#,#,.,.,%,^,#,%,#,^,#,#,^,^,.,.,.,.,.,.,.,.,#,#,.,.,.,^,#,^,#,.,#,#,#,#,.,.,%,%,#,^,#,%,%,.,%,.,%,.,#,.,#,^,#,#,#,#,.,^,^,.,#,.,#,^,.,#,^,#,%,.,#,.,#,.,#,#,#,#,.,%,.,^,.,.,.,%,.,#,.,#,.,^,.,^,.,.,#,#,#,#,.,^,.,.,#,.,#,.,%,#,.,#,^,.,#,.,#,^,#,#,.,%,%,.,%,.,#,.,#,%,.,#,.,#,.,^,#,%,#,^,#,#,%,.,.,%,.,.,.,^,#,#,.,.,%,.,%,#,#,^,.,%,#,#,.,#,.,#,.,^,.,%,#,#,#,#,%,.,^,#,#,.,.,.,#,#,^,#,.,#,.,.,.,%,#,#,#,#,^,.,.,#,#,^,.,.,#,#,.,#,.,#,.,.,%,.,#,#,#,#,.,.,.,#,#,.,.,.,#,#,^,.,.,%,%,.,%,.,.,^,#,#,.,%,.,.,.,^,^,^,#,#,.,.,.,.,.,.,.,.,^,.,#,#,.,#,#,.,#,.,#,.,#,#,.,#,.,#,.,.,#,.,#,%,#,#,^,#,#,.,#,.,#,.,#,#,.,#,^,#,.,.,#,.,#,.,^,.,.,%,.,^,.,.,.,%,#,#,.,#,.,P,.,^,#,.,#,^,#,#,.,#,#,.,#,.,#,%,#,#,^,#,^,#,.,.,.,.,.,.,#,#,.,#,#,.,#,%,#,^,#,#,#,#,#,#,#,#,#,#,#,#,#,#,#,#,#,#,#,#,#,#,#,
168,#,#,#,#,#,#,#,#,#,#,#,#,#,#,#,#,#,#,#,#,#,#,#,.,.,.,^,^,^,.,.,.,.,.,.,^,.,%,.,.,%,.,^,#,#,#,#,.,%,.,.,#,.,#,.,^,.,#,^,%,#,#,#,#,.,#,#,#,#,.,.,^,.,#,%,#,.,^,^,^,.,.,.,.,^,^,%,#,#,#,#,.,.,%,%,#,.,#,.,.,%,#,^,%,#,#,#,#,.,#,#,#,#,.,.,.,^,%,.,^,.,.,.,.,%,.,.,.,.,.,%,#,#,.,#,#,#,.,%,.,S,^,.,%,#,.,#,^,.,.,%,%,%,#,#,.,.,.,.,^,#,.,#,.,#,%,P,.,#,.,%,%,.,#,#,#,#,.,#,#,#,.,#,^,#,%,#,%,#,.,#,%,.,.,.,#,#,#,#,^,.,.,^,.,#,.,#,.,#,%,#,.,#,.,.,^,.,#,#,#,#,.,#,#,#,^,.,.,^,.,.,.,.,.,^,.,.,^,.,#,#,#,#,.,.,^,.,.,#,#,.,#,#,^,^,%,.,.,%,%,^,.,.,#,#,.,#,.,#,.,#,#,^,#,#,#,.,#,.,#,#,#,#,.,.,#,#,^,#,.,#,^,^,%,.,.,.,#,.,#,.,#,.,.,^,.,.,#,#,.,#,%,#,.,#,#,.,#,#,#,.,#,.,#,.,.,#,#,#,#,#,.,#,%,#,^,#,#,.,#,#,.,^,^,.,.,.,.,.,^,%,#,#,#,^,.,^,#,#,.,%,.,#,^,#,.,#,.,.,.,^,#,#,#,#,.,%,#,^,.,%,.,#,^,.,%,#,.,#,.,.,.,.,#,#,#,#,.,#,#,#,.,%,#,#,#,^,.,%,.,^,.,F,^,^,#,#,#,#,.,%,#,^,^,.,.,#,.,%,.,#,^,#,.,.,%,%,#,#,#,#,#,.,.,.,#,#,%,.,.,#,.,#,%,#,^,.,.,.,.,^,#,#,#,#,#,#,#,#,#,#,#,#,#,#,#,#,#,#,#,#,#,#,#,
169,#,#,#,#,#,#,#,#,#,#,#,#,#,#,#,#,#,#,#,#,#,#,#,.,.,^,.,.,#,#,.,%,.,.,.,.,.,.,.,^,%,.,.,#,#,.,#,.,#,.,#,#,%,%,.,.,.,#,.,^,%,.,^,.,.,#,#,^,#,.,#,%,#,#,.,^,.,%,.,.,.,.,.,.,#,.,^,#,#,^,#,%,#,.,#,#,.,.,.,.,.,#,%,%,.,.,%,.,.,#,#,.,^,%,.,%,.,.,^,.,.,.,^,.,%,^,^,^,.,%,.,#,#,.,#,#,#,^,.,^,.,.,.,#,#,.,#,#,^,#,.,#,^,#,#,.,^,%,.,.,%,.,.,#,#,#,#,.,#,#,.,#,%,#,^,#,#,.,#,#,#,.,.,.,%,#,#,.,.,.,.,^,%,.,^,^,.,#,#,.,%,.,.,.,.,.,.,#,#,#,#,.,#,#,.,#,.,#,%,#,#,%,#,#,#,.,^,^,.,#,#,#,#,%,#,#,^,#,^,#,.,#,#,^,.,%,.,^,#,^,.,.,#,.,#,.,#,.,F,%,.,.,.,#,#,#,#,.,.,.,.,%,#,.,.,^,#,.,#,%,#,#,#,.,%,#,#,#,#,%,.,^,^,#,#,#,%,.,%,.,.,.,^,.,.,^,.,#,#,#,#,.,%,.,.,.,#,%,.,.,#,%,#,%,^,.,#,#,#,#,#,#,#,.,.,.,#,%,.,.,#,.,#,%,#,%,.,.,%,%,.,#,#,%,.,.,#,#,.,.,.,.,^,.,.,.,.,%,.,#,#,#,.,#,#,.,^,%,#,#,.,.,#,#,#,%,#,^,P,^,^,.,.,.,.,#,#,.,.,S,#,#,.,.,.,.,^,.,#,%,#,.,%,#,#,#,.,#,#,.,.,.,#,#,#,#,#,%,^,.,#,^,#,.,.,.,%,.,^,#,#,%,.,.,^,.,^,%,.,.,.,.,.,^,%,^,.,#,#,#,^,#,#,#,#,#,#,#,#,#,#,#,#,#,#,#,#,#,#,#,#,#,#,#,
170,#,#,#,#,#,#,#,#,#,#,#,#,#,#,#,#,#,#,#,#,#,#,#,^,.,.,^,.,.,%,^,^,.,%,.,^,.,%,^,.,.,.,.,#,#,%,%,^,#,#,#,#,#,#,.,%,.,#,.,S,.,#,#,#,#,#,#,.,^,%,#,#,.,%,%,%,^,.,.,.,.,.,.,%,^,.,%,#,#,.,.,.,#,#,#,#,#,#,.,^,^,#,.,^,.,#,#,#,#,#,#,.,.,.,#,#,.,.,.,^,.,.,^,.,^,.,.,.,.,.,.,#,#,.,.,.,.,.,^,.,.,.,.,.,#,#,#,%,.,.,.,#,#,#,#,#,#,#,.,%,^,.,.,.,^,.,.,.,.,^,.,^,%,#,#,#,#,.,%,.,.,^,.,.,#,.,^,.,#,#,#,.,.,.,^,#,#,#,#,%,.,#,#,#,%,^,.,.,.,%,.,^,%,.,.,.,%,#,#,#,#,.,.,.,^,.,^,%,%,.,^,.,#,#,#,.,.,^,^,.,.,#,#,.,^,.,^,%,.,.,.,.,%,%,#,#,#,.,#,#,.,%,.,#,#,#,#,#,%,%,#,.,#,^,#,^,.,^,^,.,#,#,.,.,.,#,#,.,%,%,%,.,#,.,#,%,#,.,#,#,#,%,#,#,.,^,.,#,#,.,^,#,#,#,#,.,#,.,#,.,.,.,^,.,#,#,.,.,.,#,#,.,.,.,.,.,.,.,^,.,^,.,#,#,#,.,.,.,^,^,.,#,#,.,.,.,.,.,.,%,.,#,#,^,.,.,.,%,#,#,^,#,#,#,#,.,#,.,#,^,%,.,^,#,#,^,#,.,#,%,#,#,.,#,#,#,#,^,#,.,#,.,.,.,%,#,#,%,#,.,#,.,.,.,.,%,.,#,#,.,#,.,#,%,%,.,^,#,#,.,P,^,#,.,#,#,.,#,#,#,#,^,#,%,#,.,.,%,.,.,.,^,^,%,F,.,#,#,.,#,#,#,#,#,#,#,#,#,#,#,#,#,#,#,#,#,#,#,#,#,#,#,#,#,
171,#,#,#,#,#,#,#,#,#,#,#,#,#,#,#,#,#,#,#,#,#,#,#,^,.,.,.,^,%,.,.,#,#,#,#,^,.,.,.,.,.,.,.,#,#,.,^,#,#,#,.,^,.,#,#,#,#,%,.,.,.,.,#,.,.,#,#,.,.,%,.,.,.,.,^,#,#,#,#,^,.,%,.,.,.,.,^,#,#,#,#,#,%,%,%,.,^,#,#,#,#,.,.,.,^,.,#,%,.,#,#,.,^,.,.,.,.,.,.,.,%,.,.,.,.,.,.,%,%,.,.,#,#,.,.,.,%,.,#,#,%,%,.,%,#,.,#,^,#,.,^,.,#,#,#,^,#,#,#,#,#,#,.,.,.,.,#,.,#,.,%,%,#,.,.,#,#,^,.,.,.,^,#,#,^,%,.,.,#,.,#,.,.,#,#,#,.,#,#,.,#,#,#,#,#,#,.,.,.,.,#,.,#,F,.,.,#,%,.,#,#,.,%,.,.,^,%,.,.,^,%,.,^,^,.,.,#,.,%,.,#,#,#,#,#,S,#,#,.,%,%,%,.,#,#,^,.,%,.,%,^,.,.,#,#,#,#,.,#,#,^,%,#,%,.,#,#,.,^,.,P,#,#,%,.,#,#,^,.,.,.,.,^,^,.,^,%,#,#,.,.,.,.,.,.,.,.,#,#,#,#,.,#,#,.,.,#,.,^,#,#,%,.,.,%,^,#,#,#,#,#,#,#,%,#,#,.,.,%,%,.,.,.,%,.,.,.,^,.,.,.,#,#,#,.,.,.,#,.,.,%,^,%,^,^,.,#,#,.,.,%,^,.,#,#,.,.,#,.,.,^,^,#,#,#,^,%,.,#,#,.,.,#,.,.,#,#,.,#,#,#,.,.,.,%,.,.,.,%,.,#,#,%,.,.,.,%,#,#,%,.,#,%,%,#,#,#,%,.,.,.,.,#,#,.,.,#,.,%,#,#,#,^,.,.,#,.,%,%,.,.,.,.,%,^,.,^,.,.,.,.,#,#,#,#,#,#,#,#,#,#,#,#,#,#,#,#,#,#,#,#,#,#,#,
172,#,#,#,#,#,#,#,#,#,#,#,#,#,#,#,#,#,#,#,#,#,#,#,.,.,^,.,.,.,.,.,^,%,.,.,.,%,.,.,.,.,.,.,#,#,#,#,P,.,%,#,#,#,#,^,%,.,#,^,.,#,^,#,.,#,#,#,.,.,.,^,.,.,%,.,.,.,^,^,.,F,^,#,%,#,%,#,#,#,^,^,#,#,#,#,#,#,#,.,.,.,#,%,^,#,%,#,%,#,#,#,%,^,.,.,%,^,.,.,.,%,^,.,.,.,.,.,.,.,.,%,#,#,.,.,.,.,.,^,#,.,#,%,.,^,.,.,.,.,^,%,.,%,#,#,%,^,#,.,.,.,#,.,#,.,.,#,.,#,.,.,%,#,.,^,#,#,.,%,.,^,.,.,#,.,#,.,.,#,.,#,.,.,.,^,%,^,#,#,^,.,#,.,%,.,#,.,#,%,.,#,.,#,.,.,.,#,.,.,#,#,^,.,.,.,^,.,.,^,^,%,%,%,^,^,^,.,.,^,.,.,#,#,.,#,^,#,.,.,%,.,.,.,.,.,.,^,.,.,%,%,.,%,#,#,.,#,.,#,^,#,.,#,%,#,.,.,^,.,%,.,%,.,#,#,#,#,.,.,.,%,.,#,.,#,.,#,.,.,#,%,.,.,.,.,#,#,#,#,.,#,.,#,.,#,.,#,.,#,.,.,.,.,.,.,.,.,#,#,#,#,%,#,^,#,.,.,.,.,.,^,.,.,%,^,.,.,^,.,#,#,#,#,.,^,.,.,.,.,^,^,#,#,%,.,.,.,%,.,S,.,^,.,#,#,#,#,#,#,%,.,.,^,#,#,.,#,.,#,.,.,%,#,#,#,#,#,.,.,.,.,.,.,.,.,#,#,.,#,^,#,%,.,.,%,%,.,#,#,#,#,#,#,.,%,^,.,#,#,.,#,.,#,.,#,#,#,%,.,#,#,.,.,.,.,.,.,.,.,.,.,^,^,%,%,.,^,.,.,%,.,#,#,#,#,#,#,#,#,#,#,#,#,#,#,#,#,#,#,#,#,#,#,#,
173,#,#,#,#,#,#,#,#,#,#,#,#,#,#,#,#,#,#,#,#,#,#,#,.,#,#,#,.,#,^,.,.,#,^,^,.,.,.,^,.,.,.,.,#,#,.,.,.,.,.,.,.,#,.,%,^,#,.,#,.,.,#,.,#,^,#,#,.,#,#,#,.,.,#,#,#,%,.,#,%,#,.,^,#,%,#,.,#,#,^,.,%,.,^,.,.,#,.,.,^,#,.,#,.,.,#,%,#,^,#,#,.,#,#,#,.,#,F,.,.,#,.,#,.,#,.,^,#,.,#,%,#,#,#,#,.,.,%,#,#,^,#,#,.,#,#,#,.,.,.,^,.,%,#,#,#,#,.,.,.,#,#,.,#,#,.,.,.,.,.,#,#,#,#,.,#,#,#,#,S,.,.,%,.,^,^,.,.,#,#,#,.,.,^,%,^,.,#,#,#,#,.,.,.,#,#,.,#,P,%,.,.,.,^,#,#,#,#,.,#,#,.,.,%,.,%,#,#,^,#,#,.,#,#,#,%,.,%,.,^,.,#,#,^,.,.,.,.,.,.,.,.,.,.,.,%,.,.,#,^,^,.,#,#,#,#,#,.,^,.,#,#,#,.,.,#,#,#,#,^,.,.,#,.,.,#,#,#,#,.,.,.,.,.,.,.,.,.,%,.,.,.,%,#,#,#,.,#,#,#,#,^,%,.,^,%,#,#,#,#,#,#,#,.,.,%,#,.,.,#,#,#,#,.,.,.,.,.,.,.,.,.,%,%,.,.,#,.,.,.,#,#,#,#,.,%,.,#,^,.,^,%,%,#,%,^,.,#,.,.,.,.,%,#,#,^,%,#,^,.,.,.,#,.,^,.,.,#,%,^,#,#,#,%,.,#,#,.,#,#,#,.,%,.,.,.,.,.,#,#,#,.,.,.,.,.,.,#,#,.,.,#,^,%,^,.,#,.,.,.,.,#,.,^,%,.,#,#,#,#,#,#,.,.,%,#,^,.,.,.,.,#,.,.,.,#,.,.,.,%,%,#,#,#,#,#,#,#,#,#,#,#,#,#,#,#,#,#,#,#,#,#,#,#,
174,#,#,#,#,#,#,#,#,#,#,#,#,#,#,#,#,#,#,#,#,#,#,#,#,#,%,#,#,.,.,%,.,^,.,%,.,^,^,.,#,.,#,.,#,#,#,#,^,#,#,#,%,#,.,#,#,#,#,#,.,.,#,.,#,.,#,#,%,%,^,.,^,#,.,#,.,#,.,.,.,%,%,.,^,.,.,.,#,#,P,#,%,#,#,#,^,#,.,#,#,#,#,#,%,.,#,^,#,^,#,#,#,#,.,#,#,.,.,%,.,.,.,.,.,.,^,^,#,.,#,S,#,#,^,.,.,.,^,#,#,.,#,#,^,.,%,.,^,.,.,.,%,.,#,#,.,#,.,#,.,#,#,.,#,#,.,#,#,#,#,.,^,#,.,.,#,#,.,#,^,#,.,.,.,.,.,.,.,.,.,.,.,.,.,%,^,.,#,#,%,#,^,#,.,#,#,.,#,#,%,#,#,#,#,^,^,#,%,^,#,#,.,^,.,.,%,#,#,^,#,#,.,^,.,^,%,^,.,%,.,.,#,#,.,^,.,.,.,#,.,%,^,#,.,.,^,.,.,.,^,^,.,^,#,#,^,^,#,#,#,.,^,#,%,.,.,.,#,%,.,%,%,F,#,#,#,#,.,.,.,.,.,%,#,#,#,.,.,.,.,%,.,.,^,%,#,#,#,#,#,#,#,.,.,%,.,#,.,%,%,.,#,.,%,.,.,^,#,#,#,#,%,.,.,.,.,#,%,%,^,#,.,^,.,.,^,%,%,%,#,#,#,#,%,%,.,^,.,.,%,^,#,#,.,.,.,.,.,^,%,.,^,^,#,#,#,#,#,.,^,^,.,.,#,#,%,^,#,.,.,^,#,#,#,#,#,#,^,.,.,^,.,^,.,.,#,#,.,%,.,.,.,.,^,.,.,.,#,#,.,.,#,#,#,^,.,.,#,#,.,%,#,%,^,.,#,#,#,#,#,#,%,%,.,.,.,.,.,.,%,.,%,%,%,.,%,^,^,.,.,.,#,#,#,#,#,#,#,#,#,#,#,#,#,#,#,#,#,#,#,#,#,#,#,
175,#,#,#,#,#,#,#,#,#,#,#,#,#,#,#,#,#,#,#,#,#,#,#,%,.,^,.,^,#,.,^,.,#,.,%,.,^,^,.,.,.,.,^,#,#,.,#,#,#,#,.,.,#,.,.,.,#,.,#,%,#,#,.,.,.,#,#,%,.,.,.,.,.,#,#,#,.,F,#,.,#,.,#,#,.,.,.,#,#,%,#,#,#,#,.,.,#,%,%,.,#,.,#,.,#,#,.,.,.,#,#,.,.,.,%,%,#,^,.,.,#,.,.,%,.,.,#,#,.,%,.,#,#,.,.,^,^,.,.,#,#,#,^,.,.,%,.,.,#,#,.,#,#,#,#,#,P,#,%,^,.,%,.,.,.,#,#,#,#,.,#,#,.,#,#,#,#,.,.,%,.,%,%,#,#,#,.,^,^,.,^,.,%,.,.,^,.,#,#,.,.,#,#,#,.,%,.,.,S,#,#,#,#,.,#,#,.,#,#,#,#,.,%,.,.,%,.,#,#,#,.,%,^,%,.,.,#,#,^,#,#,#,#,%,.,%,.,^,.,%,.,^,.,.,^,%,.,.,.,#,#,#,.,#,#,.,.,%,.,.,.,.,#,#,#,#,.,#,.,#,.,%,%,.,.,#,#,.,^,#,.,.,.,.,.,.,.,#,.,#,.,#,.,#,#,#,.,#,#,.,.,.,.,.,#,#,#,.,.,#,.,#,%,#,.,.,.,.,^,#,#,.,.,^,.,.,%,.,^,.,.,.,.,%,.,.,%,#,#,#,^,#,#,.,#,#,#,%,.,#,.,#,.,^,.,.,.,.,#,.,.,.,#,#,#,.,.,.,.,.,.,#,.,#,%,.,#,#,#,#,^,.,#,^,.,#,#,.,#,#,#,%,%,#,^,#,.,^,.,^,.,.,.,#,#,#,.,#,#,.,.,.,%,.,.,#,^,#,%,.,#,#,#,#,^,.,#,.,^,#,#,%,#,#,#,.,.,.,.,^,.,%,.,.,.,%,#,.,.,.,#,#,#,#,#,#,#,#,#,#,#,#,#,#,#,#,#,#,#,#,#,#,#,#,
176,#,#,#,#,#,#,#,#,#,#,#,#,#,#,#,#,#,#,#,#,#,#,#,.,#,%,#,%,#,.,.,%,#,.,.,%,.,.,%,.,%,^,.,#,#,^,#,.,#,%,.,.,#,.,%,.,.,#,^,.,#,.,#,^,#,#,#,.,#,.,#,.,.,#,#,#,.,%,.,^,.,.,#,%,#,.,#,#,#,.,#,%,#,%,.,.,#,.,.,.,.,#,.,%,#,.,#,%,#,#,#,^,.,.,.,.,#,^,^,.,#,.,.,.,.,^,^,.,%,.,^,#,#,.,.,%,#,#,.,.,.,.,.,.,.,.,.,.,.,.,.,.,.,#,#,.,.,.,#,#,#,.,#,.,#,%,#,^,#,.,.,.,#,.,.,#,#,^,^,^,#,#,#,.,#,^,#,%,#,.,#,.,.,.,.,.,.,#,#,.,^,.,#,#,#,.,#,.,#,.,#,.,#,.,^,^,#,%,.,#,#,.,.,.,^,%,.,.,.,^,.,%,%,^,^,.,^,%,.,.,^,#,#,^,#,.,#,%,#,#,.,#,#,.,.,.,#,#,.,%,^,.,^,#,#,.,#,.,#,.,#,P,.,#,#,.,.,.,#,#,.,.,#,#,#,#,#,.,%,.,.,%,.,.,.,.,%,%,.,%,#,#,.,^,.,.,.,#,#,.,#,.,#,.,#,#,.,#,#,.,^,^,#,#,#,#,#,%,.,#,#,.,#,.,#,.,#,#,.,#,#,%,.,.,.,.,.,%,.,^,.,#,#,.,^,^,.,^,.,.,.,#,#,^,#,.,#,%,^,F,.,^,S,#,#,#,#,^,^,.,.,.,%,#,#,.,#,.,#,.,.,#,.,#,.,#,#,#,#,%,.,.,.,%,.,#,#,%,%,%,%,.,%,#,.,#,.,#,#,#,#,%,.,.,.,^,.,#,#,.,#,.,#,.,.,#,.,#,.,#,#,#,#,%,^,.,%,%,.,.,.,.,#,%,#,.,.,#,%,#,.,#,#,#,#,#,#,#,#,#,#,#,#,#,#,#,#,#,#,#,#,#,#,#,
177,#,#,#,#,#,#,#,#,#,#,#,#,#,#,#,#,#,#,#,#,#,#,#,.,.,.,.,.,#,.,.,%,#,^,.,.,^,%,%,#,#,P,.,#,#,%,#,.,#,.,.,%,#,.,.,.,#,.,#,.,.,.,.,.,.,#,#,%,#,%,#,%,.,#,#,#,.,.,#,^,#,^,.,#,#,#,^,#,#,%,#,^,#,.,.,.,#,.,^,%,#,.,#,.,.,.,.,%,.,#,#,.,#,%,#,.,#,^,.,.,#,.,#,.,#,^,.,#,#,#,.,#,#,%,%,^,.,.,%,^,^,^,%,%,.,.,.,.,%,.,.,.,.,#,#,.,#,#,#,#,.,.,#,.,.,.,#,%,#,.,.,%,.,#,#,#,#,.,.,.,.,.,.,.,^,.,.,.,#,.,#,S,.,.,.,#,#,#,#,.,#,#,#,#,.,.,#,.,.,%,#,.,#,.,^,^,.,#,#,#,#,.,%,.,.,.,.,.,.,.,^,^,^,^,%,.,%,.,.,#,#,#,#,^,%,.,.,.,.,#,.,#,.,^,%,.,^,%,#,#,.,.,.,#,#,.,.,#,#,#,.,#,^,#,.,^,^,#,.,%,#,#,.,.,%,#,#,%,^,.,.,.,.,%,.,.,.,.,.,.,^,.,#,#,.,.,^,#,#,#,#,#,.,.,.,#,.,#,.,^,.,#,.,.,#,#,%,.,^,#,#,^,.,.,.,%,%,#,^,#,.,%,.,^,.,.,.,.,.,.,.,#,#,.,.,.,.,.,%,#,#,#,.,.,.,.,.,.,.,.,.,.,F,#,#,.,.,#,.,.,.,^,.,.,.,.,^,%,%,.,#,#,.,.,^,#,#,.,.,%,%,%,.,#,#,#,%,%,.,#,.,^,#,#,%,^,^,#,#,%,.,#,.,.,.,%,.,.,^,%,.,.,.,^,#,#,.,.,.,#,#,.,.,^,.,.,.,#,#,#,.,^,.,^,%,.,#,#,^,.,%,#,#,#,#,#,#,#,#,#,#,#,#,#,#,#,#,#,#,#,#,#,#,#,
178,#,#,#,#,#,#,#,#,#,#,#,#,#,#,#,#,#,#,#,#,#,#,#,.,.,.,.,^,#,#,.,#,#,%,^,^,%,.,.,^,%,.,.,#,#,%,.,#,.,.,#,#,.,#,#,.,.,%,%,.,%,%,#,.,^,#,#,.,.,.,%,.,%,.,.,.,%,.,^,#,.,.,.,.,%,.,%,#,#,%,.,#,.,%,#,#,%,#,#,^,.,.,^,^,%,%,#,^,.,#,#,^,.,.,.,.,#,#,^,#,#,^,.,.,.,.,.,.,S,^,.,#,#,.,#,.,#,.,#,#,^,^,.,^,.,.,.,.,^,.,.,.,.,#,#,.,#,^,#,.,#,#,.,.,.,^,#,^,#,.,#,.,#,^,#,#,#,.,.,%,.,^,#,#,.,%,.,.,#,.,#,.,#,.,#,.,#,#,#,.,P,.,#,%,#,#,.,.,^,.,#,^,#,.,#,%,#,.,#,#,#,.,#,.,#,.,^,.,.,.,^,.,#,^,#,.,.,.,.,.,%,#,#,^,^,.,.,%,.,.,^,.,^,.,.,.,.,^,.,%,.,.,.,#,#,.,.,#,.,%,.,%,#,%,.,#,#,#,.,.,^,.,#,#,#,#,#,%,.,.,.,.,.,%,.,.,^,%,.,.,^,F,.,.,%,.,^,#,#,%,.,#,%,^,%,.,#,%,.,.,.,#,#,#,#,#,#,.,^,#,#,.,%,.,.,.,.,.,^,.,%,%,.,.,.,^,%,.,%,.,^,#,#,.,.,.,%,.,.,^,.,.,^,.,%,.,#,#,#,^,.,.,#,#,#,%,^,.,#,#,^,.,#,.,.,.,%,.,#,#,^,.,#,.,%,#,#,.,.,%,#,#,^,%,^,.,.,.,%,%,#,#,.,#,#,#,.,#,#,.,^,.,#,#,^,.,#,^,.,.,.,.,#,#,.,.,#,^,.,#,#,.,.,^,#,#,%,.,^,.,.,.,^,.,.,.,#,.,.,.,#,#,#,#,#,#,#,#,#,#,#,#,#,#,#,#,#,#,#,#,#,#,#,#,
179,#,#,#,#,#,#,#,#,#,#,#,#,#,#,#,#,#,#,#,#,#,#,#,.,^,.,.,.,.,^,.,.,%,.,%,.,F,.,%,.,.,#,#,#,#,.,.,#,#,#,.,#,^,#,.,.,%,.,^,.,.,.,.,#,#,#,#,^,.,^,.,.,.,#,.,#,S,%,.,#,.,%,^,.,.,#,#,#,#,#,#,#,^,.,.,#,%,#,.,.,.,^,.,.,.,.,.,#,#,#,#,.,.,^,.,.,%,^,.,.,.,.,.,.,.,.,^,%,.,^,.,#,#,^,.,.,.,%,.,.,.,.,%,^,.,.,.,.,#,^,.,%,#,#,#,.,#,%,#,.,.,#,.,#,.,.,.,#,.,^,%,.,#,.,^,#,#,.,#,%,#,.,^,#,.,#,.,%,^,%,%,.,%,#,#,#,%,#,#,.,#,^,#,.,.,#,.,#,.,.,.,#,.,^,^,.,#,.,.,#,#,.,.,.,^,.,.,.,^,.,.,.,%,%,.,.,#,.,.,%,#,#,#,#,#,^,#,#,.,.,.,%,%,.,.,.,.,.,#,#,%,#,#,#,#,#,#,.,#,#,#,#,#,#,.,P,%,#,.,#,#,#,%,#,#,#,#,^,%,^,.,.,.,.,.,.,^,#,.,#,.,#,.,.,.,.,.,#,#,#,#,%,#,#,#,#,#,#,^,#,.,#,.,#,#,#,.,#,#,#,#,#,#,%,#,#,.,.,.,.,%,%,.,.,.,.,#,#,%,#,#,#,#,%,.,%,#,#,.,%,.,.,.,.,#,.,#,.,.,^,^,#,#,#,#,^,^,.,#,#,#,#,.,.,.,.,#,^,#,.,.,%,^,#,#,#,#,.,.,^,#,#,#,#,.,.,.,.,#,.,#,.,.,.,.,#,#,#,#,%,.,^,#,#,#,#,%,.,^,.,#,.,#,.,.,^,^,#,#,#,#,.,.,.,%,%,#,#,.,^,.,.,.,^,%,.,.,^,.,.,.,#,#,#,#,#,#,#,#,#,#,#,#,#,#,#,#,#,#,#,#,#,#,#,
180,#,#,#,#,#,#,#,#,#,#,#,#,#,#,#,#,#,#,#,#,#,#,#,.,.,.,.,.,.,#,%,#,.,.,.,.,#,#,%,#,.,#,^,#,#,#,#,#,.,.,.,#,.,#,%,.,%,.,#,#,.,#,.,#,%,#,#,^,.,.,%,.,%,#,.,#,.,%,^,^,#,#,.,#,.,#,.,#,#,.,.,#,#,#,.,#,^,#,^,.,.,.,#,#,^,#,.,#,.,#,#,.,%,.,^,.,.,.,^,.,%,.,^,.,.,.,.,^,%,.,%,#,#,S,^,.,.,.,.,^,.,.,%,.,.,.,.,^,.,%,%,.,.,#,#,.,#,.,#,.,#,#,.,^,^,#,#,P,^,.,.,.,.,%,.,#,#,.,#,.,#,^,#,#,.,^,.,.,.,.,^,.,.,%,#,.,%,#,#,.,#,.,#,%,#,#,.,%,.,.,%,#,#,#,.,%,%,.,.,#,#,.,.,.,.,.,#,#,.,.,.,.,%,.,.,.,.,.,.,%,.,#,#,.,.,.,#,#,^,.,.,^,.,^,%,.,#,#,#,%,^,.,#,#,#,.,.,.,#,#,.,.,.,#,#,.,.,%,#,#,.,%,#,%,.,#,#,.,^,.,#,#,.,^,.,#,#,%,.,.,#,#,.,#,#,#,.,#,#,^,.,^,#,#,.,.,.,#,#,^,^,.,#,#,.,.,#,.,.,#,#,.,.,.,.,.,.,.,%,#,#,%,.,.,.,F,#,.,.,.,#,#,#,.,#,.,#,.,^,%,.,.,.,.,#,#,#,.,%,.,.,.,.,#,#,.,#,.,#,.,#,#,#,#,.,^,.,^,^,.,#,#,#,.,%,#,#,.,.,.,.,%,.,.,.,%,.,.,#,#,#,.,^,^,.,.,%,#,#,^,#,.,#,.,#,#,#,#,.,.,.,.,.,.,.,.,#,#,#,#,#,^,#,.,#,%,.,.,^,.,.,.,#,#,#,.,%,.,.,.,.,#,#,#,#,#,#,#,#,#,#,#,#,#,#,#,#,#,#,#,#,#,#,#,
181,#,#,#,#,#,#,#,#,#,#,#,#,#,#,#,#,#,#,#,#,#,#,#,#,#,.,^,.,^,.,^,.,.,#,#,.,.,.,.,%,%,^,.,#,#,#,#,%,.,.,#,#,#,#,%,#,#,^,^,.,%,#,.,#,^,#,#,#,#,.,.,.,.,.,.,^,.,#,#,.,.,^,^,#,.,#,.,#,#,#,#,.,.,.,#,#,P,#,.,#,#,^,.,.,.,#,%,#,.,#,#,%,.,.,%,^,.,^,.,F,^,%,^,.,%,%,.,.,^,.,.,#,#,^,.,.,.,^,%,.,.,.,^,.,#,#,#,%,.,#,^,#,.,#,#,S,#,.,#,.,^,.,#,#,#,.,.,.,.,%,.,#,.,#,.,#,#,.,#,.,#,.,.,.,%,^,.,.,#,#,#,^,%,%,%,%,%,#,#,.,#,^,#,^,#,#,#,^,^,%,.,^,.,^,.,#,.,#,%,#,#,.,#,.,#,%,.,.,.,.,%,.,#,#,#,.,.,#,.,#,^,#,#,.,%,.,.,.,^,#,#,#,.,.,^,%,.,.,.,^,^,.,.,#,#,#,#,#,.,^,^,.,.,^,^,.,#,#,#,#,.,.,#,^,^,#,#,^,%,.,.,.,^,#,#,#,.,^,%,^,%,^,^,.,.,%,.,#,#,.,.,#,#,#,.,.,.,%,%,.,#,#,#,#,^,.,#,.,%,#,#,.,^,%,.,.,.,#,#,#,.,%,.,.,.,%,.,.,.,.,.,#,#,.,.,^,%,%,^,.,.,#,#,.,.,.,%,.,#,^,.,.,#,#,#,.,#,.,#,%,.,.,.,#,#,#,#,.,.,%,.,%,#,.,^,#,#,^,#,.,#,.,.,.,^,#,#,#,#,.,.,.,.,#,#,#,.,#,#,.,#,.,#,.,%,.,%,#,#,#,#,.,.,.,.,.,#,.,.,#,#,.,.,.,%,.,^,^,.,%,^,#,#,.,.,.,#,.,.,.,#,#,#,#,#,#,#,#,#,#,#,#,#,#,#,#,#,#,#,#,#,#,#,#,
182,#,#,#,#,#,#,#,#,#,#,#,#,#,#,#,#,#,#,#,#,#,#,#,S,.,.,^,^,.,.,%,%,.,%,#,^,#,.,#,#,^,.,.,#,#,%,.,%,#,#,#,#,#,.,.,.,#,.,#,.,#,#,^,^,%,#,#,.,.,.,#,#,.,^,.,.,.,.,.,.,.,%,#,#,.,.,.,#,#,.,.,%,#,#,.,.,#,#,#,^,#,^,#,.,#,#,.,.,.,#,#,.,.,.,#,#,.,.,.,.,%,.,#,^,#,.,%,%,%,%,%,#,#,.,#,#,#,.,.,.,.,^,%,.,.,.,.,.,.,.,.,#,#,#,#,%,^,.,.,.,.,.,#,#,#,#,#,#,.,%,.,.,.,#,#,#,#,%,#,#,#,^,.,.,^,.,.,.,.,.,.,.,^,.,.,#,#,#,#,^,%,^,F,%,#,#,#,%,%,.,.,#,#,#,.,%,%,#,#,#,#,.,#,#,#,.,^,^,.,^,.,.,.,%,^,.,.,.,^,.,^,#,#,.,#,#,#,%,.,%,^,.,.,.,.,%,^,.,#,%,.,.,#,#,#,%,.,.,%,^,#,#,#,.,.,#,#,#,^,.,.,.,#,.,^,#,#,%,#,#,#,.,^,^,.,.,%,.,.,.,.,.,^,#,#,#,^,#,#,.,.,.,.,.,.,.,#,#,#,%,.,#,#,#,%,.,#,.,.,#,#,%,#,#,#,.,.,.,%,^,.,.,%,%,%,.,#,.,.,^,#,#,#,.,#,.,#,.,.,.,.,%,.,#,#,.,%,^,.,.,.,^,.,#,#,.,#,.,#,^,#,.,#,.,#,#,#,.,.,.,^,%,%,#,#,#,#,^,.,.,^,%,#,.,#,.,#,#,#,^,.,.,^,.,.,#,#,#,#,.,#,.,#,.,#,.,P,.,#,#,#,%,.,.,^,%,.,#,#,#,#,.,#,.,#,.,.,%,^,.,.,.,.,.,.,.,.,.,%,#,#,#,#,#,#,#,#,#,#,#,#,#,#,#,#,#,#,#,#,#,#,#,#,#,
183,#,#,#,#,#,#,#,#,#,#,#,#,#,#,#,#,#,#,#,#,#,#,#,.,#,#,#,%,.,.,.,.,.,.,^,.,.,.,^,.,.,%,.,#,#,.,.,.,.,%,.,#,#,#,#,P,#,.,.,^,.,#,.,#,%,#,#,.,#,#,#,.,%,.,.,.,.,#,#,.,.,^,.,#,%,#,.,#,#,.,.,.,.,S,.,#,#,#,#,#,#,^,%,.,.,#,.,#,.,#,#,.,#,#,#,.,.,%,.,^,.,#,#,.,.,.,.,#,.,#,^,#,#,.,.,^,^,.,#,#,.,%,%,%,#,.,#,^,%,#,%,#,%,#,#,#,#,.,%,^,#,#,%,^,.,%,#,.,#,^,.,#,.,#,.,#,#,#,#,.,.,^,#,#,.,.,^,%,#,^,#,.,.,#,.,#,%,#,#,#,#,.,%,.,#,#,%,.,^,.,#,.,#,.,.,#,%,#,.,#,#,#,#,.,%,.,.,.,.,.,.,.,^,.,.,.,.,.,.,^,.,#,#,^,#,.,#,.,.,.,^,#,#,%,%,.,.,.,.,^,%,.,.,#,#,.,#,.,#,^,.,%,%,#,#,#,.,#,.,#,.,#,#,#,#,#,#,.,.,^,.,.,.,.,^,#,#,#,.,#,.,#,^,.,%,.,%,#,#,.,#,.,#,.,%,.,.,#,#,#,^,#,%,#,.,#,#,#,#,#,#,.,#,.,#,%,.,.,%,.,.,.,.,.,.,.,.,.,.,^,.,#,#,.,.,.,.,.,^,^,.,F,.,%,.,.,.,.,.,^,.,.,.,#,#,#,.,#,%,#,.,.,#,.,%,#,#,#,#,.,%,.,#,^,.,#,#,#,^,#,.,#,.,.,.,%,^,.,%,.,^,.,%,%,.,.,^,#,#,#,%,#,%,#,.,.,#,%,.,#,#,#,#,%,.,%,#,.,.,#,#,%,.,%,^,.,.,.,.,^,.,.,.,.,.,.,^,.,.,.,.,#,#,#,#,#,#,#,#,#,#,#,#,#,#,#,#,#,#,#,#,#,#,#,
184,#,#,#,#,#,#,#,#,#,#,#,#,#,#,#,#,#,#,#,#,#,#,#,.,.,.,.,.,^,^,.,%,.,.,.,.,%,.,%,.,.,#,#,#,#,#,.,#,.,#,%,.,.,#,#,.,#,.,#,.,%,.,%,#,#,#,#,#,^,#,^,#,.,.,.,#,#,.,#,%,#,.,.,.,%,#,#,#,#,#,.,#,.,#,%,%,^,#,#,.,#,.,#,.,.,%,%,#,#,#,#,.,^,.,^,.,.,.,%,#,#,.,.,.,%,^,.,^,%,.,.,#,#,.,#,#,#,^,.,#,.,#,.,.,#,#,#,.,^,.,.,.,%,#,#,%,^,.,^,.,%,#,.,#,%,%,.,.,%,.,#,^,#,.,#,#,#,^,#,#,#,^,%,#,.,#,.,^,#,#,#,.,#,.,#,^,#,#,#,%,^,.,.,.,^,#,.,#,.,.,%,.,^,.,#,.,#,.,#,#,#,.,#,#,#,.,.,.,.,.,^,.,#,#,#,.,.,.,%,.,.,#,#,#,.,.,^,#,^,.,.,.,^,.,#,^,#,.,%,.,.,%,.,#,#,.,F,#,.,.,.,.,#,%,.,.,#,^,#,.,.,.,#,.,.,#,#,^,#,#,#,.,.,.,.,%,.,.,.,^,.,.,.,.,.,%,^,#,#,.,%,#,.,%,%,.,#,.,.,.,#,.,#,.,.,^,#,.,.,#,#,#,.,%,.,#,.,^,%,.,.,.,#,%,#,^,.,.,.,^,.,#,#,.,.,^,#,#,.,^,.,.,.,#,^,.,.,#,.,%,.,#,#,#,#,.,.,%,#,#,^,.,#,#,P,%,.,#,%,^,.,.,.,#,#,#,#,.,.,.,#,#,.,.,.,.,.,%,#,#,#,.,.,.,.,#,#,#,#,.,%,.,#,#,#,#,#,.,.,%,S,#,^,^,.,.,.,#,#,#,#,%,^,.,.,.,.,%,.,.,.,#,^,.,.,#,.,.,.,.,.,#,#,#,#,#,#,#,#,#,#,#,#,#,#,#,#,#,#,#,#,#,#,#,
185,#,#,#,#,#,#,#,#,#,#,#,#,#,#,#,#,#,#,#,#,#,#,#,#,#,.,#,#,^,.,%,.,.,#,#,.,#,#,.,.,.,.,^,#,#,#,#,.,#,#,#,.,#,.,#,#,#,^,#,#,%,.,.,.,.,#,#,.,.,%,.,^,#,^,#,%,#,%,.,.,.,%,.,.,#,.,.,#,#,#,#,.,#,#,#,%,#,.,#,#,#,%,#,#,^,.,.,.,.,#,#,#,#,.,#,#,.,.,.,.,.,#,#,.,#,#,%,%,.,%,.,#,#,.,.,.,.,.,^,.,.,.,.,.,.,%,.,S,%,%,.,%,.,#,#,%,.,#,#,#,#,%,#,^,#,.,^,#,#,#,#,#,#,#,.,#,#,.,.,.,%,.,#,.,#,.,#,.,.,.,.,%,.,.,.,.,^,#,#,#,#,#,.,.,#,^,#,.,#,#,#,#,%,.,#,#,#,#,.,#,#,^,.,.,.,.,.,^,.,.,.,.,.,%,%,.,^,%,.,%,.,#,#,^,.,.,%,.,^,.,.,F,.,%,%,^,.,%,^,#,#,#,^,#,#,.,#,.,#,.,#,#,.,.,%,.,.,#,.,.,%,.,.,^,.,#,#,.,#,.,#,.,#,#,.,.,.,.,.,.,^,.,.,#,#,#,.,#,#,.,#,.,#,.,#,#,^,^,.,^,^,#,^,.,.,.,%,%,^,#,#,.,%,^,^,^,#,#,.,.,.,.,.,^,.,.,.,#,#,#,^,#,#,.,.,.,.,%,.,#,#,#,.,^,^,.,.,.,.,.,.,.,.,#,#,.,^,#,.,.,^,%,.,.,.,.,#,#,#,#,^,.,#,.,.,#,#,^,^,.,.,.,.,#,#,#,.,.,.,^,%,%,.,.,.,%,^,#,#,.,%,#,^,%,%,.,.,.,.,%,#,#,#,#,.,.,#,^,^,#,#,.,.,.,.,.,.,P,#,#,.,.,^,.,%,.,.,%,.,^,%,#,#,#,#,#,#,#,#,#,#,#,#,#,#,#,#,#,#,#,#,#,#,#,
186,#,#,#,#,#,#,#,#,#,#,#,#,#,#,#,#,#,#,#,#,#,#,#,.,.,.,.,.,^,%,.,%,.,%,#,.,#,^,.,#,#,#,%,#,#,.,#,#,#,#,#,#,.,^,.,.,#,^,#,^,%,.,.,^,.,#,#,^,^,^,.,.,#,#,^,%,.,.,#,^,#,%,.,#,#,#,.,#,#,.,#,#,#,#,#,#,.,^,.,%,#,^,#,^,.,.,%,.,^,#,#,.,^,.,^,.,#,#,^,.,.,.,%,.,.,%,.,#,#,#,%,#,#,^,#,#,#,.,P,#,.,%,.,.,.,.,%,%,.,.,.,.,%,#,#,^,.,.,.,.,#,#,.,%,.,#,#,.,.,%,.,F,.,^,^,#,#,.,#,#,#,.,#,#,.,%,.,#,#,.,.,.,^,%,#,.,.,#,#,.,%,.,^,%,#,#,.,%,.,#,#,.,^,%,.,.,.,.,.,#,#,.,#,#,#,%,.,.,.,.,%,#,#,^,%,^,^,.,.,%,.,#,#,#,.,.,.,#,.,.,.,^,.,.,.,%,.,.,.,.,%,%,^,#,#,.,^,#,%,%,.,.,#,%,.,#,#,#,^,^,.,.,.,#,#,#,#,.,#,#,#,%,.,.,%,%,.,.,.,.,.,.,.,.,.,#,#,#,#,.,.,#,.,.,.,.,#,^,.,.,.,#,#,#,.,%,.,#,#,#,#,#,.,.,.,#,.,.,.,.,^,.,^,.,.,.,.,^,%,#,#,#,#,#,#,S,.,.,#,#,.,^,.,.,^,.,%,%,.,.,%,.,.,#,#,#,#,.,.,.,#,#,.,.,.,%,%,#,#,#,%,#,%,#,.,#,#,#,#,.,.,%,#,#,%,^,.,.,.,.,.,.,^,#,.,#,.,#,#,#,#,.,.,^,#,#,.,.,.,#,#,#,.,.,%,#,.,#,.,#,#,%,%,%,%,.,.,.,^,.,.,.,.,.,.,.,.,#,.,#,.,#,#,#,#,#,#,#,#,#,#,#,#,#,#,#,#,#,#,#,#,#,#,#,
187,#,#,#,#,#,#,#,#,#,#,#,#,#,#,#,#,#,#,#,#,#,#,#,#,#,^,.,.,#,.,.,^,#,^,%,.,.,^,.,^,.,.,%,#,#,#,#,.,.,.,^,.,#,%,^,%,.,#,^,.,.,#,#,#,#,#,#,#,#,.,.,%,.,#,#,#,^,.,.,.,^,%,%,.,.,.,.,#,#,#,#,%,.,^,.,%,#,.,.,.,.,#,%,^,.,#,#,#,#,#,#,%,^,%,%,.,#,.,.,.,#,.,^,.,.,.,.,.,^,.,.,#,#,.,.,.,.,.,#,#,^,%,^,.,.,.,.,.,.,%,.,F,.,#,#,#,#,#,#,.,P,#,.,%,^,#,#,#,.,%,^,#,%,#,.,#,#,%,.,.,^,.,#,#,.,%,.,.,^,%,.,.,.,#,^,#,.,#,#,#,#,#,#,.,#,#,%,.,.,.,^,#,#,#,.,#,%,#,%,#,#,.,.,%,%,.,.,.,.,^,.,^,%,%,%,%,.,#,.,#,.,#,#,.,.,.,%,.,#,#,^,.,^,.,%,.,.,.,.,#,#,#,.,#,#,.,%,#,.,.,#,#,^,.,.,#,#,#,.,^,.,.,.,.,.,#,#,.,%,.,.,%,#,#,.,.,%,.,.,.,.,.,.,#,#,#,%,#,#,.,.,#,^,.,#,#,.,.,.,.,^,#,#,#,^,.,^,^,.,#,#,.,%,^,.,%,.,.,.,.,.,^,.,.,.,.,.,#,#,#,.,#,#,.,.,.,.,.,^,.,.,^,%,^,%,.,#,#,.,.,.,.,.,#,#,.,.,#,#,#,^,#,%,#,.,.,.,.,#,#,%,#,#,#,#,#,#,.,.,%,.,^,.,#,.,#,.,.,^,.,#,#,.,.,.,S,.,#,#,#,#,#,.,.,%,#,.,#,^,.,%,.,#,#,%,#,#,#,#,#,#,^,^,.,.,^,.,#,.,#,^,.,.,.,%,.,.,.,^,%,.,#,#,#,#,#,#,#,#,#,#,#,#,#,#,#,#,#,#,#,#,#,#,#,
188,#,#,#,#,#,#,#,#,#,#,#,#,#,#,#,#,#,#,#,#,#,#,#,%,.,.,#,#,.,^,.,.,.,^,.,.,.,%,#,%,.,.,#,#,#,.,.,%,#,#,%,#,^,P,%,#,%,#,.,#,.,.,#,%,.,#,#,%,%,.,#,#,.,#,.,#,.,#,^,#,.,#,.,#,#,#,.,#,#,.,^,.,#,#,.,#,F,#,.,#,.,#,%,#,.,.,#,.,.,#,#,.,^,.,.,%,.,.,.,%,.,.,.,%,.,.,#,.,.,.,#,#,#,.,.,.,.,.,.,^,.,.,^,%,.,.,%,^,#,#,.,^,.,#,#,.,.,%,#,#,#,#,#,#,%,#,#,#,#,%,#,#,.,.,.,#,#,.,.,.,#,#,.,.,.,.,.,.,^,.,.,.,#,#,%,.,%,#,#,.,.,.,#,#,#,#,#,#,.,#,#,#,#,.,#,#,.,.,%,#,#,^,^,%,#,#,.,^,.,%,%,.,^,.,.,%,.,.,.,.,.,#,#,%,S,.,.,.,#,#,.,%,.,.,.,^,.,.,.,%,.,.,.,#,#,#,#,#,#,.,#,#,.,.,.,%,#,.,#,.,%,%,#,#,#,#,#,%,%,^,.,.,#,#,^,^,%,.,#,%,#,.,.,.,.,.,^,#,#,#,#,#,#,^,#,#,.,.,.,.,#,%,#,^,#,#,#,.,.,#,#,.,.,^,.,.,.,%,^,.,%,.,.,.,.,.,^,.,%,.,.,#,#,%,.,^,.,%,.,.,^,.,.,^,#,.,#,.,#,#,.,%,.,#,#,#,#,#,#,.,#,#,%,%,.,.,#,.,#,.,#,#,.,^,%,#,#,.,^,%,.,.,#,#,.,.,%,%,#,.,#,%,#,#,^,^,.,#,#,#,#,#,#,^,#,#,^,^,.,%,#,.,#,.,#,#,.,.,%,#,#,^,%,.,%,^,#,#,.,.,.,^,.,.,.,.,.,.,.,.,.,#,#,#,#,#,#,#,#,#,#,#,#,#,#,#,#,#,#,#,#,#,#,#,
189,#,#,#,#,#,#,#,#,#,#,#,#,#,#,#,#,#,#,#,#,#,#,#,%,.,%,.,^,S,.,.,%,^,.,.,.,.,.,.,.,.,.,.,#,#,^,.,.,.,^,.,#,^,#,.,#,#,#,%,.,.,.,#,#,#,#,#,%,%,#,.,^,.,#,%,#,^,.,%,^,.,.,.,%,%,%,.,#,#,.,.,^,.,.,.,#,.,#,.,%,^,#,#,#,#,#,#,%,.,#,#,.,.,.,.,.,.,#,.,#,.,.,.,.,%,.,%,%,.,.,.,#,#,.,#,^,P,.,#,#,.,#,#,.,^,.,.,.,^,.,%,.,.,#,#,.,#,^,#,.,#,#,.,#,#,%,#,#,#,#,#,#,#,^,%,#,#,.,^,.,.,.,^,%,^,.,%,^,.,.,.,.,%,.,.,^,.,#,#,^,#,%,#,%,#,#,.,#,#,.,#,#,#,#,.,^,#,#,#,#,#,.,#,^,#,.,#,#,.,#,#,.,.,.,%,.,.,.,^,%,F,#,#,.,.,.,.,.,.,.,.,%,.,.,^,^,.,.,^,#,.,#,^,#,#,#,#,#,.,.,#,#,#,.,^,.,#,%,#,.,.,#,%,#,%,#,#,.,.,%,.,^,^,.,^,%,.,^,#,.,#,.,.,#,.,#,.,#,#,.,.,#,#,#,.,.,#,#,#,.,#,.,#,.,.,#,.,#,.,#,#,.,^,.,^,%,^,.,^,%,.,.,#,.,#,.,.,%,.,.,.,#,#,.,.,%,%,.,%,.,.,^,.,^,%,.,.,.,#,#,.,.,.,#,#,#,#,#,.,.,.,#,.,#,.,.,.,^,#,#,#,#,.,.,.,#,#,.,^,^,.,.,.,#,.,#,%,%,.,.,#,#,#,#,%,.,%,#,#,^,.,#,#,#,.,#,%,#,.,^,.,%,#,#,#,#,%,^,^,#,#,.,%,%,%,.,.,#,.,#,%,.,^,.,#,#,.,.,.,^,.,#,#,#,#,#,#,#,#,#,#,#,#,#,#,#,#,#,#,#,#,#,#,#,
190,#,#,#,#,#,#,#,#,#,#,#,#,#,#,#,#,#,#,#,#,#,#,#,.,^,.,%,%,.,.,.,.,%,.,.,.,.,.,^,.,.,#,#,#,#,#,#,#,^,.,.,#,#,#,#,#,#,.,.,.,.,^,.,#,#,#,#,.,.,.,.,.,.,.,^,.,%,#,#,.,.,.,.,^,^,#,#,#,#,.,.,#,#,#,.,#,#,#,#,#,#,.,.,.,^,.,.,#,#,#,#,.,.,.,.,.,%,.,%,.,.,#,#,.,%,.,.,%,.,.,.,#,#,.,%,.,.,%,.,.,.,#,#,.,^,.,.,.,.,.,%,.,%,#,#,.,#,.,#,.,%,^,.,#,#,^,#,#,#,#,.,#,^,#,.,#,#,.,#,.,#,^,^,.,.,#,#,.,^,.,.,.,^,#,.,#,.,#,#,.,#,.,#,.,.,^,.,#,#,^,#,#,#,#,.,#,%,#,.,#,#,^,#,%,#,%,%,.,.,.,.,.,.,.,^,^,.,%,^,.,.,#,#,.,.,.,.,.,%,.,%,.,.,%,^,.,.,.,.,.,.,.,.,#,#,#,#,#,^,.,#,#,#,#,.,.,#,#,#,#,#,#,^,%,.,#,#,.,.,%,.,%,^,.,.,.,^,.,S,.,^,.,#,#,%,.,.,#,#,^,.,#,#,#,#,#,#,#,%,.,#,#,#,#,#,#,.,.,^,#,#,%,.,.,.,.,.,^,.,.,^,%,%,.,.,^,#,#,^,.,^,#,#,^,%,.,.,%,.,.,.,.,.,.,#,.,#,.,^,.,^,F,.,#,#,.,^,.,.,^,#,#,P,#,.,.,#,.,#,.,#,#,.,^,.,#,#,.,^,#,.,.,.,.,.,.,.,%,#,.,#,%,#,#,.,%,.,#,#,.,%,.,.,^,#,#,#,#,.,.,#,.,#,.,#,#,.,%,.,#,#,^,.,.,%,.,.,.,.,.,%,.,.,%,.,.,#,#,.,.,%,#,#,#,#,#,#,#,#,#,#,#,#,#,#,#,#,#,#,#,#,#,#,#,
191,#,#,#,#,#,#,#,#,#,#,#,#,#,#,#,#,#,#,#,#,#,#,#,%,.,^,%,.,%,.,.,.,%,%,.,^,.,%,#,#,^,.,^,#,#,.,#,%,#,^,#,#,#,.,.,.,.,#,#,#,#,#,.,^,%,#,#,%,#,^,#,.,.,.,.,^,.,%,.,%,.,.,#,#,.,S,.,#,#,.,#,.,#,^,%,.,#,#,#,#,#,#,%,.,#,#,.,%,.,#,#,.,F,.,.,.,^,.,.,%,^,^,.,%,.,.,.,^,.,%,%,#,#,.,.,.,#,#,.,%,.,.,.,#,P,.,.,.,%,.,.,.,.,#,#,%,.,^,#,#,#,#,#,#,^,#,#,^,.,.,^,.,^,#,#,#,#,%,%,.,#,#,.,.,.,.,.,#,#,.,^,^,.,.,.,#,#,#,#,.,.,%,#,#,#,#,#,#,.,#,#,.,.,.,.,.,^,#,#,#,#,.,.,.,.,.,.,^,.,.,.,%,.,.,.,^,.,.,.,#,#,#,#,^,.,^,.,.,.,.,%,.,.,^,.,%,.,.,.,.,%,.,^,#,#,#,#,#,.,^,^,#,%,#,%,#,#,.,.,.,#,#,.,.,^,#,#,.,%,.,^,.,^,#,.,#,.,#,#,^,.,.,#,#,^,.,.,#,#,.,.,#,#,#,.,#,.,#,.,#,#,.,^,.,#,#,.,%,.,#,#,.,%,.,.,.,.,.,.,.,.,#,#,^,.,.,#,#,.,.,.,#,#,^,%,.,.,.,.,.,^,.,.,#,#,.,#,#,^,.,%,%,.,#,#,#,#,#,#,.,.,^,.,#,#,#,#,.,#,#,%,.,#,#,#,#,#,%,.,^,^,%,.,.,%,#,#,.,^,^,.,.,.,.,.,%,.,#,#,#,#,#,#,.,%,^,.,#,#,#,#,^,#,#,#,#,#,%,.,#,#,%,.,.,^,.,.,^,%,#,#,#,#,^,#,#,.,.,.,.,.,#,#,#,#,#,#,#,#,#,#,#,#,#,#,#,#,#,#,#,#,#,#,#,
192,#,#,#,#,#,#,#,#,#,#,#,#,#,#,#,#,#,#,#,#,#,#,#,^,.,.,.,.,^,.,^,.,%,^,.,.,#,#,#,#,.,#,#,#,#,.,#,#,#,#,#,#,%,.,%,.,.,%,#,#,#,#,.,#,#,#,#,.,.,.,.,.,#,#,.,.,.,%,^,%,#,#,.,^,^,.,.,#,#,.,#,#,#,#,#,#,^,^,.,.,.,%,#,#,#,#,^,#,#,#,#,^,.,.,.,.,#,#,%,.,^,^,.,.,^,%,#,#,.,#,#,#,#,.,.,%,.,^,.,.,.,%,.,.,.,.,.,%,.,.,.,#,#,#,#,#,#,^,.,^,.,.,.,#,#,#,#,^,.,.,.,.,^,#,#,#,#,#,#,^,.,^,.,.,^,#,#,#,#,%,.,.,.,.,.,#,#,#,#,#,P,.,.,^,.,.,.,#,#,#,#,%,.,.,%,^,.,#,#,#,#,#,#,.,%,%,.,.,.,#,#,#,#,.,.,.,.,.,.,.,.,#,#,.,.,.,.,%,^,.,^,.,^,%,.,%,%,.,.,.,%,#,#,#,#,.,#,%,#,^,.,^,.,.,^,^,.,.,#,#,.,.,.,#,#,#,#,^,#,^,#,.,.,.,#,.,^,S,.,.,#,#,%,^,.,#,#,#,#,%,#,%,#,.,.,%,^,.,.,^,^,%,#,#,.,.,^,#,#,#,#,.,#,%,#,.,.,.,%,%,.,.,.,%,#,#,%,%,.,.,.,#,#,.,#,%,#,^,.,.,%,.,.,%,.,.,^,.,.,.,.,#,#,#,#,.,#,%,#,.,.,.,#,.,^,#,#,.,^,%,.,^,^,#,#,#,#,F,#,.,#,.,.,.,.,^,%,#,#,.,.,^,.,^,.,#,#,#,#,%,#,.,#,.,^,^,#,%,.,#,#,.,^,.,.,^,.,#,#,#,#,.,.,.,^,.,.,.,^,^,.,#,#,.,.,.,^,.,%,.,.,#,#,#,#,#,#,#,#,#,#,#,#,#,#,#,#,#,#,#,#,#,#,#,
193,#,#,#,#,#,#,#,#,#,#,#,#,#,#,#,#,#,#,#,#,#,#,#,^,.,^,.,%,%,.,.,.,.,.,#,#,#,.,.,^,%,.,%,#,#,#,#,#,#,^,.,.,^,.,.,.,^,.,.,.,#,#,#,^,.,#,#,.,^,.,^,.,.,.,#,.,.,%,#,#,#,.,.,.,.,.,%,#,#,#,#,#,#,.,.,%,.,.,.,.,^,.,%,^,%,.,#,#,#,#,#,.,.,.,^,.,.,^,%,%,.,.,#,#,#,.,%,.,.,^,.,#,#,.,.,.,#,#,^,%,.,.,.,.,.,.,.,%,.,^,.,#,#,#,#,%,.,%,#,#,^,%,.,#,#,.,^,#,^,.,.,%,.,#,#,#,#,.,.,%,#,#,.,.,%,#,#,^,%,.,.,^,.,.,%,#,#,#,#,.,.,%,#,#,^,.,%,#,#,.,.,#,.,.,^,%,.,#,#,#,#,%,.,%,.,.,^,^,.,#,#,^,.,.,.,.,.,^,.,.,.,#,#,#,%,.,%,#,#,P,%,#,#,.,%,.,^,.,.,.,.,.,.,#,#,.,.,#,.,.,#,#,.,#,#,.,#,.,#,%,.,.,#,.,.,#,#,.,#,#,#,.,%,^,%,.,.,.,#,%,#,.,%,S,.,.,.,#,#,.,.,#,.,.,#,#,.,#,#,.,#,.,#,.,.,.,#,.,.,#,#,#,.,.,%,#,#,#,.,#,#,.,^,.,.,.,^,^,.,.,.,#,#,#,#,.,.,^,%,#,^,#,.,#,^,^,.,#,.,^,.,^,.,#,#,#,#,^,.,.,F,#,.,#,.,%,.,#,.,%,%,#,#,#,#,#,#,#,#,.,.,.,.,^,^,^,^,.,#,#,#,.,%,%,.,.,^,#,#,#,#,^,.,.,.,#,.,#,.,%,.,#,.,.,.,#,#,#,#,#,#,.,.,.,.,.,^,#,.,#,^,#,%,.,%,#,^,.,.,.,^,#,#,#,#,#,#,#,#,#,#,#,#,#,#,#,#,#,#,#,#,#,#,#,
194,#,#,#,#,#,#,#,#,#,#,#,#,#,#,#,#,#,#,#,#,#,#,#,.,^,.,.,.,^,.,^,^,.,#,.,.,.,#,.,^,^,.,%,#,#,#,#,#,#,^,#,#,#,%,.,.,.,#,^,.,.,^,.,#,#,#,#,.,.,.,.,.,%,^,.,^,.,^,#,#,#,%,.,.,.,#,#,#,#,#,#,#,#,%,.,.,#,#,#,.,.,#,%,.,.,.,.,#,#,#,#,.,.,.,.,%,%,%,%,%,%,#,.,.,%,#,.,.,.,#,#,#,#,.,%,.,.,.,.,.,.,^,.,.,.,%,%,.,#,.,^,.,#,#,#,.,.,#,#,#,^,#,#,#,#,.,#,.,#,.,.,.,#,.,^,#,#,.,%,.,.,%,.,.,.,%,.,.,#,.,#,.,.,#,#,#,.,#,#,#,#,#,.,^,.,#,#,#,#,.,#,%,#,.,^,^,#,.,%,#,#,.,.,.,.,^,%,^,.,^,.,.,#,.,#,.,#,.,%,.,#,#,#,^,.,.,.,.,#,#,%,#,#,.,.,.,.,%,.,#,#,#,.,#,#,.,.,.,#,#,#,#,.,#,#,#,#,#,.,.,.,.,^,.,.,#,#,.,%,.,#,#,^,S,.,.,.,.,.,.,.,%,.,#,#,#,.,#,#,.,%,.,#,#,#,#,.,#,#,.,.,#,#,#,.,%,.,%,.,#,#,.,.,.,#,#,#,#,.,P,#,%,.,.,.,.,^,#,#,#,.,#,#,%,#,#,#,.,%,.,.,^,.,.,^,.,^,.,%,#,%,#,%,#,#,.,%,.,^,^,#,#,#,^,.,#,#,#,%,.,.,#,.,#,.,#,#,.,#,#,#,.,.,.,%,%,.,.,.,.,^,^,.,#,^,#,.,#,#,.,.,^,.,F,.,.,#,#,#,.,.,#,#,#,.,#,.,#,^,#,#,.,#,#,#,.,.,.,.,.,%,.,%,.,.,^,.,.,.,.,.,#,#,#,#,#,#,#,#,#,#,#,#,#,#,#,#,#,#,#,#,#,#,#,
195,#,#,#,#,#,#,#,#,#,#,#,#,#,#,#,#,#,#,#,#,#,#,#,.,%,.,^,^,%,.,.,.,.,^,.,.,.,.,.,.,.,.,.,#,#,#,.,#,.,#,.,.,.,#,#,.,#,%,#,.,.,%,.,#,#,#,#,#,^,#,.,#,.,.,.,#,#,%,#,^,#,%,%,.,.,#,#,#,#,#,.,#,.,#,.,^,.,#,#,^,#,.,#,.,%,%,.,#,#,#,#,.,^,%,.,S,.,^,.,#,#,.,#,.,#,.,.,%,.,#,#,#,#,.,%,.,^,.,%,#,#,#,.,.,.,%,.,F,#,#,.,.,.,#,#,.,#,#,#,#,%,.,^,.,.,.,#,^,#,.,#,#,.,.,.,#,#,.,%,.,.,%,%,#,#,#,.,.,#,^,#,.,#,#,%,.,%,#,#,^,#,#,#,#,.,.,.,.,.,.,#,.,#,.,#,#,.,%,.,#,#,.,.,^,%,.,.,#,#,#,.,.,.,^,.,.,%,%,%,^,.,#,#,^,.,^,^,.,.,%,.,%,.,%,#,%,#,.,.,.,^,#,#,#,#,.,.,#,#,#,.,%,#,#,#,^,#,.,#,.,^,^,.,#,#,#,#,%,.,.,.,^,.,%,^,%,.,.,.,^,.,.,.,.,.,#,#,#,#,#,#,#,%,.,#,#,#,^,.,.,P,%,#,.,.,^,%,#,#,#,#,.,^,.,%,^,.,%,^,^,^,.,#,.,#,.,.,%,.,^,.,#,#,#,#,.,%,.,.,#,#,#,.,.,.,%,%,%,.,.,.,.,%,#,#,#,#,.,.,^,^,.,.,^,%,.,^,%,#,#,%,.,.,.,%,#,#,#,#,.,^,.,.,#,#,#,.,.,%,.,#,#,.,.,#,^,.,#,#,#,#,.,.,%,.,.,%,.,^,^,.,.,#,#,.,.,.,%,.,#,#,.,.,^,%,.,^,#,#,#,^,.,.,^,#,#,^,%,%,.,.,#,#,#,#,#,#,#,#,#,#,#,#,#,#,#,#,#,#,#,#,#,#,#,
196,#,#,#,#,#,#,#,#,#,#,#,#,#,#,#,#,#,#,#,#,#,#,#,%,#,^,#,.,#,#,.,.,%,#,#,.,.,.,^,.,.,.,.,#,#,.,#,.,#,.,#,#,.,.,^,#,#,%,.,.,%,#,#,#,#,#,#,^,.,^,.,.,#,#,.,.,%,#,#,%,.,^,.,.,.,.,.,#,#,.,#,.,#,.,#,#,.,.,S,#,#,.,.,%,.,#,#,#,#,#,#,.,#,%,#,.,.,.,.,.,.,.,%,%,.,.,.,.,.,%,.,#,#,.,^,^,.,.,#,#,.,#,#,^,^,.,%,.,%,%,.,#,#,#,#,.,#,#,#,#,#,#,^,#,#,^,#,.,#,.,%,.,.,#,#,#,#,.,^,%,.,.,.,.,^,.,%,^,P,.,#,.,.,.,.,#,#,#,#,^,#,#,#,#,#,#,^,#,#,^,#,.,#,.,.,.,.,#,#,#,#,^,%,.,.,.,#,#,%,#,#,^,#,.,#,.,%,.,.,.,.,#,#,.,%,^,.,.,.,.,.,.,%,.,.,.,^,^,#,#,.,.,.,#,#,#,#,#,#,.,.,.,.,#,#,#,#,.,.,%,#,#,.,%,.,#,#,.,.,.,.,.,.,.,^,#,#,#,#,.,.,.,#,#,.,%,%,#,#,#,#,#,#,%,.,.,.,#,#,#,#,^,^,.,#,#,.,.,^,#,#,.,^,^,.,.,%,^,.,#,#,#,#,.,.,.,.,^,.,.,.,#,#,#,#,^,#,#,%,#,.,#,%,^,.,^,.,^,#,#,.,.,.,#,#,#,#,.,#,#,.,#,.,#,.,%,#,#,#,#,#,#,%,%,%,#,#,.,.,.,.,.,.,#,%,#,.,^,.,.,^,^,#,#,.,.,^,#,#,#,#,^,#,#,.,#,.,#,.,.,#,#,#,#,#,#,.,.,%,#,#,#,#,.,#,#,^,%,.,%,.,%,%,.,%,.,.,.,F,.,.,#,#,#,#,#,#,#,#,#,#,#,#,#,#,#,#,#,#,#,#,#,#,#,
197,#,#,#,#,#,#,#,#,#,#,#,#,#,#,#,#,#,#,#,#,#,#,#,.,.,.,^,.,.,%,.,.,.,.,%,.,.,.,.,%,.,%,.,#,#,.,.,#,#,#,^,^,^,#,#,#,#,%,^,.,^,.,#,#,#,#,#,.,.,^,.,^,.,.,^,#,#,#,#,^,.,.,.,.,.,^,.,#,#,#,#,#,.,^,.,.,.,#,#,#,#,.,.,^,#,#,#,.,.,#,#,.,.,.,.,.,.,%,%,#,#,#,#,.,.,^,^,.,.,.,.,#,#,.,#,#,#,.,#,^,^,.,#,%,.,.,^,.,%,.,.,^,.,#,#,^,.,.,%,.,.,^,#,^,.,#,.,#,.,#,#,%,#,^,#,#,#,.,#,#,#,.,.,#,#,#,.,#,.,#,.,#,#,.,#,.,#,#,#,^,.,.,.,^,.,.,#,.,%,#,.,#,^,#,#,.,#,.,#,#,#,%,#,#,#,.,#,.,%,%,#,.,%,%,.,.,.,.,^,.,.,#,#,^,.,%,^,^,.,.,%,.,.,#,#,.,#,#,.,%,.,^,^,#,#,#,^,#,.,#,.,#,.,#,.,#,#,.,#,#,.,.,#,.,%,#,#,#,.,#,.,#,^,#,^,#,%,.,^,.,^,^,%,.,.,.,%,#,#,#,^,#,%,#,.,#,.,#,^,#,#,.,#,#,.,.,P,%,^,#,#,.,.,.,.,.,.,#,.,#,.,#,#,^,#,#,.,.,%,.,.,#,#,.,#,^,#,.,.,.,.,#,#,.,#,%,#,.,#,#,%,^,.,#,#,.,#,%,#,F,^,.,.,#,#,.,#,%,#,^,#,#,^,.,.,#,#,.,#,%,#,.,^,.,.,#,#,^,.,.,.,.,#,#,.,.,^,#,#,^,#,.,#,%,.,.,.,#,#,.,#,.,#,.,#,#,.,.,.,#,#,.,.,.,S,^,.,.,.,.,.,.,#,.,#,.,%,^,.,.,%,#,#,#,#,#,#,#,#,#,#,#,#,#,#,#,#,#,#,#,#,#,#,#,
198,#,#,#,#,#,#,#,#,#,#,#,#,#,#,#,#,#,#,#,#,#,#,#,.,.,.,%,.,%,.,^,.,%,%,^,^,.,.,^,^,.,.,.,#,#,.,.,.,#,#,#,#,.,.,.,.,#,^,#,.,#,#,.,^,.,#,#,^,.,.,#,#,#,#,.,^,%,.,#,.,#,.,#,#,.,.,.,#,#,.,.,%,#,#,#,#,.,.,.,%,#,.,#,^,#,#,^,.,.,#,#,.,S,.,#,#,#,#,.,.,^,.,#,^,#,.,#,#,^,%,^,#,#,%,.,.,%,^,.,.,.,.,.,^,.,.,.,.,#,#,.,.,.,#,#,#,#,#,.,^,^,^,.,#,#,%,.,.,.,.,#,#,.,^,.,#,#,.,.,.,.,.,%,.,^,#,#,.,.,#,%,.,#,#,.,.,.,#,#,.,^,#,#,#,^,.,.,#,#,.,.,.,.,.,#,#,^,.,^,#,#,.,^,%,.,.,.,^,^,#,#,.,.,.,.,.,%,%,.,.,%,#,#,.,^,.,%,.,.,#,#,#,.,.,.,^,%,.,%,%,.,.,.,#,#,.,#,#,#,#,.,%,.,%,^,.,^,#,.,%,.,.,.,.,%,#,#,.,.,.,.,.,.,#,#,#,.,^,^,%,.,%,.,.,#,.,.,#,#,%,#,#,#,#,%,.,.,.,%,^,.,P,.,%,.,.,^,.,.,#,#,^,.,.,.,.,.,#,#,#,.,.,%,^,.,.,.,%,%,.,%,#,#,.,.,.,.,.,%,.,^,.,.,.,.,.,^,.,F,#,.,#,^,#,#,.,.,#,^,.,%,#,^,#,.,.,%,^,.,%,.,#,%,#,.,#,#,.,.,.,.,.,^,#,%,#,%,%,.,#,%,.,.,^,.,.,.,#,#,.,%,#,.,%,.,#,.,#,.,^,%,^,.,.,.,#,.,#,.,#,#,.,.,.,.,%,^,^,.,.,.,.,.,.,.,.,.,#,%,#,.,#,#,#,#,#,#,#,#,#,#,#,#,#,#,#,#,#,#,#,#,#,#,#,
199,#,#,#,#,#,#,#,#,#,#,#,#,#,#,#,#,#,#,#,#,#,#,#,.,^,^,.,%,.,.,.,.,.,.,%,.,.,^,.,.,.,.,%,#,#,#,#,#,.,.,#,#,.,%,^,#,#,#,.,.,#,.,#,.,#,#,#,.,.,.,^,.,#,#,%,.,.,^,.,^,.,.,#,.,#,%,#,#,#,.,.,#,#,#,#,#,.,^,%,^,.,#,#,#,#,.,#,^,#,#,#,.,.,.,%,.,#,#,.,.,.,.,.,.,^,.,%,.,.,.,.,#,#,%,.,.,.,.,#,^,^,.,#,.,.,.,.,%,^,%,.,.,.,#,#,.,.,.,%,.,.,.,#,.,.,%,.,#,.,%,.,.,^,.,.,#,#,.,^,#,.,%,^,#,#,#,.,%,%,.,.,^,%,^,#,^,.,#,#,^,.,.,^,S,.,.,#,.,.,^,%,#,.,.,.,.,.,^,.,#,#,.,^,.,.,.,#,.,%,.,#,.,.,.,%,.,.,.,%,.,.,#,#,.,#,F,#,.,#,#,^,.,.,.,.,%,.,.,.,^,.,.,.,#,#,.,#,.,#,.,#,#,%,.,.,^,.,.,#,#,.,#,.,#,.,#,#,%,#,.,#,^,#,#,.,%,^,^,.,.,#,#,.,#,.,#,^,#,#,.,#,^,#,^,#,#,^,.,%,.,.,.,#,#,.,#,^,#,.,#,#,.,.,.,.,^,%,.,.,.,.,.,^,.,#,#,^,#,%,#,%,#,#,.,#,.,#,.,.,.,.,^,.,^,^,^,%,.,.,#,.,#,^,#,#,.,#,.,#,.,#,#,%,.,%,%,%,.,#,P,%,#,.,#,.,#,#,^,.,.,.,^,#,#,.,.,^,.,.,.,#,#,%,.,.,.,.,#,#,.,#,^,#,^,#,#,.,.,.,.,.,.,#,#,.,#,.,#,.,#,#,%,#,.,#,^,#,#,^,.,.,.,^,%,#,#,.,#,^,#,^,#,#,#,#,#,#,#,#,#,#,#,#,#,#,#,#,#,#,#,#,#,#,#,
200,#,#,#,#,#,#,#,#,#,#,#,#,#,#,#,#,#,#,#,#,#,#,#,.,#,#,#,^,#,#,.,.,%,#,#,.,.,F,#,#,.,.,.,#,#,.,.,.,.,.,#,#,%,^,.,#,#,%,.,.,#,#,^,.,.,#,#,.,#,#,#,.,#,#,.,.,%,#,#,.,%,%,#,#,.,.,^,#,#,.,^,.,.,.,#,#,.,.,.,#,#,.,.,.,#,#,.,.,%,#,#,.,#,#,#,.,.,.,.,.,.,%,%,.,^,^,.,%,^,^,^,#,#,.,#,#,#,.,.,#,.,#,%,#,#,S,#,#,^,.,.,#,#,#,#,.,.,.,.,.,.,#,.,#,^,#,#,.,#,#,.,%,^,#,#,#,#,^,#,#,#,.,.,#,%,#,.,%,.,%,.,^,^,^,.,#,#,#,#,^,.,.,.,.,^,#,.,#,.,#,#,.,#,#,^,.,%,#,#,#,#,.,#,#,#,.,%,.,.,.,.,#,#,.,#,#,.,^,.,^,.,#,#,.,^,.,.,%,%,.,.,.,^,.,.,%,.,%,^,.,%,.,.,#,#,.,#,^,#,.,#,#,^,.,^,%,.,#,.,.,.,#,#,#,#,#,#,^,#,.,#,^,#,#,.,.,.,^,.,.,%,%,.,.,.,.,%,#,#,%,#,.,#,.,#,#,.,.,.,.,.,#,.,.,.,#,#,#,#,#,#,.,#,%,#,^,#,#,.,.,%,.,%,.,.,.,%,.,^,^,.,#,#,%,.,^,.,%,%,.,%,.,.,%,#,.,#,.,#,#,%,#,#,#,#,#,%,#,.,#,.,#,#,#,#,.,#,.,#,.,#,#,%,#,#,#,#,#,.,#,^,#,%,%,.,.,.,.,P,.,#,.,.,^,.,.,%,#,#,#,.,#,^,#,.,#,#,#,#,%,#,.,#,.,#,#,.,#,#,#,#,^,.,%,.,^,.,.,.,.,.,.,%,.,.,.,#,#,.,#,#,#,#,#,#,#,#,#,#,#,#,#,#,#,#,#,#,#,#,#,#,#,#,#,
201,#,#,#,#,#,#,#,#,#,#,#,#,#,#,#,#,#,#,#,#,#,#,#,.,.,.,.,.,#,#,.,^,.,.,^,^,.,.,%,.,.,^,%,#,#,.,^,^,.,^,#,#,.,%,^,.,^,%,#,#,#,#,#,#,.,#,#,^,.,#,.,.,#,#,.,.,.,%,.,%,#,#,^,.,^,.,.,#,#,^,.,.,.,^,#,#,%,.,.,^,.,.,#,#,#,#,#,#,.,#,#,^,^,.,.,%,.,S,^,.,.,^,^,.,#,#,.,^,.,.,.,#,#,.,.,.,.,.,.,#,#,P,%,.,%,.,.,.,.,.,.,.,.,#,#,.,#,^,#,^,.,.,^,.,.,.,.,#,.,.,%,#,#,#,#,#,#,.,#,.,#,%,.,#,#,#,^,.,^,.,.,.,%,.,^,.,.,#,#,%,#,.,#,.,.,.,^,.,%,^,.,#,.,.,^,#,#,#,#,#,#,.,#,.,#,.,%,#,#,#,%,%,.,%,^,%,.,.,%,^,.,#,#,.,^,%,.,.,.,.,.,#,#,%,^,.,#,#,.,%,^,#,#,#,#,%,.,#,.,%,^,.,.,#,#,%,.,.,#,#,.,.,.,#,#,#,#,.,.,^,.,.,^,.,^,#,#,.,.,.,#,#,.,^,%,#,#,#,#,.,^,#,^,.,.,.,.,#,#,.,.,^,#,#,.,.,%,#,#,#,#,.,.,.,.,^,^,.,^,.,.,.,^,%,.,%,.,%,.,.,%,#,#,.,%,^,.,.,.,.,.,^,.,^,#,#,#,.,.,.,.,#,#,#,#,#,#,#,.,.,.,.,.,F,.,%,.,.,^,.,%,.,.,#,#,#,#,%,.,^,.,.,.,.,#,.,.,.,#,#,#,^,^,.,.,#,#,#,#,%,.,#,#,#,.,.,%,.,.,.,.,^,%,.,%,.,%,#,#,#,#,.,.,.,.,.,%,^,.,.,.,.,#,#,#,.,%,.,^,.,.,#,#,#,#,#,#,#,#,#,#,#,#,#,#,#,#,#,#,#,#,#,#,#,
202,#,#,#,#,#,#,#,#,#,#,#,#,#,#,#,#,#,#,#,#,#,#,#,.,.,.,.,%,^,.,.,%,%,.,.,.,.,.,.,.,.,.,%,#,#,#,#,#,.,.,%,#,.,#,^,#,#,.,.,%,#,.,#,^,#,#,#,.,.,.,.,.,.,#,%,#,.,#,#,.,^,^,#,%,#,.,#,#,#,%,.,#,#,#,%,#,.,#,^,#,#,%,%,.,#,^,#,.,#,#,#,.,.,%,.,.,%,.,.,^,^,#,#,%,.,%,.,%,.,.,.,#,#,^,.,.,.,.,.,#,#,#,%,%,#,.,#,.,.,#,.,#,.,#,#,#,#,.,%,.,.,.,.,.,^,.,#,.,#,.,.,#,.,#,.,#,#,#,#,.,.,.,^,#,#,#,^,.,#,^,#,.,%,#,.,#,.,#,#,#,#,^,.,.,.,%,%,.,.,.,#,%,#,.,.,#,%,#,%,#,#,#,#,.,.,^,.,#,#,#,.,.,.,%,%,%,.,^,.,.,.,#,#,%,%,.,.,.,%,.,^,.,%,#,#,.,#,#,.,.,.,#,#,#,#,.,.,#,#,#,#,#,#,^,.,#,#,^,#,#,.,^,.,#,#,#,#,.,^,%,.,.,.,.,.,.,.,.,%,%,%,^,.,.,.,#,#,#,#,#,#,#,.,^,.,^,#,#,#,#,#,.,#,#,F,.,.,#,#,#,#,%,%,^,.,.,.,%,.,%,.,#,#,.,#,#,.,.,.,.,.,#,#,#,#,.,.,^,.,.,^,S,%,.,.,.,.,.,^,.,.,.,.,#,#,#,#,.,.,.,#,#,^,.,.,^,.,#,#,#,^,.,#,#,#,#,#,#,#,^,.,%,#,#,.,.,.,%,.,.,.,%,.,.,^,^,.,#,#,P,#,^,.,.,#,#,.,.,^,#,#,#,.,%,#,#,#,%,.,#,#,.,.,.,.,.,#,#,.,.,.,%,.,%,.,.,.,.,.,.,.,#,#,#,#,#,#,#,#,#,#,#,#,#,#,#,#,#,#,#,#,#,#,#,
203,#,#,#,#,#,#,#,#,#,#,#,#,#,#,#,#,#,#,#,#,#,#,#,.,^,.,.,.,.,%,.,#,#,.,.,.,.,%,.,.,.,.,.,#,#,#,#,#,#,.,.,.,.,#,#,.,#,^,#,.,.,#,.,#,^,#,#,.,.,^,.,^,.,.,%,#,#,.,#,.,#,.,.,#,%,#,.,#,#,#,#,#,#,.,.,.,.,#,#,.,#,%,#,.,%,#,.,#,.,#,#,^,.,%,.,^,.,.,%,%,^,.,#,%,#,%,%,#,.,#,.,#,#,#,#,^,^,.,.,.,.,#,#,^,#,#,#,.,.,%,^,.,.,#,#,#,#,.,.,.,.,.,.,#,#,.,.,^,^,^,.,^,#,#,#,#,#,#,#,^,.,.,.,^,.,#,#,^,#,#,#,.,.,.,%,.,%,#,#,#,#,F,%,.,.,^,.,#,#,%,.,.,.,.,#,#,#,.,.,#,#,.,%,^,.,%,.,.,^,.,.,%,#,#,#,.,.,.,.,.,.,#,#,#,#,.,^,.,#,#,.,#,#,.,.,^,%,.,#,.,.,.,#,#,#,#,#,.,%,.,#,#,.,#,#,.,^,#,#,#,.,.,#,.,^,#,#,#,#,.,.,.,^,.,.,^,^,.,.,^,^,.,.,#,#,#,^,#,#,#,#,.,%,.,#,#,^,#,#,#,#,#,^,.,.,^,#,^,^,#,#,.,.,^,%,^,#,#,%,#,#,^,.,^,%,.,#,.,.,.,#,#,#,S,.,.,^,.,.,.,.,^,.,^,^,^,.,^,#,P,.,#,#,#,#,^,%,#,.,%,#,.,#,.,#,#,.,#,^,#,#,#,.,#,#,#,#,^,^,%,.,%,#,^,#,.,#,#,.,#,.,#,%,.,%,.,.,#,#,.,%,#,.,^,#,.,#,.,#,#,.,#,.,#,#,#,%,#,#,#,#,^,.,.,.,.,%,.,.,.,.,.,.,.,.,.,#,#,.,#,#,#,#,#,#,#,#,#,#,#,#,#,#,#,#,#,#,#,#,#,#,#,#,#,
204,#,#,#,#,#,#,#,#,#,#,#,#,#,#,#,#,#,#,#,#,#,#,#,^,.,.,.,.,.,^,^,%,^,.,.,%,%,.,^,%,.,.,.,#,#,.,#,.,#,^,#,.,#,.,#,#,#,#,#,%,#,#,#,%,.,#,#,.,#,%,#,.,#,.,#,.,#,.,.,.,.,.,.,.,%,.,.,#,#,^,#,.,#,.,#,.,#,.,#,#,#,#,#,^,.,.,#,#,#,#,#,.,#,^,#,.,.,^,%,.,.,.,%,.,.,^,^,.,.,.,.,#,#,.,.,%,.,.,.,#,.,#,.,.,%,.,^,%,.,#,%,#,.,#,#,#,#,#,#,%,%,#,%,#,.,.,^,#,.,.,.,#,.,#,.,#,#,.,^,^,^,.,.,.,%,.,.,^,.,.,%,%,.,#,^,#,.,#,#,#,#,#,#,.,.,#,.,#,^,.,^,#,.,^,.,#,.,#,.,#,#,.,^,^,.,.,.,#,.,#,.,.,.,.,.,.,%,%,%,%,^,#,#,%,^,%,.,.,.,^,.,.,.,.,.,.,%,.,.,^,.,.,.,#,#,.,%,#,#,#,.,#,.,#,.,#,.,#,%,#,.,.,#,#,#,#,#,%,.,^,.,.,^,#,.,#,.,#,.,#,.,#,S,^,.,.,.,#,#,#,#,#,.,.,%,#,.,#,.,#,.,#,.,#,#,P,#,.,.,#,#,^,^,%,.,.,.,#,%,#,%,.,%,.,.,.,^,.,.,.,.,#,#,%,#,.,#,^,.,%,.,%,%,%,^,^,%,%,.,.,.,^,%,#,#,.,#,^,#,^,#,#,#,.,.,#,^,#,%,#,.,#,.,#,%,#,#,.,#,.,#,%,.,^,.,.,.,#,%,#,%,#,.,#,.,#,.,#,#,.,#,.,#,^,.,^,#,#,#,#,^,#,^,#,.,#,.,#,.,#,#,.,.,^,.,^,.,.,.,F,.,^,^,.,.,.,^,^,.,.,^,#,#,#,#,#,#,#,#,#,#,#,#,#,#,#,#,#,#,#,#,#,#,#,
205,#,#,#,#,#,#,#,#,#,#,#,#,#,#,#,#,#,#,#,#,#,#,#,.,^,%,.,.,.,.,.,#,#,.,#,#,#,.,#,#,.,.,.,#,#,^,#,.,#,%,.,^,.,#,#,.,^,.,%,.,#,#,^,.,.,#,#,.,#,.,#,.,.,%,.,#,#,.,#,#,#,^,#,#,.,.,.,#,#,.,#,.,#,.,.,%,.,#,#,.,^,.,.,.,#,#,.,.,.,#,#,%,S,^,.,.,.,^,^,.,^,^,#,#,#,.,.,.,.,.,.,#,#,#,.,.,^,#,%,^,.,.,%,.,.,^,.,%,.,^,.,F,.,#,#,.,.,#,%,%,#,#,#,#,.,^,.,.,^,%,.,#,.,#,.,#,#,.,#,#,#,.,.,.,%,.,.,^,%,#,%,.,.,#,%,#,^,#,#,.,.,#,.,%,#,#,#,#,^,.,^,.,^,^,.,#,%,#,.,#,#,#,%,^,.,#,.,%,^,.,^,.,%,.,.,.,.,#,.,#,.,#,#,.,.,%,^,%,.,.,.,%,.,^,.,.,^,.,.,%,.,%,%,#,#,#,#,#,.,^,#,#,#,%,.,%,#,%,#,.,.,.,.,.,.,#,#,.,.,%,%,.,^,.,.,.,%,.,P,.,#,%,.,^,#,.,.,#,#,^,.,#,#,#,.,.,#,#,#,.,#,.,#,.,^,.,%,^,^,#,#,.,.,.,.,.,.,^,.,%,^,.,#,.,#,.,.,%,^,.,.,#,#,%,.,%,^,^,.,#,.,#,.,.,.,.,%,.,.,%,^,.,.,#,#,.,#,^,#,.,^,#,.,#,.,.,#,#,#,#,.,#,.,#,.,#,#,.,#,.,#,^,.,#,%,#,^,%,%,^,.,%,%,#,.,#,.,#,#,.,#,.,#,.,%,#,.,#,%,.,#,#,#,#,%,#,%,#,.,#,#,.,#,.,#,.,.,.,.,.,.,.,.,%,.,%,.,%,^,.,.,#,#,#,#,#,#,#,#,#,#,#,#,#,#,#,#,#,#,#,#,#,#,#,
206,#,#,#,#,#,#,#,#,#,#,#,#,#,#,#,#,#,#,#,#,#,#,#,.,.,.,%,.,%,#,#,#,^,^,%,.,.,%,.,.,.,.,.,#,#,^,.,#,#,#,.,.,^,^,.,.,#,#,#,#,P,#,#,.,.,#,#,.,.,.,.,.,.,#,#,#,.,.,.,%,^,.,.,.,.,.,.,#,#,#,#,#,.,.,.,%,.,.,^,.,#,#,#,#,.,.,#,#,#,#,#,.,.,.,^,^,^,#,#,#,.,.,.,.,.,^,.,.,.,.,.,#,#,#,#,^,.,%,.,.,.,^,.,^,.,.,%,.,.,#,.,#,.,#,#,#,#,.,.,.,#,#,.,^,.,#,#,#,.,.,.,#,^,#,.,#,#,#,#,^,%,.,#,#,.,%,.,.,.,.,.,.,.,^,.,.,.,#,#,#,#,.,.,.,#,#,.,.,.,.,.,#,#,#,.,#,%,#,.,#,#,.,.,%,.,.,#,#,.,.,.,.,%,.,^,.,.,#,.,#,.,#,#,.,.,^,.,.,^,.,.,%,.,.,.,S,.,.,.,^,.,%,.,#,#,.,#,#,#,#,^,^,.,.,.,#,#,#,.,^,#,#,#,.,.,#,#,.,.,.,.,.,.,%,#,%,%,%,.,^,%,.,^,.,^,.,.,#,#,.,#,#,#,#,.,^,.,.,.,.,^,#,#,#,%,.,#,#,#,#,#,.,^,.,.,.,^,.,.,.,.,%,.,%,%,^,^,^,.,%,.,#,#,.,F,%,.,.,.,%,.,.,.,^,%,.,.,.,.,.,%,^,^,#,#,.,.,#,%,.,%,.,.,%,.,.,#,#,#,#,.,.,#,#,#,#,#,.,%,.,.,.,^,.,#,%,%,.,.,^,.,.,^,.,.,.,^,#,#,.,.,#,.,.,.,.,.,.,.,.,#,#,#,#,#,#,#,.,.,#,#,%,^,.,.,.,.,^,.,%,.,%,.,%,.,.,%,^,.,^,.,#,#,#,#,#,#,#,#,#,#,#,#,#,#,#,#,#,#,#,#,#,#,#,
207,#,#,#,#,#,#,#,#,#,#,#,#,#,#,#,#,#,#,#,#,#,#,#,#,.,.,.,#,.,^,^,.,.,%,#,.,#,^,#,#,.,%,%,#,#,.,^,#,.,.,.,.,#,#,P,.,#,.,#,^,#,#,.,.,^,#,#,.,#,#,#,.,^,%,.,.,.,.,#,.,#,.,#,#,^,.,%,#,#,.,.,#,%,.,#,#,#,.,^,.,#,%,#,.,#,#,.,.,.,#,#,#,^,.,.,#,.,.,.,%,.,.,^,%,.,.,%,.,.,^,.,#,#,^,#,.,#,.,.,.,.,.,.,^,.,.,.,.,.,#,.,#,%,#,#,.,#,.,#,.,.,.,#,^,.,#,#,#,#,%,.,#,^,#,.,#,#,.,#,^,#,.,^,%,S,.,.,F,.,.,^,.,.,#,.,#,^,#,#,%,#,.,#,.,.,.,#,.,^,#,#,#,#,.,%,#,.,#,^,#,#,.,%,^,^,.,%,^,.,%,%,%,%,.,%,.,.,.,.,.,.,#,#,.,.,.,#,#,^,.,.,.,.,.,.,^,.,.,#,.,.,%,#,#,#,.,^,.,#,#,.,.,#,#,#,#,#,#,#,^,.,^,#,^,.,#,#,^,%,^,#,#,.,.,^,.,.,%,.,.,.,%,.,#,#,#,^,#,#,.,^,^,#,#,#,#,#,^,^,#,#,#,#,%,^,^,#,%,.,#,#,.,.,%,^,.,^,.,^,.,.,.,^,.,.,%,#,.,^,.,#,#,#,^,^,%,^,.,#,#,.,#,#,.,^,.,#,#,.,#,%,#,.,#,#,.,.,#,%,.,#,#,.,#,#,.,.,.,#,#,^,#,.,#,.,#,#,^,^,.,%,.,%,^,.,.,.,.,^,.,#,#,.,#,.,#,%,#,#,.,.,#,.,^,#,#,.,#,#,%,.,%,#,#,%,#,^,#,.,#,#,.,%,^,.,.,#,#,%,#,#,^,.,.,.,.,^,.,^,^,.,#,#,#,#,#,#,#,#,#,#,#,#,#,#,#,#,#,#,#,#,#,#,#,
208,#,#,#,#,#,#,#,#,#,#,#,#,#,#,#,#,#,#,#,#,#,#,#,.,.,.,.,.,.,.,.,.,.,.,.,.,.,.,.,.,.,.,.,#,#,.,.,#,.,.,#,#,#,.,.,.,.,.,%,.,.,#,.,#,.,#,#,.,^,^,.,.,F,.,.,%,.,.,.,#,.,.,.,#,.,#,.,#,#,.,.,#,.,.,%,.,#,#,#,.,.,^,.,.,^,#,.,#,.,#,#,.,.,%,^,%,.,.,.,.,.,.,.,.,%,.,.,#,%,#,%,#,#,%,^,%,.,.,.,.,.,.,.,%,%,.,.,^,%,^,.,%,^,#,#,.,#,^,#,.,.,.,.,%,.,#,%,#,.,#,.,.,.,.,.,#,#,^,#,.,#,^,^,.,#,^,.,#,.,#,%,P,^,%,#,.,.,#,#,.,#,%,#,.,.,%,.,.,.,#,%,#,^,#,.,.,.,.,^,#,#,S,.,^,.,.,.,%,^,^,%,.,.,.,.,.,%,.,.,.,.,#,#,.,#,^,#,.,.,#,%,#,^,%,^,%,#,#,.,.,^,.,.,#,#,.,#,.,#,%,.,#,^,#,^,%,.,^,#,#,.,#,#,#,#,#,#,.,#,.,#,%,.,^,.,%,.,%,.,%,#,#,.,.,%,.,%,#,#,.,#,%,#,%,.,#,.,#,^,%,.,^,#,#,^,#,#,#,#,#,#,^,.,.,.,.,.,#,%,#,%,^,.,.,^,.,.,.,.,%,%,#,#,#,#,.,^,.,.,^,.,.,.,.,.,.,.,.,.,%,.,%,^,#,#,#,#,.,.,.,.,#,#,#,#,^,#,#,#,#,#,#,#,#,.,#,#,#,#,^,.,^,.,%,^,.,.,.,.,^,.,%,.,.,%,^,.,#,#,#,#,.,.,%,^,#,#,#,#,.,#,#,#,#,#,#,#,#,.,#,#,^,%,.,.,.,.,.,^,%,.,.,.,^,.,.,.,.,%,^,%,#,#,#,#,#,#,#,#,#,#,#,#,#,#,#,#,#,#,#,#,#,#,#,
209,#,#,#,#,#,#,#,#,#,#,#,#,#,#,#,#,#,#,#,#,#,#,#,%,%,^,.,.,%,.,%,%,.,^,#,.,#,^,.,.,.,.,^,#,#,.,#,.,#,.,.,%,.,#,#,^,#,.,#,%,.,.,.,#,#,#,#,.,#,.,#,.,.,.,.,#,#,^,#,.,#,.,.,.,^,#,#,#,#,.,#,%,#,^,.,%,%,P,#,%,#,^,#,.,.,.,.,#,#,#,#,%,.,.,.,.,%,.,.,#,#,.,.,.,.,.,^,^,%,#,#,#,#,.,%,.,.,.,#,.,.,.,#,%,#,.,#,.,.,%,.,.,.,#,#,^,#,.,#,%,%,.,#,%,^,.,#,%,#,.,^,^,.,.,.,#,#,.,#,%,#,.,^,#,#,#,%,^,#,%,#,^,.,.,#,%,S,#,#,.,#,.,#,^,^,^,#,.,.,%,#,.,#,^,^,^,.,.,.,#,#,.,.,.,^,.,#,.,.,%,#,.,^,%,.,.,.,.,%,.,^,#,#,.,.,.,%,.,F,#,.,#,%,.,#,.,#,.,#,#,%,.,%,#,#,#,#,.,.,%,.,#,.,#,^,^,#,%,#,%,#,#,^,.,%,#,#,#,#,.,.,.,.,^,^,%,.,.,.,.,.,%,#,#,.,.,.,#,#,#,#,.,.,.,.,#,.,#,.,.,#,.,#,%,#,#,^,%,.,#,#,#,#,.,.,.,.,#,.,#,.,.,#,^,#,%,.,.,%,.,%,#,#,.,.,.,%,.,%,.,.,#,#,.,#,.,#,^,#,#,.,#,#,#,#,#,#,#,#,.,%,.,.,#,#,.,#,.,#,.,#,#,^,#,#,#,#,.,^,%,%,.,^,^,^,#,#,.,.,.,.,.,.,%,.,^,.,#,#,#,#,#,#,%,%,%,.,#,#,.,#,.,#,.,#,#,.,#,#,#,#,%,^,.,.,.,%,.,.,.,.,.,#,.,#,%,#,#,.,#,#,#,#,#,#,#,#,#,#,#,#,#,#,#,#,#,#,#,#,#,#,#,#,#,
210,#,#,#,#,#,#,#,#,#,#,#,#,#,#,#,#,#,#,#,#,#,#,#,%,.,.,^,%,#,^,.,.,#,#,#,.,#,#,.,%,.,.,.,#,#,.,.,%,.,.,^,.,#,^,^,#,#,%,#,#,.,.,#,%,.,#,#,.,^,#,.,^,.,#,#,#,.,%,%,.,.,.,%,.,^,.,.,#,#,.,.,%,.,.,.,^,#,.,.,#,#,.,#,#,.,^,#,%,^,#,#,^,.,%,.,F,#,^,.,.,#,#,#,.,#,#,.,^,%,^,.,#,#,%,.,%,.,^,.,.,.,^,.,.,.,.,.,.,.,^,^,.,.,#,#,#,#,#,.,.,.,.,S,%,.,.,#,.,#,%,^,#,.,#,.,#,#,.,.,.,%,^,.,%,#,.,.,^,#,.,#,.,.,#,%,#,%,#,#,.,.,#,#,#,.,.,.,%,.,%,#,.,#,.,^,#,^,#,.,#,#,%,^,%,.,.,.,.,.,.,.,.,#,%,#,.,.,.,.,.,.,#,#,.,.,.,.,.,.,#,#,#,.,%,.,.,.,%,#,.,.,.,#,#,#,.,#,%,#,.,.,.,.,.,%,#,.,#,.,#,.,.,#,^,.,#,#,.,#,%,#,.,^,P,#,#,.,#,^,#,.,#,%,#,#,#,^,#,#,.,#,.,#,.,.,%,.,.,.,#,.,#,%,#,%,.,#,.,.,#,#,.,.,.,%,^,.,#,#,#,.,%,.,.,.,.,#,^,^,^,#,#,#,.,.,.,#,#,.,.,.,#,#,.,.,%,.,.,.,.,%,.,%,#,#,%,.,.,#,#,.,.,.,#,#,%,^,%,.,^,^,#,#,#,#,#,#,.,%,.,#,#,.,.,^,#,#,.,.,#,%,.,.,%,.,%,.,#,#,.,.,.,#,#,%,.,^,#,#,%,^,.,.,.,^,#,#,#,#,#,#,.,.,^,.,.,.,.,.,%,.,.,.,.,%,.,%,.,%,.,.,#,#,#,#,#,#,#,#,#,#,#,#,#,#,#,#,#,#,#,#,#,#,#,
211,#,#,#,#,#,#,#,#,#,#,#,#,#,#,#,#,#,#,#,#,#,#,#,F,P,.,#,.,%,.,.,.,.,#,#,^,^,.,.,.,%,.,%,#,#,.,#,.,#,.,%,^,.,#,#,#,#,^,.,^,#,#,#,#,.,#,#,.,#,.,#,.,^,%,.,#,#,#,#,.,.,%,.,.,.,.,^,#,#,.,#,.,#,.,.,.,.,#,#,#,#,.,.,.,#,#,#,#,%,#,#,%,%,%,.,%,.,.,.,#,#,%,.,.,^,.,.,.,.,^,%,#,#,.,.,S,.,%,%,.,.,.,%,.,.,%,.,.,#,#,^,#,#,#,#,.,.,#,.,.,#,#,#,%,%,.,%,.,.,.,#,#,.,#,#,#,#,.,.,^,.,.,^,.,%,.,%,%,^,#,.,.,.,.,.,.,.,#,#,.,.,#,.,.,%,.,#,#,#,.,.,.,.,^,#,#,.,#,#,#,#,.,.,.,%,.,.,^,.,%,.,^,.,.,^,.,#,#,.,#,#,#,#,#,#,%,.,.,%,.,%,.,^,%,#,#,#,.,.,.,%,.,.,#,#,#,#,.,%,^,#,#,#,%,^,.,.,.,.,.,.,.,%,%,^,#,#,#,#,.,%,^,.,%,.,.,.,.,#,#,#,.,.,%,#,.,.,#,#,#,#,.,.,.,.,.,#,#,#,.,.,.,.,.,^,%,.,^,.,#,#,^,.,^,.,.,.,.,.,.,.,^,#,#,#,%,.,.,%,^,.,#,#,#,#,.,%,.,.,.,.,.,.,.,.,.,^,.,.,.,%,.,.,#,#,#,#,%,^,.,.,%,#,^,.,.,#,%,#,.,%,#,.,#,^,#,#,#,#,.,.,.,.,.,.,^,.,.,#,^,#,.,%,#,.,#,.,#,#,#,#,.,^,%,.,^,#,.,.,.,#,^,#,.,.,#,%,#,.,#,#,.,%,.,.,%,.,.,.,^,.,%,^,.,.,%,^,.,.,.,.,#,#,#,#,#,#,#,#,#,#,#,#,#,#,#,#,#,#,#,#,#,#,#,
212,#,#,#,#,#,#,#,#,#,#,#,#,#,#,#,#,#,#,#,#,#,#,#,.,#,#,#,%,.,.,.,.,.,.,.,^,.,.,.,^,.,#,#,#,#,.,.,.,%,%,#,#,%,^,^,#,%,#,^,#,.,^,%,#,#,#,#,^,#,#,#,.,#,#,%,.,.,#,.,#,.,#,.,.,^,#,#,#,#,.,.,%,%,%,#,#,.,^,.,#,%,#,%,#,.,.,%,#,#,#,#,.,#,#,#,.,#,#,.,.,.,%,%,.,^,.,^,.,.,^,%,#,#,.,^,%,.,.,^,^,.,.,^,.,.,%,%,.,.,.,.,.,.,#,#,.,.,.,%,^,^,#,#,#,#,#,#,.,^,.,.,.,#,#,#,#,#,%,.,#,.,.,.,.,.,%,.,#,#,%,^,%,.,^,.,.,^,#,#,.,^,.,.,.,.,#,#,#,#,#,#,^,%,.,#,#,#,.,.,#,#,%,.,.,.,.,.,%,.,.,.,#,#,.,.,.,.,.,.,.,.,#,#,.,.,^,^,.,%,#,S,#,.,^,.,.,.,.,%,%,.,.,.,#,#,#,#,#,#,.,.,#,.,#,.,.,.,.,#,#,.,#,P,#,#,#,#,.,%,.,.,.,.,.,.,^,^,.,F,^,#,#,.,.,.,^,.,#,#,#,#,#,#,.,.,#,.,#,.,%,^,.,#,#,^,#,#,#,#,#,#,.,.,%,^,.,.,#,.,#,.,.,.,.,#,#,%,%,%,.,%,#,#,.,.,.,%,.,%,.,.,.,.,#,#,^,#,#,.,#,#,#,.,#,#,%,#,#,#,#,.,#,.,#,.,#,#,%,#,#,^,.,^,^,^,#,#,.,.,.,.,.,.,#,%,#,.,^,%,^,.,%,%,#,#,#,.,#,#,.,#,#,#,#,.,#,%,#,.,#,#,%,#,#,^,.,%,.,.,#,#,.,.,.,.,.,.,%,.,.,.,#,#,^,#,#,^,#,#,#,%,#,#,#,#,#,#,#,#,#,#,#,#,#,#,#,#,#,#,#,#,#,#,#,
213,#,#,#,#,#,#,#,#,#,#,#,#,#,#,#,#,#,#,#,#,#,#,#,^,.,%,#,#,#,#,.,#,#,#,.,.,.,#,^,.,%,.,.,#,#,%,%,^,#,#,#,#,%,#,#,.,%,#,.,^,.,.,.,#,#,#,#,.,^,.,#,#,%,%,.,.,.,.,#,#,#,%,^,.,.,#,#,#,#,^,.,^,#,#,#,#,.,#,#,%,.,#,.,^,%,^,.,#,#,#,#,.,.,.,.,.,#,#,.,#,#,#,.,.,.,#,.,.,.,#,#,#,#,#,#,.,.,.,.,^,%,%,^,.,.,.,.,^,.,#,#,#,.,#,#,#,#,%,.,.,.,^,#,#,#,#,#,.,.,.,.,.,.,.,^,#,#,#,#,.,.,.,.,%,^,.,%,#,#,.,%,^,.,#,#,#,.,#,#,#,#,%,.,.,#,#,#,.,.,#,#,.,.,.,^,.,.,.,^,#,#,.,.,%,.,.,.,%,.,^,.,#,#,.,.,.,.,#,#,#,.,#,#,.,#,#,#,.,.,.,.,.,%,.,.,.,.,%,%,^,.,.,.,#,#,%,.,.,.,%,.,.,#,#,#,#,#,#,.,.,^,#,^,#,.,#,#,%,#,#,#,.,.,.,%,.,%,.,.,.,.,.,%,#,.,#,^,#,#,.,%,%,%,.,#,#,#,.,.,.,%,#,#,#,%,P,.,#,.,#,#,^,#,#,#,^,%,.,^,.,.,.,F,^,.,.,%,%,^,.,.,#,#,^,.,.,S,.,.,.,.,.,%,#,#,.,.,^,.,.,.,.,^,#,#,.,.,#,#,#,.,#,#,#,#,#,#,^,.,.,#,.,#,.,#,#,#,%,.,.,.,.,^,^,.,%,.,#,#,.,.,.,#,.,#,%,#,#,#,#,#,#,.,.,.,#,#,#,#,#,#,.,%,.,#,.,#,.,#,#,#,.,^,^,^,.,.,.,.,.,.,%,%,.,.,.,%,.,.,.,.,#,#,#,#,#,#,#,#,#,#,#,#,#,#,#,#,#,#,#,#,#,#,#,
214,#,#,#,#,#,#,#,#,#,#,#,#,#,#,#,#,#,#,#,#,#,#,#,.,.,.,%,.,.,.,.,%,.,%,.,.,.,.,.,.,.,^,.,#,#,^,#,.,#,^,#,#,#,.,.,.,%,#,#,#,.,.,^,#,#,#,#,.,#,^,#,.,.,.,^,%,.,.,.,^,.,%,%,.,.,#,#,#,#,.,#,.,#,.,S,.,#,#,#,#,#,#,.,%,.,.,.,#,#,#,#,.,#,.,#,.,.,.,.,^,.,%,.,.,.,^,.,.,.,#,#,#,#,.,.,%,.,.,#,#,.,#,#,^,^,.,.,.,.,^,%,.,.,#,#,.,#,.,#,.,#,#,.,#,#,.,#,^,#,%,#,#,#,.,%,#,#,.,#,%,#,%,.,.,.,.,^,^,#,.,#,.,.,.,^,^,%,#,#,.,#,^,#,^,#,#,^,#,#,.,#,%,#,.,.,.,#,#,#,#,#,.,#,.,#,.,#,#,.,#,#,.,#,.,#,.,.,.,.,^,.,#,#,.,%,%,#,#,.,.,.,.,.,.,.,.,.,.,.,^,.,%,.,#,#,.,%,.,#,#,#,.,#,%,#,^,#,.,#,.,.,%,.,.,.,#,#,.,^,%,#,#,#,.,#,.,#,^,P,.,#,.,.,%,#,.,%,#,#,.,%,.,#,#,#,.,#,.,#,.,#,%,#,^,.,.,%,^,.,#,#,.,.,%,.,^,.,.,%,.,.,.,.,.,.,^,.,.,.,^,%,#,#,.,.,.,.,.,.,^,.,.,.,#,#,.,.,.,.,.,.,.,%,#,#,.,.,.,#,#,#,#,^,^,.,#,#,^,%,.,.,.,#,#,#,#,#,^,.,%,#,#,#,#,^,.,.,#,#,.,^,.,%,.,.,%,^,#,#,.,.,.,#,#,#,#,.,F,^,#,#,.,.,.,#,#,#,%,.,#,#,.,^,^,#,#,#,#,%,.,%,.,.,^,%,%,.,.,^,.,.,#,#,#,#,#,#,#,#,#,#,#,#,#,#,#,#,#,#,#,#,#,#,#,
215,#,#,#,#,#,#,#,#,#,#,#,#,#,#,#,#,#,#,#,#,#,#,#,%,^,%,^,.,.,#,.,#,%,.,.,.,.,.,^,#,^,#,.,#,#,^,.,.,#,#,^,#,.,#,%,#,#,#,%,.,.,#,%,#,.,#,#,.,.,.,#,#,.,#,%,#,^,^,.,%,.,.,^,^,%,.,.,#,#,.,.,.,#,#,%,#,.,#,.,^,.,#,#,#,%,#,.,#,.,#,#,%,.,%,#,#,.,%,.,.,.,.,%,%,^,.,.,#,.,#,.,#,#,.,.,^,#,#,.,.,.,.,^,.,%,.,.,^,.,.,%,%,^,#,#,.,^,.,#,#,#,#,.,.,.,.,#,.,#,.,.,#,.,#,%,#,#,.,%,.,#,#,#,#,.,^,.,^,#,.,#,.,.,P,^,#,^,#,#,.,%,^,#,#,#,#,.,%,.,.,#,.,#,%,.,#,.,#,.,#,#,.,.,.,%,.,#,#,.,.,.,.,#,.,#,%,.,.,.,^,%,#,#,^,#,.,#,.,.,^,.,%,.,^,^,.,^,.,.,.,%,.,%,#,#,%,#,.,#,.,#,.,#,.,#,^,.,#,^,^,#,^,#,.,#,#,#,.,#,.,#,^,#,%,#,.,#,.,%,.,%,.,#,.,#,%,#,#,#,.,#,.,#,^,#,.,#,.,#,.,.,#,%,.,#,^,#,.,#,#,#,.,.,.,.,.,.,.,^,.,.,.,^,.,.,.,.,.,.,%,.,#,#,#,%,.,^,#,.,.,.,.,^,.,.,.,.,%,.,.,.,.,.,#,#,.,.,#,.,^,#,.,#,%,#,#,.,#,.,#,.,.,^,#,#,#,#,.,#,#,#,^,#,.,#,.,#,#,.,#,.,#,.,.,.,#,#,#,#,.,.,#,.,.,#,.,#,.,#,#,.,#,.,#,.,.,.,#,#,#,#,#,^,.,.,#,F,^,.,%,.,S,.,^,.,.,.,.,.,#,#,#,#,#,#,#,#,#,#,#,#,#,#,#,#,#,#,#,#,#,#,#,#,#,
216,#,#,#,#,#,#,#,#,#,#,#,#,#,#,#,#,#,#,#,#,#,#,#,.,.,.,.,%,.,.,.,%,.,.,.,%,%,.,%,.,.,%,.,#,#,.,#,%,#,.,.,#,%,#,.,#,.,#,^,#,#,#,#,#,^,#,#,.,#,^,#,%,.,#,.,#,.,#,.,#,^,#,.,.,.,%,.,#,#,.,#,.,#,%,.,#,^,#,^,#,.,#,.,#,#,#,#,#,^,#,#,.,^,^,%,.,.,^,.,^,%,.,^,.,.,%,.,%,%,%,.,#,#,#,#,.,^,.,.,.,F,.,%,.,.,.,.,.,.,#,%,#,.,#,#,#,#,%,%,.,%,#,.,#,.,%,.,#,.,%,^,#,.,#,.,#,#,#,#,^,%,.,.,#,%,#,.,.,^,.,%,.,.,.,%,^,.,#,#,#,#,%,.,.,.,#,.,#,.,.,^,#,.,^,.,#,.,#,.,#,#,%,.,.,.,.,.,.,.,.,%,.,.,%,.,.,^,#,.,#,.,#,#,^,%,%,.,.,.,%,.,.,^,S,.,.,^,.,^,^,.,%,.,#,#,.,%,.,#,#,.,#,.,#,.,.,#,^,#,.,#,P,#,#,.,#,#,.,^,.,#,#,.,#,.,#,%,^,#,.,#,.,.,.,%,%,%,#,#,%,%,^,#,#,.,#,.,#,.,.,#,^,#,^,#,#,#,#,^,#,#,%,.,.,#,#,^,.,.,^,.,.,.,.,^,.,.,^,%,.,.,#,#,%,.,.,.,.,.,#,#,#,.,#,#,.,#,#,#,#,.,#,#,#,#,.,.,.,#,#,.,^,.,^,%,#,#,.,#,#,#,#,^,#,#,#,#,.,^,.,#,#,.,#,#,#,.,^,%,.,.,.,%,^,.,^,.,#,#,.,.,%,#,#,^,%,.,.,.,#,#,.,#,#,#,#,%,#,#,#,#,^,.,.,#,#,.,#,#,#,.,#,#,.,#,#,#,#,.,#,#,#,#,#,#,#,#,#,#,#,#,#,#,#,#,#,#,#,#,#,#,#,#,#,
217,#,#,#,#,#,#,#,#,#,#,#,#,#,#,#,#,#,#,#,#,#,#,#,#,.,.,.,#,.,#,.,#,^,#,#,%,%,.,#,#,.,.,%,#,#,.,.,#,%,%,.,#,S,#,^,#,#,.,.,^,#,#,.,.,.,#,#,^,#,#,#,.,^,#,^,#,^,#,#,.,.,.,#,#,.,.,^,#,#,.,.,#,^,.,.,#,^,#,.,#,#,.,%,^,#,#,.,.,.,#,#,#,^,.,.,#,%,.,.,.,.,.,%,.,.,.,.,%,.,^,^,#,#,#,#,.,P,#,.,.,.,.,.,.,^,.,.,.,%,.,.,.,^,#,#,#,#,%,#,#,#,#,.,%,%,.,^,^,.,.,.,.,#,#,#,#,#,^,.,.,.,.,#,#,^,.,.,^,.,#,.,.,.,.,.,.,%,#,#,#,#,.,#,#,#,#,.,%,.,.,%,.,.,%,#,#,#,.,^,#,#,#,#,.,#,#,#,#,.,.,.,^,.,.,.,^,^,.,.,.,.,#,#,#,#,.,.,.,.,#,.,#,.,.,.,.,.,.,^,.,.,.,^,#,#,#,#,%,.,.,.,#,.,#,.,#,%,#,.,#,#,#,#,^,%,#,#,#,#,^,^,^,.,^,.,%,^,#,^,#,.,#,.,.,.,.,.,#,#,#,#,^,.,.,.,#,.,#,.,#,.,#,.,#,.,.,#,#,#,#,#,.,.,.,%,.,.,#,.,#,.,.,.,.,.,%,.,.,.,.,%,#,#,.,%,%,.,.,.,.,.,.,F,.,^,.,^,.,%,^,%,.,.,#,#,#,#,#,^,.,.,#,#,#,#,.,#,.,#,.,.,#,#,#,#,#,#,.,.,.,.,.,^,.,.,^,.,%,#,.,#,.,%,^,.,^,.,#,#,.,.,#,#,#,.,#,#,#,#,%,#,^,#,^,.,#,#,#,#,#,#,.,.,.,.,.,^,.,.,^,.,.,#,^,#,%,.,.,.,.,.,#,#,#,#,#,#,#,#,#,#,#,#,#,#,#,#,#,#,#,#,#,#,#,
218,#,#,#,#,#,#,#,#,#,#,#,#,#,#,#,#,#,#,#,#,#,#,#,%,.,^,.,^,%,^,.,.,.,.,.,.,%,.,.,#,.,#,.,#,#,.,.,.,#,#,^,.,.,#,#,#,#,.,.,.,.,#,.,#,%,#,#,.,.,.,#,#,.,.,.,P,#,#,#,%,.,%,^,#,.,#,.,#,#,.,.,.,#,#,^,.,.,#,#,#,#,.,%,.,.,#,.,#,.,#,#,.,%,.,#,#,.,%,.,#,#,#,#,%,%,%,.,^,^,.,.,#,#,#,#,%,%,%,.,^,.,.,^,.,#,%,#,.,%,.,^,.,^,#,#,#,#,.,.,%,#,#,#,.,.,.,#,%,#,^,#,%,#,^,#,#,#,#,#,^,.,^,.,%,.,S,.,.,#,^,#,.,#,^,#,.,#,#,#,#,#,^,%,.,.,.,#,#,#,.,#,.,#,.,#,.,#,.,#,#,#,^,^,.,^,.,.,.,.,^,^,.,.,.,^,.,^,.,.,.,.,#,#,.,.,.,.,.,.,.,.,%,.,.,.,.,^,.,.,.,.,^,%,#,#,.,%,#,#,#,#,%,#,%,#,%,^,.,#,#,%,#,.,#,.,#,#,.,%,.,.,.,#,%,#,.,#,%,.,.,#,#,.,#,.,#,.,#,#,#,#,#,%,.,#,.,#,^,#,.,.,.,#,#,.,#,%,#,%,#,#,.,.,%,.,.,^,%,.,%,%,.,%,.,#,#,.,.,.,^,.,#,#,.,.,^,.,.,.,.,.,^,.,%,%,.,.,.,#,#,^,.,.,#,#,#,#,#,.,.,.,%,#,.,.,.,^,^,.,.,#,#,%,.,.,#,#,.,.,^,.,.,.,.,^,.,^,^,F,#,%,.,#,#,.,%,.,#,#,^,%,#,#,#,.,%,#,^,%,^,.,.,.,.,#,#,.,^,^,#,#,^,.,.,.,.,%,.,.,.,.,.,.,%,%,.,.,.,^,^,.,#,#,#,#,#,#,#,#,#,#,#,#,#,#,#,#,#,#,#,#,#,#,#,
219,#,#,#,#,#,#,#,#,#,#,#,#,#,#,#,#,#,#,#,#,#,#,#,#,#,.,^,.,.,%,.,.,.,.,#,#,#,.,.,.,.,.,.,#,#,#,#,.,.,.,#,#,.,^,.,.,^,^,^,.,%,.,#,P,#,#,#,#,#,.,^,^,#,#,.,^,^,.,#,#,#,.,%,^,.,.,.,#,#,#,#,.,%,.,#,#,^,^,%,.,.,.,^,.,#,#,#,.,%,#,#,.,^,%,^,.,#,#,^,.,.,.,#,#,#,.,.,.,.,^,.,#,#,#,#,^,.,^,%,#,#,#,.,#,.,.,%,#,#,#,.,#,#,#,#,#,#,.,.,.,F,^,^,.,.,.,.,#,.,.,#,#,.,#,#,#,#,#,#,^,%,%,.,#,#,#,.,.,#,#,#,.,%,.,.,.,.,#,#,#,#,.,.,.,.,%,.,.,.,.,^,#,.,.,#,#,.,#,#,#,#,.,%,.,%,.,^,#,#,#,.,#,.,.,.,#,#,#,%,#,#,#,#,^,.,.,%,^,.,.,.,%,.,.,.,.,#,#,^,^,.,#,#,#,#,%,^,#,#,#,.,.,.,#,#,.,.,.,#,#,.,.,^,#,#,#,#,^,%,.,.,%,^,.,.,#,#,^,.,.,#,#,.,.,^,#,#,#,#,#,#,#,^,^,^,.,.,#,#,.,%,.,#,#,^,.,%,#,#,#,#,^,.,.,.,.,^,.,^,#,#,.,.,S,.,^,.,.,^,.,.,#,#,.,.,.,.,.,#,.,.,^,#,#,.,.,.,#,.,^,.,^,.,#,#,#,#,#,#,.,.,.,#,%,.,.,.,#,.,.,.,^,%,#,#,#,#,^,.,.,.,.,.,#,#,#,.,.,#,#,#,%,%,.,.,#,#,#,#,#,#,#,#,.,.,.,#,.,.,.,.,#,.,%,.,.,.,#,#,#,#,.,^,%,.,^,#,^,.,.,#,#,%,.,%,#,.,.,%,#,#,#,#,#,#,#,#,#,#,#,#,#,#,#,#,#,#,#,#,#,#,#,#,#,
220,#,#,#,#,#,#,#,#,#,#,#,#,#,#,#,#,#,#,#,#,#,#,#,^,^,.,#,#,%,%,.,^,.,.,%,%,.,.,.,.,.,^,.,#,#,%,%,.,#,#,.,^,.,.,.,.,.,^,%,%,.,%,.,.,.,#,#,^,.,.,#,#,.,.,#,^,%,^,.,#,%,.,.,.,#,.,.,#,#,.,.,.,#,#,%,.,.,.,.,.,.,^,.,%,.,.,.,.,^,#,#,^,^,.,^,.,.,.,.,.,.,^,^,.,.,^,.,%,^,.,.,#,#,.,#,%,#,.,^,#,.,#,.,.,.,.,%,^,.,.,^,^,.,#,#,.,#,^,#,%,.,#,.,#,.,%,.,#,#,#,.,#,.,#,.,#,#,.,.,^,.,.,^,#,^,#,.,.,.,.,%,.,.,#,.,#,.,#,#,.,#,%,#,.,.,#,.,#,.,#,#,#,.,%,^,#,.,#,.,#,#,.,#,.,#,.,.,.,^,^,%,%,.,%,.,^,^,#,.,#,.,#,#,.,%,.,.,%,#,#,.,.,.,#,.,.,^,#,^,.,.,%,.,#,#,S,^,#,#,#,#,#,.,F,%,.,.,#,^,^,#,#,#,%,.,#,#,.,.,.,.,.,#,#,.,^,.,.,#,#,#,%,.,%,.,.,.,#,#,#,#,#,^,.,#,#,^,.,^,.,.,#,%,^,.,.,#,#,#,#,#,%,^,^,%,.,%,^,.,^,%,#,.,.,.,#,.,^,.,.,.,#,#,%,.,%,.,.,.,.,.,.,.,%,.,.,.,.,#,#,.,#,#,#,#,.,#,.,#,.,.,#,.,#,.,#,^,#,.,#,#,#,.,#,#,#,#,.,#,.,#,%,.,P,.,#,^,#,.,#,^,#,%,.,.,%,^,#,#,^,#,.,#,.,.,#,.,#,%,#,.,#,.,#,#,#,.,#,#,#,#,^,#,%,#,%,%,.,.,.,.,.,.,.,.,^,#,#,.,#,#,#,#,#,#,#,#,#,#,#,#,#,#,#,#,#,#,#,#,#,#,#,#,#,
221,#,#,#,#,#,#,#,#,#,#,#,#,#,#,#,#,#,#,#,#,#,#,#,.,#,^,#,.,#,#,.,.,.,^,.,.,.,^,%,%,%,.,.,#,#,.,#,%,#,%,#,#,.,^,.,#,#,#,.,.,#,#,#,%,.,#,#,.,.,.,.,%,#,#,.,.,^,.,.,.,.,.,.,^,.,.,%,#,#,.,#,%,#,.,#,#,.,%,.,.,^,#,#,#,.,.,#,#,#,#,#,^,#,.,#,.,%,^,.,.,.,.,^,%,^,.,.,.,.,%,.,#,#,^,.,.,.,.,#,#,^,P,#,.,#,.,#,%,.,.,^,.,.,#,#,.,^,#,#,#,#,#,.,#,#,.,#,.,#,^,.,.,^,.,.,#,#,%,^,.,.,.,.,.,.,.,%,.,.,%,^,^,%,%,#,.,.,#,#,#,#,#,.,.,#,#,.,#,#,%,#,.,#,.,.,%,%,.,.,#,#,.,.,^,^,.,#,#,^,#,#,.,#,.,#,.,.,^,%,.,.,#,#,%,.,.,.,^,.,.,.,%,.,%,.,.,^,.,.,.,.,^,.,#,#,.,^,#,#,#,#,#,#,^,.,.,.,#,#,#,#,.,#,^,#,#,#,.,.,.,^,F,.,%,^,%,.,^,.,.,^,.,#,.,#,.,#,#,#,#,#,#,.,%,.,%,#,#,#,#,#,#,.,.,#,^,#,.,#,#,#,^,%,.,.,.,.,^,.,.,.,.,^,^,.,.,^,^,^,.,.,#,#,.,.,%,.,%,^,#,#,#,%,.,^,.,%,.,.,.,.,.,.,#,#,.,.,#,^,%,%,%,%,.,.,#,#,^,.,.,%,.,.,#,#,#,#,.,.,.,S,%,.,#,#,#,.,#,#,.,.,%,.,^,%,#,#,#,#,.,.,#,.,.,%,^,.,^,%,#,#,.,.,^,.,.,%,#,#,#,#,.,.,^,.,^,.,#,#,#,^,#,#,.,.,.,^,.,.,#,#,#,#,#,#,#,#,#,#,#,#,#,#,#,#,#,#,#,#,#,#,#,#,#,
222,#,#,#,#,#,#,#,#,#,#,#,#,#,#,#,#,#,#,#,#,#,#,#,#,.,%,.,#,.,.,.,%,%,.,#,.,#,.,.,%,.,%,.,#,#,.,.,#,%,.,%,#,%,#,.,.,#,.,#,%,.,#,^,#,.,#,#,.,#,#,#,^,^,#,.,#,.,.,#,.,#,.,.,#,^,#,%,#,#,.,.,#,.,^,.,#,.,#,.,%,#,^,#,%,%,#,%,#,%,#,#,P,.,%,.,#,.,#,.,#,.,^,.,.,.,%,.,#,.,#,.,#,#,.,.,.,^,^,.,#,^,#,.,F,.,.,#,#,.,#,#,#,.,#,#,.,.,.,.,.,.,#,.,#,%,.,.,^,#,#,%,.,.,.,.,#,#,.,.,#,%,.,^,^,^,.,.,%,%,.,#,#,.,#,#,#,^,#,#,.,.,^,.,.,^,#,.,#,.,.,.,.,#,#,.,.,%,^,^,#,#,%,.,%,.,.,.,#,.,#,.,.,^,.,%,.,^,#,#,#,.,#,#,%,^,.,.,.,.,^,.,.,.,.,^,^,%,%,^,.,.,.,.,#,#,^,.,#,#,#,.,%,.,#,#,.,#,.,#,.,.,.,#,#,#,#,#,.,.,.,.,.,^,.,.,#,#,.,#,.,#,%,.,%,^,.,.,#,#,#,#,#,%,.,.,.,^,#,#,%,#,.,#,.,#,#,#,S,.,#,#,^,.,.,.,%,%,^,^,#,#,.,.,.,.,.,.,.,%,.,%,#,#,.,#,%,#,^,.,.,.,.,.,.,^,.,#,#,.,^,.,%,.,#,#,.,#,.,#,^,^,.,#,.,%,.,.,^,#,#,#,.,#,.,#,#,#,.,#,.,#,.,^,.,%,.,%,^,.,.,#,#,#,.,#,.,#,#,#,.,#,.,#,.,.,.,#,.,%,.,^,.,#,#,#,.,#,%,#,#,#,.,.,.,.,.,.,.,.,.,.,.,.,.,.,.,^,.,.,^,.,#,#,#,#,#,#,#,#,#,#,#,#,#,#,#,#,#,#,#,#,#,#,#,
223,#,#,#,#,#,#,#,#,#,#,#,#,#,#,#,#,#,#,#,#,#,#,#,.,#,.,#,^,.,#,.,#,.,.,^,.,.,.,^,%,.,%,.,#,#,.,#,.,#,.,%,#,.,#,.,#,.,#,.,#,.,.,.,.,.,#,#,^,#,%,#,.,^,#,.,#,.,#,.,#,.,#,.,^,#,%,%,#,#,.,#,%,#,.,.,#,^,#,.,#,.,#,%,#,.,.,F,%,.,#,#,.,.,%,.,%,%,.,.,.,^,.,.,.,.,.,.,.,.,.,%,#,#,.,^,.,^,.,%,#,#,#,.,.,.,^,%,.,%,^,.,.,.,#,#,#,.,#,.,#,%,.,.,.,%,.,.,#,#,#,^,#,^,#,.,#,#,#,^,#,^,#,.,#,#,#,.,.,%,.,.,^,.,#,.,#,.,#,#,#,.,#,.,#,%,.,.,%,^,#,#,#,^,.,.,#,.,#,.,#,#,.,%,%,.,^,.,#,#,#,.,.,^,^,.,%,.,.,.,.,^,#,#,^,.,.,^,.,.,^,.,.,.,.,#,^,#,.,.,.,^,%,^,#,#,.,.,%,.,%,.,.,#,#,#,^,#,.,#,.,%,#,.,#,^,#,#,.,.,#,.,.,.,%,.,.,.,.,.,^,.,%,.,#,.,#,.,#,#,^,.,%,%,.,#,#,#,.,^,^,#,^,#,%,^,#,%,#,^,#,#,.,%,%,^,.,%,%,%,.,%,.,#,%,#,%,.,%,%,^,^,#,#,.,#,.,#,%,#,.,.,.,#,.,^,^,.,%,.,.,.,.,.,#,#,%,#,%,#,.,.,^,#,.,.,.,.,.,#,#,%,#,.,#,.,#,#,^,#,.,#,.,.,P,#,#,.,%,%,^,#,#,.,#,.,#,.,#,#,.,#,.,#,.,.,.,#,%,.,.,.,.,#,#,.,#,%,#,.,#,#,.,%,.,%,%,#,.,%,.,#,S,^,.,#,#,.,#,.,#,.,#,#,#,#,#,#,#,#,#,#,#,#,#,#,#,#,#,#,#,#,#,#,#,
224,#,#,#,#,#,#,#,#,#,#,#,#,#,#,#,#,#,#,#,#,#,#,#,.,#,.,#,.,.,.,%,.,^,%,.,%,.,.,#,#,.,#,#,#,#,.,#,.,#,.,.,%,#,#,#,#,#,^,.,^,#,#,%,#,#,#,#,^,#,%,#,.,^,.,.,%,.,#,#,%,.,.,.,^,.,%,.,#,#,%,#,.,P,F,#,#,#,%,.,#,#,.,.,^,#,#,.,#,#,#,#,%,.,.,^,.,.,.,.,.,.,#,#,%,.,.,#,#,^,#,#,#,#,^,#,#,#,.,.,^,^,^,.,.,.,.,%,%,.,.,.,.,^,#,#,%,.,%,.,.,%,#,#,#,#,.,.,#,.,.,%,.,#,.,^,#,#,%,#,#,#,.,^,%,.,%,.,.,.,^,%,%,.,.,.,.,^,#,#,.,%,.,.,.,.,#,#,#,#,%,.,#,.,.,.,.,#,.,.,#,#,.,#,#,#,.,.,%,^,.,^,.,%,.,^,.,.,.,.,%,.,#,#,#,.,^,.,#,#,#,^,#,#,#,#,%,#,#,.,.,.,.,%,#,#,.,.,#,.,.,#,#,.,#,#,#,#,%,#,#,^,#,.,#,%,#,#,.,#,#,#,.,%,%,%,^,^,^,.,.,%,.,.,#,^,#,%,#,#,.,%,#,.,.,#,#,%,#,#,#,#,%,#,#,.,#,%,#,^,#,#,#,^,%,.,#,#,#,.,#,#,#,#,.,#,#,^,#,.,#,S,#,#,^,.,.,.,%,.,.,^,#,#,.,#,^,#,.,.,.,^,#,#,#,#,#,.,#,.,#,%,.,.,#,#,.,#,%,#,.,^,%,.,#,#,#,#,#,.,#,.,#,%,.,.,#,#,%,#,.,#,.,.,.,%,#,#,#,#,#,.,#,.,#,%,.,.,#,#,%,#,.,#,%,.,^,%,#,#,#,#,.,.,^,.,^,.,%,.,^,.,.,^,.,.,.,.,.,%,.,.,#,#,#,#,#,#,#,#,#,#,#,#,#,#,#,#,#,#,#,#,#,#,#,
225,#,#,#,#,#,#,#,#,#,#,#,#,#,#,#,#,#,#,#,#,#,#,#,.,.,.,.,.,#,#,^,.,%,.,.,.,.,.,^,#,#,#,.,#,#,.,%,#,.,.,#,#,^,.,.,.,%,%,.,%,.,.,.,.,.,#,#,%,.,%,^,.,#,#,^,.,%,.,.,#,.,^,.,#,#,#,.,#,#,.,.,#,^,.,#,#,.,.,.,%,^,.,.,.,.,%,.,.,.,#,#,.,.,.,%,%,.,%,.,.,^,.,%,%,.,^,%,#,#,#,.,#,#,#,#,.,^,.,#,#,^,#,#,%,.,.,.,.,%,^,%,.,^,#,#,#,#,.,.,.,#,#,.,#,#,.,#,#,#,#,%,.,#,^,%,#,#,#,#,.,.,.,%,F,.,%,.,^,.,%,^,%,.,.,.,.,.,#,#,#,#,^,.,.,#,#,%,#,#,.,#,#,#,#,.,.,#,.,%,#,#,^,.,.,%,%,#,P,.,#,#,^,.,.,%,.,^,.,.,^,%,#,#,.,^,.,#,#,.,.,^,.,.,.,.,%,.,.,%,.,.,.,.,#,#,%,.,.,#,#,.,#,.,#,^,.,#,.,#,%,^,^,.,#,#,#,#,^,.,.,#,#,.,#,^,#,.,.,#,.,#,.,%,.,^,#,#,#,#,.,.,.,#,#,.,#,.,#,%,.,#,^,#,%,.,.,.,#,#,#,#,.,.,.,.,%,%,#,%,#,.,.,.,.,.,.,^,^,.,#,#,#,#,.,.,%,.,.,%,#,.,#,.,.,.,^,#,#,.,.,.,.,.,#,#,#,#,.,.,.,.,#,%,#,%,.,%,.,#,#,#,^,#,S,#,#,#,#,#,.,%,%,^,.,^,.,^,.,.,.,#,#,#,.,#,.,#,#,#,#,#,.,.,^,.,#,.,#,.,.,.,.,#,#,#,.,#,.,#,#,#,#,#,.,^,.,.,#,.,#,^,.,.,.,.,.,.,.,%,.,.,#,#,#,#,#,#,#,#,#,#,#,#,#,#,#,#,#,#,#,#,#,#,#,
226,#,#,#,#,#,#,#,#,#,#,#,#,#,#,#,#,#,#,#,#,#,#,#,.,.,^,.,.,.,#,#,#,.,.,#,.,#,.,.,.,.,.,.,#,#,#,#,.,.,.,.,.,.,.,.,.,#,%,#,.,.,#,.,#,%,#,#,#,#,.,.,.,%,#,#,#,.,.,.,.,.,^,.,#,.,#,%,#,#,#,#,.,.,.,%,.,.,F,.,^,#,%,#,^,.,#,%,#,.,#,#,#,#,.,.,.,.,#,#,#,.,.,#,.,#,.,^,.,^,.,.,#,#,#,^,^,.,#,.,.,.,%,.,#,.,.,.,#,%,.,.,.,.,#,#,.,%,#,%,.,#,#,#,#,%,.,.,#,.,^,.,#,#,#,#,#,#,%,#,#,#,.,.,%,.,.,.,.,#,#,#,^,%,^,.,^,.,#,#,.,S,#,.,.,#,#,#,#,%,.,.,#,.,.,.,#,#,#,#,#,#,#,%,.,.,#,^,%,.,.,.,#,.,^,^,#,.,.,.,.,.,#,#,%,.,%,#,#,.,.,.,.,.,.,.,^,.,.,.,.,^,^,.,#,#,.,%,.,#,#,.,%,.,#,#,#,#,#,.,.,^,%,#,#,#,#,#,^,.,^,#,#,.,^,^,#,#,%,.,.,.,%,.,%,%,.,.,#,#,.,%,.,#,#,.,.,^,#,#,.,.,#,#,#,P,#,#,^,^,#,#,.,^,.,^,.,.,^,.,#,#,.,.,.,.,.,.,.,%,%,.,#,#,#,#,.,#,#,.,.,.,.,.,%,#,#,#,.,#,.,%,.,#,#,#,#,#,^,#,#,#,%,#,.,#,^,^,%,.,.,.,^,#,.,.,#,#,^,%,.,.,%,#,.,#,.,#,^,#,#,#,^,.,#,#,#,.,#,#,#,#,.,#,#,#,.,#,.,#,.,.,.,%,%,.,^,#,%,.,#,#,#,#,%,#,#,.,^,.,.,.,.,#,#,#,.,#,.,%,.,#,#,#,#,#,#,#,#,#,#,#,#,#,#,#,#,#,#,#,#,#,#,#,#,
227,#,#,#,#,#,#,#,#,#,#,#,#,#,#,#,#,#,#,#,#,#,#,#,^,.,^,.,.,^,.,.,.,.,%,.,%,.,^,%,%,%,.,.,#,#,S,#,.,#,.,%,.,#,#,#,#,#,#,#,.,#,.,#,^,#,#,#,.,#,.,#,.,.,^,^,.,.,.,^,.,^,.,#,^,#,.,#,#,#,%,#,^,#,%,#,#,#,%,.,#,#,#,#,.,#,.,#,.,#,#,#,.,.,F,^,.,.,.,%,.,^,.,%,%,.,.,.,.,.,%,.,#,#,.,#,.,#,.,.,%,.,.,.,^,.,.,.,.,.,.,^,.,^,#,#,.,#,^,#,.,#,#,^,.,.,.,#,%,#,.,.,%,.,#,#,#,#,.,#,.,#,.,#,P,.,.,.,.,#,%,#,^,.,.,.,#,#,#,#,.,#,.,#,.,#,#,.,.,.,.,#,.,#,.,%,.,.,#,#,#,#,.,^,.,.,.,#,#,.,.,.,%,%,.,.,.,.,.,^,#,#,#,#,^,.,.,.,.,^,^,.,.,^,.,%,^,.,.,.,.,.,%,^,#,#,%,.,#,#,#,%,.,.,#,#,.,.,^,#,#,#,#,#,.,.,#,#,.,.,.,%,.,%,.,%,#,#,.,^,.,#,#,.,%,.,.,^,#,#,#,#,#,.,.,%,.,.,#,#,.,%,.,#,#,.,^,#,#,#,#,#,.,.,%,.,.,%,.,%,#,#,%,.,.,#,#,.,%,%,.,%,#,#,.,.,.,#,#,%,^,.,.,.,.,%,.,.,.,.,.,.,^,.,#,#,%,.,.,#,#,#,%,#,.,#,#,#,#,.,^,.,.,#,#,#,#,#,.,^,.,#,#,#,.,#,.,#,.,^,.,.,.,.,.,%,%,.,#,#,.,.,^,#,#,#,.,#,.,#,.,%,#,#,#,#,#,#,.,.,#,#,.,.,.,.,%,.,^,%,.,.,%,.,.,.,%,.,%,.,.,.,#,#,#,#,#,#,#,#,#,#,#,#,#,#,#,#,#,#,#,#,#,#,#,
228,#,#,#,#,#,#,#,#,#,#,#,#,#,#,#,#,#,#,#,#,#,#,#,.,.,%,.,.,^,.,.,#,#,.,.,^,%,.,.,.,^,.,.,#,#,^,#,.,#,.,.,%,.,#,#,.,.,#,#,#,%,#,#,#,#,#,#,.,#,%,#,.,.,%,.,#,#,.,^,.,.,.,^,%,.,%,^,#,#,^,#,.,#,.,.,^,^,#,#,#,#,#,%,.,.,#,#,#,#,#,#,%,.,.,.,%,%,.,F,.,.,.,%,^,^,S,^,^,^,%,%,#,#,%,#,.,#,.,.,.,.,.,^,.,.,%,%,%,.,#,^,#,%,#,#,.,#,^,#,.,.,#,.,#,.,.,^,^,#,#,.,#,.,#,%,#,#,.,^,.,%,.,.,#,%,#,^,.,.,.,#,#,^,#,.,#,%,#,#,.,#,.,#,.,.,#,.,#,.,.,.,.,#,#,.,#,.,#,.,#,#,.,#,.,#,%,.,#,.,#,.,.,.,%,#,#,.,.,.,%,^,#,#,.,#,#,#,.,^,%,%,^,%,#,#,.,#,#,%,.,%,^,.,#,#,.,.,.,.,.,%,^,.,#,#,#,#,^,#,#,#,#,#,#,.,#,#,.,#,#,P,.,%,.,%,#,#,.,.,.,.,%,.,^,%,.,.,#,#,%,.,.,.,.,.,^,.,#,#,#,#,.,#,#,#,#,#,#,^,#,#,%,#,#,#,^,.,^,%,#,#,#,#,.,#,#,.,.,.,^,^,#,#,.,^,.,.,.,%,.,.,.,%,#,#,^,#,#,^,#,^,#,.,#,#,^,#,^,#,.,#,.,#,.,#,#,#,.,#,#,.,#,.,#,%,#,#,%,#,.,#,^,#,%,#,.,#,.,.,%,.,%,.,#,.,#,.,#,#,.,#,.,#,.,#,.,#,.,#,#,#,.,#,#,^,#,.,#,.,#,#,.,.,.,.,.,.,^,%,.,.,#,#,.,#,#,%,%,%,%,%,#,#,#,#,#,#,#,#,#,#,#,#,#,#,#,#,#,#,#,#,#,#,#,
229,#,#,#,#,#,#,#,#,#,#,#,#,#,#,#,#,#,#,#,#,#,#,#,.,%,%,S,%,%,#,.,#,^,%,^,.,%,.,^,#,%,#,.,#,#,.,.,%,#,#,^,#,^,#,.,.,#,^,#,.,.,#,^,#,%,#,#,^,.,.,#,#,.,#,.,#,^,.,#,.,#,.,.,.,.,.,.,#,#,.,.,.,#,#,%,#,.,#,.,%,#,.,#,.,.,#,%,#,^,#,#,^,.,.,#,#,%,%,.,.,.,.,.,.,.,.,^,#,.,#,.,#,#,#,#,.,#,#,^,.,.,.,.,.,.,.,.,^,^,%,.,^,.,#,#,#,#,.,#,#,.,%,%,#,#,.,#,^,#,.,.,^,#,#,#,#,#,.,.,.,.,^,.,^,^,#,#,^,#,%,#,.,%,%,.,%,.,#,#,#,#,^,#,#,.,.,.,#,#,^,#,^,#,%,#,#,#,.,.,#,#,#,#,.,#,#,.,^,%,#,#,.,.,.,%,%,.,.,.,.,.,#,#,.,%,.,.,.,^,.,.,#,#,.,.,.,^,.,.,%,.,.,.,#,#,.,#,.,#,.,.,%,^,#,#,.,#,.,#,^,.,#,.,#,.,#,#,.,#,%,#,.,.,%,.,#,#,%,#,%,#,.,.,#,%,#,.,#,#,^,#,.,#,.,^,.,.,#,#,^,#,^,#,^,.,#,.,#,.,#,#,.,%,%,^,.,.,.,^,.,F,.,.,.,.,.,.,.,.,^,.,#,#,^,.,.,.,.,^,.,%,.,^,.,.,^,^,.,.,^,^,.,^,#,#,#,#,#,%,.,#,#,#,#,.,#,#,P,#,%,.,.,#,.,.,#,#,.,.,.,.,.,^,.,%,.,^,.,.,.,%,.,.,.,^,%,%,#,#,.,.,#,#,#,#,#,#,#,.,#,#,#,#,%,.,^,#,^,.,#,#,^,^,.,.,.,.,.,.,.,.,.,%,^,%,^,%,.,.,.,.,#,#,#,#,#,#,#,#,#,#,#,#,#,#,#,#,#,#,#,#,#,#,#,
230,#,#,#,#,#,#,#,#,#,#,#,#,#,#,#,#,#,#,#,#,#,#,#,.,^,.,#,#,.,.,%,.,^,.,#,.,#,.,#,#,^,#,#,#,#,.,.,%,#,#,%,#,^,#,.,%,#,%,#,^,#,#,.,#,#,#,#,.,^,.,#,#,%,#,.,#,.,.,#,%,#,%,.,.,%,.,.,#,#,%,.,.,#,#,.,#,^,#,^,%,#,.,#,.,#,#,.,#,#,#,#,^,.,.,%,%,.,.,.,.,.,.,.,^,.,.,#,#,^,#,#,#,#,.,^,.,%,.,.,.,.,%,.,.,.,^,^,^,.,.,.,.,.,#,#,.,.,%,#,#,.,.,^,.,%,.,.,#,%,.,^,^,#,.,.,#,#,.,%,.,#,#,.,.,#,.,.,.,.,.,%,.,.,.,.,.,.,#,#,.,.,.,#,P,.,.,.,.,^,.,.,#,.,.,.,.,#,.,%,#,#,.,.,^,#,#,.,.,.,.,.,.,.,.,^,.,^,.,.,.,^,#,#,.,.,.,.,.,.,%,.,.,.,#,.,.,.,#,.,.,.,%,.,#,#,.,.,#,.,%,.,.,^,#,#,.,.,#,%,.,.,#,.,#,.,#,#,.,.,^,^,.,.,.,%,#,#,^,#,#,#,.,.,#,.,#,^,#,#,^,.,#,.,.,.,.,.,#,#,.,.,#,^,%,.,#,.,#,.,#,#,.,^,.,.,%,%,.,.,#,#,#,%,%,.,#,%,#,.,#,%,#,#,S,.,.,^,.,.,.,^,.,.,#,#,.,#,#,.,#,%,#,.,#,#,#,.,#,F,#,^,#,#,#,#,#,#,%,#,#,^,#,.,#,^,#,#,#,.,#,.,#,^,.,.,.,.,%,%,.,.,.,%,#,.,#,.,#,#,#,%,#,.,#,.,#,#,#,#,#,#,%,#,#,.,#,.,#,^,#,#,.,.,%,.,.,^,%,.,.,%,#,#,.,#,#,%,.,%,^,.,#,#,#,#,#,#,#,#,#,#,#,#,#,#,#,#,#,#,#,#,#,#,#,
231,#,#,#,#,#,#,#,#,#,#,#,#,#,#,#,#,#,#,#,#,#,#,#,.,.,.,#,#,.,.,^,.,%,.,%,.,.,%,.,.,.,.,.,#,#,^,^,%,#,#,#,#,#,#,%,#,.,#,%,#,#,#,#,.,.,#,#,^,.,.,#,#,.,.,.,.,.,#,.,#,.,P,%,F,%,.,.,#,#,%,.,%,#,#,#,#,#,#,.,#,^,#,.,#,.,^,#,#,#,#,#,.,.,.,^,.,.,%,.,.,%,.,.,^,.,^,.,^,%,.,.,#,#,.,^,.,%,%,#,#,.,%,^,#,#,.,%,.,.,.,.,#,#,#,#,.,.,#,^,^,#,#,.,.,.,#,#,.,.,.,.,.,.,#,#,#,#,^,%,.,.,.,#,#,.,.,%,#,#,.,.,.,^,.,.,#,#,#,#,.,.,#,.,%,#,#,^,.,.,#,#,.,%,^,%,%,%,#,#,#,#,%,^,.,.,.,.,.,.,.,%,.,^,%,S,%,.,.,.,%,.,#,#,.,.,%,%,^,.,.,.,%,^,.,.,.,^,.,.,.,.,.,.,#,#,#,#,#,#,%,%,%,.,.,.,%,#,#,#,#,^,.,%,#,#,#,#,.,.,.,^,.,.,%,#,.,.,%,.,.,.,.,.,.,.,#,#,#,#,#,#,#,#,^,.,.,^,.,.,%,#,#,#,#,.,^,.,#,#,#,#,.,.,.,.,.,.,.,.,.,.,.,.,.,.,^,.,.,.,#,#,#,#,^,.,.,%,.,.,^,.,.,%,%,^,.,.,.,.,.,%,.,.,#,#,.,#,%,#,^,.,^,#,#,#,.,.,#,.,.,.,.,.,.,.,#,#,%,#,.,#,.,%,.,^,%,.,.,%,%,^,%,^,.,#,.,.,#,#,%,#,.,#,.,#,#,#,.,.,%,%,#,.,.,.,.,.,.,%,#,#,.,%,.,^,%,.,.,.,.,.,.,%,^,.,.,^,^,.,^,.,#,#,#,#,#,#,#,#,#,#,#,#,#,#,#,#,#,#,#,#,#,#,#,
232,#,#,#,#,#,#,#,#,#,#,#,#,#,#,#,#,#,#,#,#,#,#,#,.,#,%,#,.,.,.,.,.,.,.,.,.,.,.,#,.,^,%,#,#,#,^,P,^,#,.,#,#,#,^,%,.,#,.,#,%,.,%,#,.,.,#,#,.,.,.,.,.,^,.,^,.,.,%,#,.,#,.,.,#,#,#,.,#,#,^,#,.,#,.,^,^,#,#,#,.,#,.,#,.,.,%,#,.,%,#,#,.,#,.,#,.,.,^,%,.,.,.,#,.,#,.,#,.,.,.,#,#,#,.,.,.,%,.,^,.,.,%,.,.,.,.,.,.,.,.,%,.,.,#,#,%,^,.,#,#,^,.,#,#,#,%,#,.,#,.,.,#,#,#,#,#,#,.,^,.,#,#,^,.,.,.,.,^,#,.,#,.,.,.,%,.,.,#,#,.,^,.,#,#,#,#,#,.,.,.,#,^,#,^,.,#,#,#,#,#,#,^,.,^,#,#,.,.,.,.,.,.,%,^,.,.,^,F,.,.,^,#,#,.,^,^,^,.,^,.,^,^,^,.,.,.,.,.,.,#,.,#,.,#,#,.,#,^,#,.,^,.,#,#,#,#,#,#,#,%,.,#,%,#,^,#,#,.,#,.,#,.,.,.,.,.,^,.,^,.,^,.,^,#,.,#,.,#,#,.,#,%,#,.,#,#,#,.,^,#,#,#,#,%,^,#,.,#,^,#,#,.,.,.,.,.,^,.,^,.,.,.,.,.,^,.,%,%,.,.,^,#,#,.,.,%,.,.,#,#,%,.,%,.,.,.,.,.,%,^,%,^,.,#,#,#,#,.,.,.,#,#,.,.,.,#,#,#,.,.,#,#,#,.,.,#,#,#,#,^,.,.,#,#,%,^,^,.,.,.,.,.,%,.,^,%,.,#,#,#,#,.,%,.,#,#,.,.,.,.,.,#,#,#,.,.,#,#,#,#,#,#,#,^,^,.,^,^,.,.,.,^,S,.,.,.,%,.,.,.,^,#,#,#,#,#,#,#,#,#,#,#,#,#,#,#,#,#,#,#,#,#,#,#,
233,#,#,#,#,#,#,#,#,#,#,#,#,#,#,#,#,#,#,#,#,#,#,#,.,#,.,#,.,#,#,%,.,%,^,#,.,#,.,^,.,^,.,.,#,#,.,#,.,#,.,#,#,^,.,.,%,#,%,#,^,#,^,#,S,#,#,#,.,^,.,^,.,#,#,^,.,.,.,#,.,#,^,#,^,#,.,#,#,#,%,#,.,#,.,#,#,%,.,.,.,#,.,#,.,#,.,#,%,#,#,#,.,#,%,#,.,%,.,.,^,.,.,.,.,^,.,%,.,%,%,^,#,#,.,#,^,#,.,.,#,.,#,.,.,#,.,#,.,.,#,.,#,%,#,#,.,#,.,#,.,^,#,.,#,.,%,#,%,#,.,.,#,^,#,^,#,#,^,.,%,.,.,%,#,^,#,.,.,.,%,.,.,%,.,.,.,.,#,#,.,#,.,#,^,.,#,%,#,.,^,#,%,#,%,.,#,%,#,.,#,#,.,#,.,#,.,%,.,.,%,.,.,#,.,#,.,.,#,.,#,.,#,#,.,.,.,.,.,.,.,^,.,^,.,#,#,#,.,#,#,^,#,#,#,#,#,#,#,#,%,#,^,#,.,P,.,%,.,.,^,#,#,.,#,#,#,#,.,.,^,.,.,#,%,#,^,#,.,#,#,#,.,.,.,.,%,.,#,#,#,#,#,#,.,#,.,#,.,#,%,%,F,.,.,#,#,.,#,#,#,#,.,.,.,.,^,%,.,%,^,^,.,#,#,#,%,#,#,.,#,#,#,#,^,.,.,%,.,#,#,.,#,#,#,%,^,.,#,^,.,^,^,.,#,#,#,#,#,#,.,#,#,.,#,#,%,.,#,.,^,.,.,.,#,#,#,#,%,.,.,.,.,^,%,%,^,.,.,#,#,#,.,.,.,%,#,#,#,#,#,#,#,#,.,#,#,.,#,#,.,.,#,.,.,.,.,.,#,#,#,#,%,^,%,.,.,#,#,.,#,#,#,.,.,%,#,%,^,.,#,#,#,#,#,#,#,#,#,#,#,#,#,#,#,#,#,#,#,#,#,#,#,#,#,
234,#,#,#,#,#,#,#,#,#,#,#,#,#,#,#,#,#,#,#,#,#,#,#,^,.,%,%,.,.,^,%,.,^,.,.,.,#,#,.,.,.,%,^,#,#,#,#,#,.,.,^,.,#,#,#,.,.,.,#,#,%,.,#,.,.,#,#,.,.,^,.,.,%,.,.,^,.,.,^,.,#,#,.,.,F,%,.,#,#,.,.,#,#,#,#,#,#,.,.,%,.,%,#,#,%,%,#,.,%,#,#,%,.,.,.,.,.,.,%,.,%,%,.,^,^,.,.,^,^,S,.,#,#,.,.,^,.,.,%,.,.,.,^,#,^,.,^,#,.,%,.,^,%,#,#,#,#,#,.,%,.,#,.,#,%,%,%,#,.,^,.,#,.,#,.,#,#,.,.,%,.,%,.,#,.,#,.,.,#,#,#,^,.,#,.,#,^,#,#,.,.,#,#,#,.,#,.,#,.,^,.,#,.,.,%,#,.,#,%,#,#,^,.,.,.,%,.,#,.,#,.,#,.,%,%,#,.,#,.,#,.,#,#,#,#,.,#,#,.,.,%,%,.,.,%,.,.,%,.,%,^,.,.,#,#,#,#,.,#,#,^,#,.,#,^,#,#,#,.,.,%,.,#,#,#,#,#,.,%,.,.,.,^,#,.,#,^,^,%,^,^,^,.,^,.,.,.,#,#,#,#,%,#,#,.,#,.,#,^,.,.,#,#,#,#,#,#,%,.,#,#,#,#,.,#,#,.,.,.,.,.,.,.,%,.,.,%,.,.,.,.,#,#,.,#,.,#,.,.,.,%,%,.,%,%,^,.,.,.,%,.,.,.,#,#,%,#,.,#,%,#,^,#,.,#,.,#,#,#,#,#,#,#,.,.,#,#,.,.,.,.,^,#,.,#,%,#,.,.,%,.,.,%,^,%,.,.,#,#,.,#,.,#,.,#,^,#,.,#,.,#,#,#,#,%,.,#,P,#,#,#,%,#,%,#,.,.,%,%,.,.,.,.,.,%,.,.,.,.,.,.,#,#,#,#,#,#,#,#,#,#,#,#,#,#,#,#,#,#,#,#,#,#,#,
235,#,#,#,#,#,#,#,#,#,#,#,#,#,#,#,#,#,#,#,#,#,#,#,#,#,.,^,.,^,.,.,%,%,#,#,%,#,P,%,.,.,.,.,#,#,#,#,.,.,.,^,#,^,#,.,#,#,.,#,#,#,#,.,^,%,#,#,#,#,^,.,.,%,#,.,#,.,.,.,.,.,%,#,#,.,.,.,#,#,#,#,.,.,.,^,#,.,#,^,#,#,.,#,#,#,#,.,.,.,#,#,^,.,.,%,%,.,.,^,.,^,#,#,%,#,#,#,#,.,.,%,#,#,.,%,.,#,#,.,.,.,#,#,%,^,.,.,^,#,#,.,.,^,#,#,^,.,^,#,#,%,.,.,#,#,.,#,.,#,.,#,#,.,%,^,#,#,.,.,%,#,#,%,.,%,#,#,.,#,.,#,.,#,#,%,.,.,#,#,.,.,^,#,#,%,.,.,#,#,^,#,.,#,.,#,#,.,.,.,#,#,.,^,.,.,^,.,^,.,.,.,S,#,.,#,.,.,.,%,.,.,#,#,%,.,.,#,#,%,.,.,.,%,#,.,.,%,#,.,.,.,#,#,#,#,.,^,.,#,#,.,#,.,#,.,.,.,#,.,^,.,.,.,#,#,#,#,^,.,%,#,#,.,#,%,#,.,^,#,#,#,^,.,%,.,#,#,#,#,^,^,%,#,#,.,#,.,#,.,.,.,#,.,.,%,.,^,#,#,#,#,.,^,^,.,%,%,#,^,#,.,#,.,.,%,#,%,%,.,^,.,#,#,#,#,.,#,#,.,.,.,.,.,.,.,.,.,%,.,#,.,#,%,#,#,#,#,.,#,#,#,.,#,.,#,.,#,^,#,.,.,#,.,#,^,#,#,.,.,.,.,.,#,.,#,^,#,.,#,.,#,.,%,#,%,#,.,#,#,#,#,.,#,#,#,.,#,.,#,.,#,%,#,.,.,#,.,#,%,#,#,#,#,^,#,#,.,.,F,^,%,.,#,%,#,.,.,.,.,.,%,#,#,#,#,#,#,#,#,#,#,#,#,#,#,#,#,#,#,#,#,#,#,#,
236,#,#,#,#,#,#,#,#,#,#,#,#,#,#,#,#,#,#,#,#,#,#,#,.,.,^,.,.,.,^,.,^,.,.,.,.,.,.,.,#,.,#,.,#,#,#,#,#,%,.,.,#,%,#,.,%,.,%,.,.,.,#,.,#,%,#,#,.,.,.,.,.,.,#,.,#,.,^,.,#,.,.,.,.,.,^,^,#,#,^,.,#,#,#,.,#,.,#,.,.,.,.,.,%,.,#,%,#,%,#,#,^,.,%,.,.,^,#,^,#,.,^,^,.,.,%,.,#,.,#,%,#,#,#,#,.,.,.,.,.,.,.,^,#,#,.,#,#,^,.,.,%,.,#,#,#,#,.,.,.,S,.,^,#,#,#,#,^,#,#,#,#,#,#,.,#,#,#,#,.,%,^,%,.,.,#,#,.,%,.,.,^,.,.,.,.,.,#,#,#,#,.,%,.,.,%,%,#,#,#,#,^,#,#,#,#,#,#,.,#,#,.,.,.,%,.,.,.,.,#,#,#,#,%,#,#,.,.,%,.,.,#,#,%,.,.,.,.,#,.,.,.,#,.,.,.,#,#,.,.,.,^,.,#,#,.,.,#,#,#,.,.,#,.,.,.,.,.,#,#,#,#,.,^,.,#,#,.,.,.,.,.,.,#,#,#,.,.,.,.,#,#,#,#,.,%,.,#,#,#,#,#,^,^,.,.,#,.,.,%,.,.,#,#,#,#,.,^,.,#,#,.,%,^,^,.,#,.,^,.,#,^,.,.,%,%,#,#,^,.,^,#,#,.,%,.,.,.,^,.,^,.,^,%,^,%,.,%,.,^,.,.,.,#,#,#,#,#,^,F,^,%,#,#,#,#,#,.,^,%,#,#,#,#,%,#,#,.,.,.,.,.,.,%,.,.,.,P,#,.,%,%,.,.,.,%,.,#,#,.,.,#,#,#,#,#,#,.,^,#,#,.,^,.,#,#,#,#,.,#,#,.,%,^,.,.,%,.,%,.,.,#,#,.,.,.,.,.,.,^,.,#,#,#,#,#,#,#,#,#,#,#,#,#,#,#,#,#,#,#,#,#,#,#,
237,#,#,#,#,#,#,#,#,#,#,#,#,#,#,#,#,#,#,#,#,#,#,#,%,.,.,%,%,.,.,.,.,.,^,^,%,#,#,%,.,.,.,.,#,#,.,.,.,#,#,%,#,.,#,.,.,.,^,#,#,#,#,#,#,.,#,#,.,.,^,#,P,^,#,.,#,.,%,^,.,#,#,.,.,.,.,.,#,#,.,%,.,#,#,.,#,^,#,^,.,.,.,#,#,#,#,#,#,^,#,#,.,.,.,#,#,%,#,.,#,.,.,.,.,.,.,^,.,.,.,.,#,#,#,%,.,.,#,.,.,^,.,.,.,%,%,.,.,.,.,.,%,.,#,#,.,^,#,.,^,.,.,#,#,#,%,^,#,#,#,.,.,.,#,#,#,#,.,#,#,#,.,.,.,%,%,.,.,^,.,^,.,.,.,^,#,#,#,#,.,%,#,.,%,#,#,#,.,.,#,#,#,^,F,%,^,.,#,#,#,#,#,.,.,.,#,.,.,.,^,^,^,^,%,.,.,.,.,.,#,#,#,#,.,#,%,#,.,.,.,.,.,^,^,^,.,#,#,.,.,.,.,^,#,#,.,#,.,#,.,#,#,.,.,^,.,.,.,#,#,^,#,.,#,.,#,#,^,#,.,#,.,#,#,^,.,.,.,.,.,#,#,^,#,^,#,.,#,#,S,#,.,#,.,#,#,.,.,.,^,.,.,#,#,.,#,%,#,.,#,#,.,.,^,.,%,#,#,.,.,.,.,.,.,.,.,.,.,%,%,.,#,#,.,#,.,#,.,.,%,.,.,.,.,#,#,#,.,.,.,%,.,^,#,#,.,#,.,#,.,.,#,%,#,%,%,.,^,%,.,.,#,#,#,#,#,#,.,#,.,#,^,^,#,.,#,.,.,#,#,#,.,.,.,.,.,.,#,#,.,#,^,#,.,.,#,%,#,.,.,^,^,.,.,%,#,#,#,#,#,#,%,.,.,%,.,.,#,%,#,.,%,#,#,#,.,.,.,.,%,.,#,#,#,#,#,#,#,#,#,#,#,#,#,#,#,#,#,#,#,#,#,#,#,
238,#,#,#,#,#,#,#,#,#,#,#,#,#,#,#,#,#,#,#,#,#,#,#,.,.,.,.,.,%,.,.,^,^,.,^,.,.,%,%,#,.,#,%,#,#,#,#,#,%,^,%,.,#,#,#,^,.,.,.,.,.,#,.,#,.,#,#,.,.,.,.,.,.,%,^,.,.,.,^,#,%,.,.,#,^,#,.,#,#,.,.,#,#,#,#,#,#,.,^,.,%,.,.,.,%,#,%,#,^,#,#,.,.,.,^,.,.,.,.,%,.,.,.,%,^,^,.,^,.,.,.,#,#,#,#,%,#,#,#,#,.,%,.,.,%,^,.,%,.,.,.,%,.,#,#,#,#,.,#,#,#,#,.,%,.,#,#,S,.,.,^,.,.,%,.,#,#,%,.,%,.,.,#,#,.,.,^,#,#,.,.,%,.,.,#,%,.,#,#,#,#,^,#,#,#,#,.,.,%,#,#,.,.,^,.,%,^,.,.,#,#,#,#,%,#,#,.,%,.,.,.,#,#,.,^,.,.,.,.,.,^,#,#,^,.,.,.,.,#,#,^,.,.,.,#,.,#,^,.,#,.,#,.,#,#,#,#,#,.,%,#,#,.,.,.,.,#,%,#,%,^,#,^,#,.,#,#,.,.,.,%,%,#,#,.,.,.,.,.,^,.,.,^,#,^,#,.,#,#,.,^,#,#,#,#,#,^,^,^,^,#,.,#,^,^,#,^,#,^,#,#,^,^,.,%,.,.,.,.,^,.,%,#,.,#,.,.,.,.,.,.,#,#,.,.,^,#,#,%,.,.,.,.,^,^,^,.,.,.,%,.,.,.,#,#,.,.,%,#,#,^,.,.,.,^,.,#,.,P,^,.,.,#,.,.,#,#,.,.,.,#,#,%,.,#,.,.,^,#,.,#,%,.,^,F,.,^,#,#,.,.,%,#,#,.,^,^,^,.,.,#,.,#,.,.,.,#,.,.,#,#,.,.,.,.,^,.,^,.,.,%,.,#,.,#,.,^,.,.,.,^,#,#,#,#,#,#,#,#,#,#,#,#,#,#,#,#,#,#,#,#,#,#,#,
239,#,#,#,#,#,#,#,#,#,#,#,#,#,#,#,#,#,#,#,#,#,#,#,%,.,^,.,.,.,.,.,.,.,.,.,.,.,.,#,%,.,.,#,#,#,.,#,.,#,.,#,#,.,.,.,#,#,#,#,^,^,.,#,.,.,#,#,.,#,.,#,.,#,#,.,.,.,^,.,.,.,.,.,#,#,#,^,#,#,.,#,^,#,.,#,#,%,.,.,#,#,#,#,.,.,.,#,.,.,#,#,.,#,.,#,%,#,#,.,.,^,.,.,.,.,^,#,.,%,.,#,#,#,.,^,.,.,.,.,.,F,.,.,.,#,^,#,.,%,.,.,.,.,#,#,%,#,#,#,#,^,#,.,#,%,%,#,.,#,.,#,#,.,.,.,#,#,%,.,.,.,.,.,#,.,#,.,%,.,.,.,.,#,#,^,%,.,#,#,.,#,#,#,#,.,#,.,#,.,.,#,%,#,.,#,#,.,.,.,#,#,.,%,%,%,.,.,#,.,#,.,.,#,%,#,.,#,#,%,.,.,#,#,%,^,.,.,.,^,^,.,.,%,#,#,^,.,.,.,.,.,^,.,#,#,.,#,#,#,#,%,.,#,.,%,#,#,^,.,.,#,#,#,.,%,#,#,.,.,.,.,.,.,.,.,.,.,#,#,.,.,.,.,%,.,.,^,#,#,^,#,#,#,#,%,.,#,^,.,#,#,.,.,.,%,.,#,#,#,#,#,.,^,%,.,.,^,.,%,%,.,^,.,.,.,^,%,.,^,.,.,#,#,.,.,.,.,.,#,.,.,%,#,%,.,.,^,.,#,%,^,.,#,#,#,P,#,#,.,.,.,.,#,.,.,.,#,#,#,#,.,.,#,^,.,#,#,%,%,.,^,^,.,#,#,#,^,^,.,^,.,.,.,#,#,#,%,#,#,.,%,#,#,#,^,.,#,%,.,.,#,#,#,#,.,.,#,.,%,#,#,^,.,S,^,%,#,.,.,^,#,^,.,.,%,.,#,.,%,%,#,#,#,#,#,#,#,#,#,#,#,#,#,#,#,#,#,#,#,#,#,#,#,#,
240,#,#,#,#,#,#,#,#,#,#,#,#,#,#,#,#,#,#,#,#,#,#,#,%,.,%,%,.,.,.,.,.,.,^,^,.,%,.,%,^,^,.,.,#,#,^,.,.,%,.,.,.,.,%,.,#,#,#,#,^,.,^,.,#,#,#,#,.,.,#,.,.,.,%,#,^,%,.,.,.,.,.,.,.,%,#,#,#,#,.,.,.,.,.,.,^,.,%,.,#,#,#,#,.,.,^,.,#,#,#,#,.,.,.,.,^,^,.,.,%,^,%,.,.,.,.,^,.,.,#,#,#,#,#,#,.,.,.,#,.,.,.,#,^,.,.,.,.,.,.,.,.,.,#,#,#,#,F,.,.,.,.,#,^,.,^,#,#,#,#,.,#,#,#,#,#,#,#,#,.,.,.,.,#,#,#,.,%,.,.,%,%,.,S,.,%,.,#,#,#,#,%,.,.,^,.,#,.,.,.,#,#,#,#,.,#,#,#,#,#,#,^,.,.,.,.,#,.,.,.,P,.,.,.,%,%,.,.,%,^,.,#,#,.,#,%,#,^,.,.,.,.,^,.,#,^,#,.,^,.,^,.,.,#,#,^,#,^,#,.,.,.,.,#,#,.,#,.,#,.,#,#,#,#,.,#,#,.,#,%,#,^,.,^,.,#,#,^,#,.,#,%,.,.,.,^,.,#,#,.,#,^,#,.,.,^,.,#,#,.,#,.,#,.,#,#,#,#,^,#,#,.,%,^,.,.,%,%,.,#,#,.,.,%,.,.,.,.,.,^,.,#,#,.,.,.,^,^,^,.,^,#,#,^,.,.,.,%,#,#,.,.,.,#,#,#,.,#,.,#,^,%,.,#,#,.,%,#,#,#,#,#,.,^,%,#,#,#,.,#,.,#,%,.,^,#,#,.,.,.,.,.,#,#,%,%,.,#,#,#,%,#,%,#,.,.,^,#,#,#,#,#,.,.,#,#,.,%,.,#,#,.,.,.,.,.,.,.,.,%,.,.,%,.,.,^,.,.,^,.,.,#,#,#,#,#,#,#,#,#,#,#,#,#,#,#,#,#,#,#,#,#,#,#,
241,#,#,#,#,#,#,#,#,#,#,#,#,#,#,#,#,#,#,#,#,#,#,#,^,#,.,#,.,.,^,.,.,.,.,^,.,.,%,%,#,#,#,.,#,#,.,#,.,#,^,#,#,#,#,.,#,#,.,%,.,^,.,%,%,.,#,#,.,.,.,^,%,.,.,%,.,^,#,#,^,.,%,%,#,#,#,.,#,#,.,#,.,#,.,#,#,#,#,%,#,#,.,.,^,^,%,%,^,.,#,#,.,#,.,#,.,^,.,%,.,%,#,#,.,.,^,.,#,#,#,.,#,#,#,#,.,#,#,^,.,.,.,%,.,.,.,.,.,.,.,^,.,.,#,#,#,#,^,#,P,%,^,.,.,.,#,#,#,.,%,.,.,#,#,#,#,#,.,^,.,%,^,.,^,#,^,.,.,%,.,.,.,.,.,.,.,%,#,#,#,#,.,#,#,.,.,%,.,%,.,.,#,#,#,#,#,#,^,.,#,#,#,#,%,#,#,.,^,.,.,.,.,^,%,^,%,.,.,.,.,.,#,#,%,.,^,%,.,.,.,.,%,^,#,.,.,.,#,^,.,.,.,.,#,#,#,#,.,^,.,F,#,#,#,#,.,.,#,%,%,.,.,#,S,^,#,#,#,#,.,.,.,.,.,.,.,.,.,#,#,#,%,^,^,^,^,.,#,#,#,#,^,.,^,.,#,#,#,#,.,.,#,.,.,%,^,#,.,^,#,#,#,#,%,.,^,^,.,^,.,.,#,.,%,.,#,.,.,^,.,.,#,#,.,.,.,.,.,.,#,%,#,.,.,.,^,.,%,.,^,%,.,%,#,#,^,#,.,#,.,.,#,.,#,%,.,#,.,#,^,.,.,.,^,.,#,#,.,#,.,#,%,%,^,^,.,.,^,#,.,#,.,^,.,#,.,^,#,#,.,#,.,#,.,%,#,.,#,^,.,#,%,#,.,.,^,.,%,.,#,#,.,#,.,#,%,^,#,%,#,%,.,.,.,.,.,.,.,.,.,%,#,#,#,#,#,#,#,#,#,#,#,#,#,#,#,#,#,#,#,#,#,#,#,
242,#,#,#,#,#,#,#,#,#,#,#,#,#,#,#,#,#,#,#,#,#,#,#,.,.,%,F,%,.,%,^,.,.,%,.,.,.,%,^,^,%,.,%,#,#,%,#,#,#,#,.,%,^,.,%,.,.,#,#,#,.,.,.,#,#,#,#,.,%,^,^,.,.,.,#,^,^,^,.,.,%,.,^,.,.,#,#,#,#,%,#,#,#,#,.,.,%,.,^,#,#,#,.,.,^,%,.,#,#,#,#,.,.,%,.,.,%,^,.,.,.,^,%,.,.,.,.,%,%,#,#,#,#,%,%,.,%,.,%,.,.,.,.,.,#,#,#,.,.,^,.,^,.,#,#,%,.,%,#,#,#,#,.,%,.,.,.,^,%,.,.,S,#,#,#,#,#,^,.,.,#,#,#,#,.,.,.,%,#,#,#,^,.,^,.,.,^,#,#,.,.,%,#,#,#,#,^,.,%,.,%,.,%,.,#,#,#,.,.,#,#,.,%,^,#,#,#,#,.,.,^,%,#,#,#,.,^,.,^,.,.,#,#,%,^,%,.,%,.,.,.,%,.,.,^,.,.,.,%,.,.,.,.,#,#,^,.,.,#,#,^,.,#,#,#,.,.,#,.,.,#,#,#,^,^,#,#,.,.,^,#,#,.,%,.,.,.,.,.,.,^,.,%,%,.,.,^,#,#,.,.,.,#,#,#,#,#,^,.,.,.,#,.,^,.,%,P,#,#,#,#,^,.,.,#,#,%,.,^,.,.,^,.,%,.,^,.,^,.,.,^,#,#,%,.,.,.,^,^,.,.,^,%,.,#,#,#,.,.,.,.,%,.,#,#,.,.,%,.,.,%,%,#,#,#,.,.,.,.,%,.,.,%,#,#,#,#,.,.,#,.,.,.,.,%,%,.,.,#,#,#,.,^,.,.,#,#,#,#,.,.,.,.,^,#,#,#,.,.,%,.,%,%,.,.,%,.,#,#,#,#,.,.,.,.,.,.,.,^,.,^,%,#,#,#,.,.,.,%,#,#,#,#,#,#,#,#,#,#,#,#,#,#,#,#,#,#,#,#,#,#,#,#,#,
243,#,#,#,#,#,#,#,#,#,#,#,#,#,#,#,#,#,#,#,#,#,#,#,^,#,#,#,%,.,.,^,#,#,^,%,^,.,%,%,.,.,.,.,#,#,.,.,.,.,.,.,.,%,#,#,.,%,#,%,.,.,#,#,#,#,#,#,%,#,#,#,.,.,^,%,#,#,.,.,^,^,^,.,.,^,^,.,#,#,.,.,.,.,^,.,%,.,#,#,.,%,#,.,.,^,#,#,#,#,#,#,.,#,#,#,%,.,.,%,.,.,%,^,.,^,.,^,^,%,.,.,#,#,#,.,.,.,#,^,.,.,.,.,%,#,.,#,.,.,%,^,.,.,#,#,.,%,#,^,.,^,#,^,#,.,.,#,.,#,.,#,.,#,.,#,#,#,.,#,#,#,.,.,#,^,#,%,.,.,.,^,.,#,.,#,.,#,#,#,.,.,#,.,^,%,#,.,#,.,.,#,S,#,.,#,%,#,.,#,#,#,#,%,%,.,#,.,#,.,#,%,.,P,.,#,.,.,.,.,%,^,#,#,.,.,.,#,#,^,.,.,.,^,#,#,.,.,%,.,.,.,.,%,#,#,%,%,%,#,#,#,#,#,.,^,#,#,.,^,^,#,#,.,.,%,#,#,.,%,^,#,#,^,.,.,.,.,#,#,.,.,.,#,#,.,.,^,#,#,.,.,.,#,#,^,.,#,#,#,#,#,.,.,.,#,#,.,%,%,#,#,%,F,%,.,%,^,%,.,^,^,.,%,.,%,.,#,#,^,.,.,#,#,#,.,.,.,#,#,#,.,#,#,.,.,^,.,^,#,#,.,.,.,#,#,%,.,#,.,.,#,#,.,#,#,#,#,#,^,^,#,#,^,.,.,#,#,.,#,#,#,.,%,%,.,.,.,%,.,%,%,.,#,#,.,%,^,#,#,.,.,#,.,.,#,#,%,#,#,%,.,#,#,#,#,#,.,%,.,#,#,#,%,.,.,#,#,#,%,#,#,.,.,.,.,.,.,.,.,.,%,#,#,#,#,#,#,#,#,#,#,#,#,#,#,#,#,#,#,#,#,#,#,#,
244,#,#,#,#,#,#,#,#,#,#,#,#,#,#,#,#,#,#,#,#,#,#,#,.,.,.,%,^,.,.,.,^,.,#,.,.,.,#,.,.,%,.,^,#,#,.,.,#,.,.,#,#,.,%,%,.,.,#,.,.,.,.,#,.,.,#,#,.,%,.,.,.,#,#,.,.,%,.,#,#,#,.,.,.,.,^,.,#,#,.,.,#,.,.,#,#,.,.,.,.,.,#,.,%,.,.,#,.,.,#,#,.,.,.,^,.,#,#,.,.,%,#,.,^,%,#,.,^,%,.,.,#,#,%,#,.,#,.,.,%,^,.,^,.,.,%,%,.,.,.,^,.,.,#,#,.,#,.,#,.,.,#,.,#,.,#,#,.,^,.,.,.,#,.,%,#,#,.,#,.,#,.,^,#,%,#,.,#,#,.,.,.,.,.,^,^,.,#,#,.,#,.,#,^,%,#,.,#,%,#,#,.,.,.,.,.,#,.,.,#,#,%,^,.,.,.,.,.,^,%,.,#,#,.,^,.,%,.,%,.,.,#,#,.,.,.,#,#,.,#,.,#,^,.,^,.,^,^,.,%,.,.,.,#,#,.,^,.,#,#,.,#,%,#,.,.,#,.,#,.,#,#,#,#,^,#,#,.,%,.,#,#,.,#,%,#,.,.,#,.,#,.,^,.,.,S,.,#,#,.,.,.,#,#,%,#,.,#,.,.,#,%,#,.,#,#,#,#,.,#,#,.,.,%,.,.,.,.,.,.,^,.,^,.,.,.,F,.,%,.,.,#,#,.,.,.,.,.,.,.,%,.,.,%,.,%,.,%,#,#,.,#,#,#,#,#,#,#,#,^,#,#,^,.,%,#,#,.,^,.,#,#,.,#,#,#,#,.,.,.,.,%,#,#,.,.,.,#,#,^,.,.,%,%,.,%,.,#,#,#,#,#,#,%,P,#,.,%,.,#,#,.,.,.,#,#,.,#,#,#,#,^,.,.,.,.,#,#,^,.,.,#,#,.,.,.,#,#,.,#,#,#,#,#,#,#,#,#,#,#,#,#,#,#,#,#,#,#,#,#,#,#,#,#,
245,#,#,#,#,#,#,#,#,#,#,#,#,#,#,#,#,#,#,#,#,#,#,#,%,.,.,.,^,%,%,^,^,.,.,.,.,.,.,%,%,.,.,%,#,#,.,.,#,^,%,.,.,.,#,#,%,#,.,#,.,^,^,#,%,^,#,#,%,.,.,^,.,.,F,.,#,#,.,#,.,#,^,.,^,.,^,.,#,#,.,.,#,%,.,.,.,.,#,#,^,#,.,#,.,%,.,#,^,%,#,#,.,.,^,.,.,%,.,.,#,#,.,.,%,.,S,.,%,.,.,.,#,#,.,.,.,^,^,^,.,.,.,.,%,^,.,.,.,.,.,.,%,%,#,#,.,#,#,#,#,.,.,.,.,.,.,#,#,#,#,.,#,^,#,.,#,#,.,.,%,.,.,.,.,#,.,.,%,^,.,%,.,%,#,.,#,.,#,#,.,#,#,#,#,.,.,.,.,.,.,#,#,#,#,.,#,.,#,.,#,#,.,.,^,^,%,%,.,.,%,^,%,.,^,.,.,.,#,.,#,%,#,#,.,.,.,#,#,.,.,.,.,.,.,^,%,.,.,^,.,%,%,%,#,#,.,%,%,#,#,#,#,^,.,.,.,.,.,.,%,.,.,.,.,^,#,#,%,.,%,#,#,#,#,.,.,.,.,.,#,.,.,%,.,#,.,.,#,#,.,.,.,#,#,#,#,.,.,.,.,.,.,.,.,.,.,.,^,^,#,#,.,%,^,.,%,#,#,.,^,.,.,^,^,%,.,.,.,.,%,.,#,#,.,%,^,%,.,.,^,.,^,^,.,.,.,%,%,^,.,.,.,.,#,#,#,#,#,%,%,%,^,.,#,#,.,.,^,#,#,.,#,.,#,.,#,#,%,.,^,%,%,.,%,^,#,#,.,^,.,#,#,^,#,.,#,.,#,#,^,%,#,#,#,.,^,.,#,#,.,^,.,#,#,.,P,.,#,.,#,#,.,.,.,.,.,.,.,.,#,#,.,.,^,#,#,%,#,^,#,.,#,#,#,#,#,#,#,#,#,#,#,#,#,#,#,#,#,#,#,#,#,#,#,
246,#,#,#,#,#,#,#,#,#,#,#,#,#,#,#,#,#,#,#,#,#,#,#,%,.,.,#,#,.,.,.,%,.,.,.,^,.,^,%,%,.,^,^,#,#,.,^,.,#,#,^,#,#,#,#,.,.,%,#,#,#,#,#,#,%,#,#,.,%,%,#,#,%,%,.,.,^,%,.,F,#,#,.,.,.,.,.,#,#,^,.,.,#,#,.,#,#,#,#,^,.,.,#,#,#,#,#,#,.,#,#,.,.,.,.,.,^,.,.,.,^,.,^,%,#,#,.,.,%,.,.,#,#,.,^,%,%,%,.,.,.,%,^,.,%,.,%,^,%,^,%,.,.,#,#,.,^,#,^,.,^,^,^,.,.,%,.,#,.,.,.,#,^,#,.,#,#,.,%,.,.,.,.,.,#,.,.,^,%,^,^,%,.,#,.,#,.,#,#,.,.,#,.,^,.,.,.,^,.,^,^,#,^,%,^,#,.,#,%,#,#,.,%,.,.,.,%,^,.,.,.,%,%,.,%,.,%,.,%,^,^,#,#,^,#,.,#,.,.,#,.,#,^,^,.,^,%,%,.,^,%,.,.,#,#,.,#,.,#,^,%,#,.,#,.,#,.,#,.,#,.,.,^,#,#,#,#,^,.,^,.,S,.,.,.,^,.,#,.,#,.,#,%,.,%,#,#,#,#,.,#,.,#,.,.,#,.,#,%,#,%,#,.,#,.,.,^,#,#,#,#,^,#,.,#,.,.,#,%,P,.,.,.,.,.,^,.,.,.,#,#,#,#,.,#,^,#,.,.,.,%,#,#,#,#,.,#,#,^,.,.,.,%,#,#,.,#,.,#,.,^,.,%,#,#,#,#,.,#,#,#,#,#,.,.,#,#,.,%,^,.,.,%,.,.,#,#,.,.,%,.,.,.,.,.,.,.,#,#,.,#,.,#,.,.,%,.,#,#,#,#,.,#,#,.,%,#,#,#,#,#,^,#,.,#,%,.,.,.,%,^,#,#,.,#,#,^,.,.,.,.,#,#,#,#,#,#,#,#,#,#,#,#,#,#,#,#,#,#,#,#,#,#,#,
247,#,#,#,#,#,#,#,#,#,#,#,#,#,#,#,#,#,#,#,#,#,#,#,%,#,#,#,.,.,^,.,.,.,.,.,.,.,^,.,.,%,.,.,#,#,^,.,.,%,%,^,.,#,.,.,#,P,.,.,.,#,.,#,.,#,#,#,%,#,#,#,.,.,^,.,.,^,#,#,^,.,^,#,%,#,^,#,#,#,.,.,%,.,.,^,.,#,^,.,#,#,S,.,.,#,^,#,^,#,#,#,.,#,#,#,%,.,%,.,.,.,#,#,%,%,.,.,.,.,%,.,#,#,#,#,.,#,#,.,.,.,.,.,.,.,.,^,^,.,%,^,.,%,#,#,#,#,.,#,#,.,#,%,#,%,.,%,.,.,.,.,#,#,#,#,#,#,.,^,.,.,.,.,#,^,#,.,.,.,#,.,.,.,.,^,.,%,#,#,#,#,.,#,#,.,#,.,#,^,.,^,.,.,.,.,#,#,#,#,#,#,#,#,.,#,#,.,.,.,.,.,.,.,%,%,%,.,.,%,.,^,#,#,#,#,.,.,.,%,.,.,.,.,.,%,%,.,.,.,%,.,^,.,#,#,#,#,^,^,^,.,.,.,.,.,#,#,.,^,.,^,#,.,#,.,#,#,#,#,^,.,%,.,.,#,.,.,#,#,.,.,^,%,#,.,#,%,#,#,#,#,.,^,.,.,^,.,.,^,#,#,%,.,.,.,#,.,#,.,#,#,%,.,%,.,.,^,.,.,.,.,#,#,.,^,%,.,#,%,#,.,#,#,#,^,.,.,#,.,.,.,.,.,#,#,.,.,^,.,#,#,#,^,#,#,F,%,#,.,%,#,#,#,#,^,#,#,.,^,.,.,.,^,.,.,#,#,%,#,#,#,.,.,.,.,.,.,#,#,.,.,.,%,#,#,#,^,#,#,%,.,#,.,.,#,#,#,#,.,#,#,^,.,.,.,.,.,.,%,#,#,#,.,.,.,#,%,%,%,.,.,%,.,.,.,.,.,#,#,#,.,#,#,#,#,#,#,#,#,#,#,#,#,#,#,#,#,#,#,#,#,#,#,#,
248,#,#,#,#,#,#,#,#,#,#,#,#,#,#,#,#,#,#,#,#,#,#,#,%,#,#,#,.,.,.,.,%,.,.,#,.,#,.,.,.,.,.,^,#,#,.,.,.,.,.,#,#,.,.,.,%,#,.,#,.,#,%,#,%,#,#,#,.,#,#,#,%,#,#,.,%,.,^,%,.,^,.,#,%,#,.,#,#,#,%,.,.,%,^,#,#,.,.,%,.,#,.,#,F,#,^,#,.,#,#,#,.,#,#,#,%,#,#,.,.,.,.,#,.,#,.,.,.,.,.,%,#,#,.,.,.,%,.,^,^,^,.,%,#,#,^,#,#,.,^,.,%,.,#,#,#,#,^,.,.,%,^,#,^,^,#,#,.,#,#,.,.,#,.,.,#,#,#,#,.,%,.,^,^,^,%,.,S,.,.,.,.,.,^,.,.,%,#,#,#,#,.,^,.,.,.,#,.,%,#,#,^,#,#,%,.,#,^,.,#,#,#,#,%,.,.,.,.,^,.,.,#,#,%,#,#,%,.,.,.,.,#,#,#,P,.,#,#,.,^,.,#,#,.,%,.,.,%,%,.,^,.,^,#,#,#,#,.,#,#,.,.,^,#,#,%,#,.,#,.,.,#,.,#,^,#,#,.,.,%,.,.,^,.,.,#,#,.,#,^,#,.,.,#,^,#,%,#,#,#,#,.,#,#,.,.,%,#,#,.,#,.,#,.,.,#,.,#,.,#,#,#,#,.,#,#,.,.,.,.,^,.,%,%,^,^,.,.,.,.,%,#,#,%,.,%,.,^,.,#,.,#,.,#,#,.,.,.,.,#,.,#,.,#,#,#,#,#,#,%,.,#,^,#,%,#,#,^,%,.,.,#,.,#,^,#,#,.,.,^,.,.,.,.,.,.,.,#,#,^,^,.,%,#,.,#,.,#,#,#,#,#,#,.,.,#,.,#,.,#,#,^,%,.,.,#,%,#,%,#,#,.,.,.,%,.,^,#,^,#,.,^,%,^,.,.,^,.,%,.,.,#,#,#,#,#,#,#,#,#,#,#,#,#,#,#,#,#,#,#,#,#,#,#,
249,#,#,#,#,#,#,#,#,#,#,#,#,#,#,#,#,#,#,#,#,#,#,#,.,.,.,^,.,%,#,.,#,%,^,.,^,%,%,.,#,#,#,.,#,#,.,#,.,#,.,^,#,.,#,%,%,#,.,#,%,.,%,.,.,%,#,#,.,#,%,#,.,.,#,%,#,.,.,#,.,#,%,%,#,#,#,%,#,#,%,#,.,#,.,.,#,%,#,.,.,#,.,#,^,.,.,.,.,%,#,#,^,.,^,%,.,.,.,^,.,^,.,#,.,#,.,.,#,#,P,%,#,#,.,.,.,%,.,%,.,.,#,#,.,.,.,.,.,%,.,.,.,%,#,#,.,.,^,#,#,.,.,.,#,#,^,#,.,#,^,#,#,.,^,^,#,#,.,%,.,#,#,%,.,^,#,#,.,#,.,#,%,#,#,.,^,^,#,#,.,.,^,#,#,.,.,.,#,#,.,#,.,#,.,#,#,.,^,^,#,#,.,.,.,#,#,.,.,^,%,.,.,.,.,.,.,#,#,^,.,.,#,#,^,.,.,.,.,.,.,.,.,^,.,.,^,.,^,.,#,#,#,.,#,#,#,#,#,^,.,#,#,#,#,.,.,#,.,#,.,.,.,.,.,.,#,#,.,^,.,.,.,%,.,.,%,.,^,#,.,#,.,.,#,#,#,.,#,#,%,.,#,#,#,#,#,#,#,^,.,#,.,#,.,.,.,%,.,.,#,#,^,.,.,%,^,%,^,^,.,%,^,#,.,#,.,%,#,#,#,%,#,#,.,%,.,^,.,^,.,.,.,.,%,%,.,.,^,.,#,.,#,.,#,#,#,#,#,.,.,.,^,#,.,.,%,%,#,#,#,.,#,.,#,.,#,#,%,.,.,^,.,.,.,^,.,.,.,.,.,.,%,.,F,.,.,.,#,#,.,.,#,#,#,%,^,#,S,.,#,#,#,.,^,.,#,%,#,^,#,#,.,.,.,.,.,.,.,.,^,.,%,.,.,^,.,.,#,^,#,.,#,#,#,#,#,#,#,#,#,#,#,#,#,#,#,#,#,#,#,#,#,#,#,
250,#,#,#,#,#,#,#,#,#,#,#,#,#,#,#,#,#,#,#,#,#,#,#,.,.,.,.,.,%,.,.,.,.,.,#,.,#,%,.,.,.,#,#,#,#,#,.,#,^,#,.,#,^,#,.,.,#,.,#,^,^,^,.,#,#,#,#,#,.,#,.,#,.,#,^,#,.,.,^,.,.,.,.,.,.,#,#,#,#,#,.,#,%,#,.,#,.,#,.,.,#,.,#,.,^,.,^,#,#,#,#,.,.,.,.,.,.,.,^,.,^,.,#,.,#,%,.,%,.,.,.,#,#,^,.,.,.,.,.,%,.,.,.,^,.,%,.,.,.,.,.,#,#,#,#,#,#,#,%,.,.,.,.,.,.,#,.,#,.,#,%,^,F,#,#,#,#,.,^,^,.,^,.,.,#,.,.,#,.,#,.,#,.,^,.,#,#,#,#,.,%,#,#,#,.,.,%,^,%,#,^,#,^,#,.,.,.,#,#,#,#,.,.,.,.,.,^,.,.,%,.,^,.,%,.,^,.,.,.,.,%,#,#,.,#,%,#,.,#,.,.,^,#,#,#,%,#,#,.,%,%,#,#,#,#,.,#,^,#,.,.,%,#,^,.,#,#,.,#,#,%,.,.,#,#,#,#,.,#,%,#,%,.,#,#,#,%,.,.,%,%,.,.,.,^,#,#,#,#,.,#,.,#,.,.,.,#,.,^,#,#,.,#,#,.,.,.,#,#,#,#,%,.,%,.,%,P,.,.,%,#,#,#,^,#,#,.,%,.,.,.,#,#,^,.,.,.,.,^,S,^,.,.,.,.,.,%,.,.,.,^,#,#,#,#,#,#,.,%,.,^,#,#,#,#,.,#,#,#,#,.,.,.,#,#,#,#,#,#,.,.,.,.,^,.,.,.,.,.,.,.,.,.,^,.,#,#,#,#,#,#,%,.,%,^,#,#,#,#,.,#,#,#,#,.,%,^,#,#,#,#,#,#,%,^,%,.,%,.,.,.,%,^,.,.,^,.,.,%,.,^,#,#,#,#,#,#,#,#,#,#,#,#,#,#,#,#,#,#,#,#,#,#,#,
251,#,#,#,#,#,#,#,#,#,#,#,#,#,#,#,#,#,#,#,#,#,#,#,.,.,.,^,.,.,.,%,#,#,.,.,.,.,.,%,.,^,%,^,#,#,.,#,.,#,.,.,%,.,#,#,.,#,#,#,#,.,#,.,#,.,#,#,.,#,.,#,%,^,.,.,#,#,F,%,%,.,.,.,#,%,#,^,#,#,%,#,.,#,.,.,.,.,#,#,%,#,#,#,#,.,#,^,#,.,#,#,^,.,%,.,.,.,.,^,^,.,.,.,.,.,^,.,#,.,#,.,#,#,%,.,.,.,^,.,%,.,^,^,%,^,.,^,%,.,#,#,#,.,#,#,.,#,#,#,#,.,.,%,#,#,^,#,%,#,.,.,.,^,%,.,#,#,.,.,.,%,%,%,.,.,#,#,.,#,.,#,.,^,#,#,#,.,#,#,.,#,#,#,#,.,^,%,#,#,%,#,%,#,.,.,%,.,.,%,#,#,^,%,.,.,.,.,.,.,#,#,.,#,.,#,.,.,#,#,#,.,#,#,.,^,.,.,.,#,#,.,#,#,.,.,.,.,.,^,#,%,#,.,#,#,%,#,.,#,^,#,#,.,#,#,#,#,#,.,.,.,#,.,#,.,#,#,.,#,.,#,.,^,.,.,.,.,.,.,.,.,%,.,%,.,.,.,#,#,%,#,.,#,.,#,#,%,#,#,^,.,#,#,#,.,#,%,#,%,#,#,.,^,%,.,.,#,#,.,#,#,.,^,.,.,.,.,#,^,#,%,#,#,.,.,.,.,S,.,.,.,#,#,.,#,.,#,.,.,.,.,%,%,#,#,.,.,.,#,#,.,%,.,#,#,.,#,.,#,.,#,#,#,.,.,#,#,%,.,.,#,P,.,.,.,#,#,.,.,.,.,.,.,.,.,.,.,#,#,%,.,%,#,#,.,.,%,#,#,.,#,.,#,.,.,.,#,#,#,#,#,.,.,.,#,#,^,.,.,%,.,.,#,^,#,^,^,.,^,.,.,#,#,#,#,#,#,#,#,#,#,#,#,#,#,#,#,#,#,#,#,#,#,#,
252,#,#,#,#,#,#,#,#,#,#,#,#,#,#,#,#,#,#,#,#,#,#,#,^,.,%,.,.,^,#,#,#,.,.,.,%,^,%,.,.,.,.,.,#,#,.,#,#,#,#,.,%,%,.,.,#,#,#,.,.,#,#,.,.,.,#,#,.,.,^,^,^,.,#,#,#,.,%,.,.,.,.,#,#,.,^,%,#,#,%,#,#,#,#,^,.,^,.,.,%,^,#,#,#,#,#,^,^,.,#,#,^,.,.,%,F,.,#,#,#,.,^,%,.,.,%,#,#,.,%,.,#,#,.,.,%,.,.,%,#,.,#,%,^,#,.,#,.,.,^,.,.,^,#,#,^,.,#,#,#,.,#,^,#,%,.,#,.,#,^,.,#,.,#,.,#,#,.,.,%,.,^,.,^,.,.,.,.,#,.,#,.,^,#,%,#,.,#,#,#,#,#,^,^,.,#,^,#,^,.,#,.,#,.,.,#,%,#,%,#,#,.,.,.,.,.,.,#,^,#,^,^,%,^,.,%,.,#,.,#,.,#,#,#,.,.,.,#,.,.,.,.,.,.,.,^,.,.,P,.,.,.,#,#,#,.,.,#,.,^,#,.,#,%,#,#,#,#,#,.,.,.,#,.,.,#,#,.,#,#,#,%,#,%,#,.,#,.,^,.,.,.,.,#,#,#,^,#,#,.,.,#,.,^,#,%,#,%,#,#,#,#,#,%,.,.,#,^,%,#,#,#,.,.,^,#,%,.,.,.,.,.,%,.,.,.,#,.,^,.,#,#,#,^,^,.,.,.,%,.,%,%,%,^,%,.,.,^,%,%,.,#,#,#,#,.,#,.,#,%,.,.,#,.,.,.,#,.,#,.,^,.,.,#,#,#,#,.,#,^,#,^,%,.,^,.,.,.,#,.,#,.,.,.,S,#,#,#,#,.,#,^,#,^,.,.,#,.,.,.,#,.,#,%,.,.,.,#,#,#,#,.,#,.,#,^,.,.,^,%,^,.,^,.,.,.,.,.,.,%,.,#,#,#,#,#,#,#,#,#,#,#,#,#,#,#,#,#,#,#,#,#,#,#,
253,#,#,#,#,#,#,#,#,#,#,#,#,#,#,#,#,#,#,#,#,#,#,#,.,.,.,.,.,%,.,.,.,.,.,%,.,.,.,%,.,^,.,.,#,#,.,.,#,^,^,%,#,#,#,#,.,#,.,#,^,.,#,.,#,.,#,#,.,.,.,.,.,^,.,.,.,%,.,#,.,#,%,%,#,.,#,.,#,#,.,.,#,.,.,.,#,#,#,#,%,#,^,#,.,.,#,.,#,.,#,#,%,.,.,.,%,.,.,.,^,.,.,.,^,.,.,^,.,.,^,.,#,#,.,^,.,%,%,.,.,%,%,.,.,.,.,.,%,.,.,^,.,.,#,#,.,.,%,^,.,#,.,#,.,#,#,.,#,.,#,.,#,.,#,^,#,#,%,.,#,F,.,#,.,#,.,#,#,.,#,%,#,%,#,.,#,%,#,#,.,^,.,.,.,#,.,#,.,#,#,%,#,.,#,%,#,.,#,.,#,#,.,.,.,.,.,.,.,%,.,.,.,.,.,.,.,.,.,.,^,.,#,#,.,^,^,.,^,.,^,%,.,^,^,.,.,^,.,#,#,^,.,^,#,#,P,#,#,#,.,.,.,^,^,^,#,#,#,^,.,#,#,%,.,.,#,#,.,.,.,%,^,.,%,#,.,^,.,.,^,.,.,#,#,.,.,.,#,#,#,#,#,#,.,.,%,S,.,%,^,.,#,#,#,#,#,%,.,.,#,#,%,.,.,.,.,%,.,%,.,.,^,.,.,.,.,.,.,.,.,.,#,#,.,.,.,.,.,#,#,.,.,.,.,.,.,.,.,%,.,.,#,#,#,#,#,#,#,#,%,#,#,.,.,.,#,#,#,#,.,^,.,.,#,#,#,#,.,^,.,%,.,#,#,.,.,%,.,^,%,.,.,.,^,%,#,#,#,#,#,#,#,#,%,#,#,.,^,.,#,#,#,#,.,^,.,^,#,#,#,#,.,.,.,%,.,%,^,^,.,.,%,^,.,.,.,%,.,.,.,.,#,#,#,#,#,#,#,#,#,#,#,#,#,#,#,#,#,#,#,#,#,#,#,
254,#,#,#,#,#,#,#,#,#,#,#,#,#,#,#,#,#,#,#,#,#,#,#,.,.,^,.,.,#,#,.,.,.,#,#,.,#,#,.,.,.,^,.,#,#,.,#,#,#,#,#,#,.,.,.,#,#,.,#,#,#,#,.,^,.,#,#,.,.,^,.,.,#,#,.,.,.,.,.,%,.,%,#,#,.,.,.,#,#,.,#,#,#,#,#,#,.,.,%,#,#,^,#,#,#,#,.,.,.,#,#,.,%,.,^,.,.,.,.,.,.,#,#,^,#,#,#,#,^,.,.,#,#,%,%,^,#,#,%,.,.,.,.,.,.,%,.,^,.,.,.,^,.,#,#,%,.,%,#,#,.,#,.,#,^,^,.,.,#,#,#,.,#,.,#,#,#,.,.,.,#,#,.,#,^,#,%,.,.,.,#,#,#,.,#,.,#,#,#,.,F,.,#,#,.,#,.,#,.,^,.,^,#,#,#,^,#,^,#,#,#,^,^,.,.,.,.,#,.,#,^,.,^,.,#,#,.,.,%,.,.,#,#,^,.,^,%,.,%,.,.,#,#,.,.,.,.,.,^,.,.,#,#,#,#,.,#,.,#,.,.,^,.,#,#,.,#,%,#,.,.,.,.,#,#,#,#,^,#,^,#,.,.,.,^,#,#,^,#,^,#,.,^,.,.,#,#,#,#,.,#,.,#,.,^,.,.,#,#,.,#,.,#,%,.,.,.,#,#,#,#,%,#,.,#,.,.,.,.,.,^,.,#,.,#,%,.,.,.,.,%,#,#,.,.,^,.,.,^,.,.,.,.,.,.,.,#,#,.,.,%,%,.,#,#,#,#,^,.,.,#,#,#,#,.,.,%,.,#,#,#,%,#,^,#,#,#,#,#,.,^,.,%,.,.,%,.,.,.,.,#,#,#,.,P,.,#,#,#,#,#,.,%,%,#,#,#,#,%,%,.,.,#,#,#,%,#,S,#,#,#,#,#,^,.,.,.,^,%,.,.,.,.,.,.,.,.,^,.,.,%,#,#,#,#,#,#,#,#,#,#,#,#,#,#,#,#,#,#,#,#,#,#,#,
255,#,#,#,#,#,#,#,#,#,#,#,#,#,#,#,#,#,#,#,#,#,#,#,^,#,.,#,^,#,%,.,.,#,.,.,.,%,.,%,.,.,%,.,#,#,%,#,%,P,.,.,.,#,%,%,.,#,#,#,#,%,.,.,.,.,#,#,%,#,.,#,.,.,#,#,#,.,^,.,%,.,.,.,^,#,.,%,#,#,^,#,.,#,^,.,.,#,%,.,.,#,#,#,#,.,.,.,^,.,#,#,%,.,^,.,.,#,^,.,.,#,.,.,.,.,^,.,.,.,.,^,#,#,.,.,.,.,%,#,#,.,^,.,%,.,.,.,.,.,.,%,#,#,#,#,%,#,#,#,#,#,#,^,%,%,#,#,#,.,.,.,^,.,#,#,#,#,.,^,.,%,.,#,#,.,.,^,.,^,.,%,.,^,.,.,#,#,#,#,^,#,#,#,#,#,#,.,^,.,.,.,#,#,#,.,.,.,#,#,#,#,.,.,.,.,.,%,.,.,.,.,.,.,.,^,.,.,.,.,%,.,#,#,^,#,%,#,%,.,%,%,#,#,.,.,.,.,.,.,^,.,.,F,#,#,^,#,.,#,.,.,.,.,#,#,.,#,.,#,.,.,S,#,#,#,#,#,.,#,.,#,.,.,.,.,#,#,.,#,.,#,.,^,.,%,.,%,#,#,.,#,^,#,^,.,%,.,#,#,.,#,.,#,^,#,#,#,.,%,#,#,.,.,.,.,.,.,%,%,%,%,^,#,.,#,.,.,.,.,^,%,#,#,%,.,.,.,.,.,#,.,#,^,#,^,.,.,#,^,.,^,%,^,#,#,.,%,#,#,#,^,#,.,#,.,.,.,#,%,%,#,#,#,.,.,#,#,^,.,.,%,%,.,#,^,#,.,%,#,#,#,^,.,.,%,.,^,#,#,#,#,#,%,^,^,#,.,#,.,%,^,#,.,.,%,.,#,#,#,#,#,.,.,^,%,.,^,^,.,.,.,#,^,^,^,#,%,^,.,.,.,#,#,#,#,#,#,#,#,#,#,#,#,#,#,#,#,#,#,#,#,#,#,#,
256,#,#,#,#,#,#,#,#,#,#,#,#,#,#,#,#,#,#,#,#,#,#,#,.,%,%,%,%,#,.,%,^,#,.,#,%,#,.,%,#,.,#,%,#,#,.,#,.,#,.,.,^,#,.,^,.,#,.,#,.,%,#,^,#,.,#,#,.,#,%,#,.,.,#,#,#,%,.,^,.,.,^,.,.,.,%,.,#,#,.,#,.,#,.,.,^,#,.,^,.,#,%,#,.,%,#,.,#,^,#,#,.,#,.,#,.,#,^,^,.,#,%,#,.,#,%,.,#,.,#,.,#,#,.,.,.,.,.,.,^,^,.,.,.,#,.,#,.,.,.,.,.,.,#,#,#,#,.,S,.,%,.,%,#,#,%,#,.,#,%,^,%,.,#,#,#,#,#,#,.,.,.,^,.,.,#,#,^,.,.,.,^,.,.,.,#,#,#,#,#,#,.,.,.,.,.,^,#,#,.,#,.,#,.,^,.,.,#,#,#,#,#,#,.,.,.,^,.,.,#,#,.,#,^,#,^,.,.,.,#,#,#,#,.,.,^,%,F,.,.,.,.,.,.,^,.,.,%,.,.,.,.,.,#,#,^,.,.,#,#,.,.,#,%,^,.,%,.,#,#,.,.,#,#,#,#,#,.,%,.,#,#,.,.,%,.,.,%,%,.,#,#,.,.,.,.,.,#,#,.,.,%,#,#,%,.,#,.,.,.,^,.,#,#,#,#,#,.,^,#,#,%,.,.,#,#,^,%,.,.,%,%,^,.,#,#,%,.,.,.,.,#,#,#,#,.,#,#,.,.,.,%,.,%,.,.,.,^,.,#,.,#,%,#,#,#,#,.,#,#,#,#,.,.,.,%,^,.,#,#,.,#,.,#,.,#,#,.,%,.,.,.,#,#,^,.,.,.,.,.,#,#,.,#,^,#,.,#,#,#,#,^,#,#,#,#,.,.,.,.,.,.,#,P,.,#,.,#,^,#,#,#,#,^,#,#,#,#,.,^,.,%,%,.,#,#,.,.,.,.,.,#,#,#,#,#,#,#,#,#,#,#,#,#,#,#,#,#,#,#,#,#,#,#,
257,#,#,#,#,#,#,#,#,#,#,#,#,#,#,#,#,#,#,#,#,#,#,#,#,#,.,#,#,.,#,.,#,%,.,#,%,#,^,.,#,#,#,.,#,#,#,#,.,#,#,.,#,.,#,.,%,#,.,#,^,.,.,.,%,.,#,#,.,^,^,.,%,.,.,.,.,.,%,.,^,.,.,.,#,#,#,^,#,#,#,#,S,#,#,%,#,^,#,%,%,#,^,#,.,.,%,.,%,.,#,#,#,#,.,#,#,.,#,.,#,.,.,#,.,#,^,.,P,#,#,.,#,#,#,#,^,.,%,.,.,.,#,#,.,.,%,%,.,%,.,.,.,.,#,#,#,#,.,.,%,%,F,^,#,#,#,#,#,.,^,^,#,^,#,.,#,#,#,#,.,.,.,.,^,.,#,#,^,.,.,%,.,.,#,.,#,.,#,#,#,#,.,.,.,.,.,^,#,#,^,.,#,#,#,^,#,.,#,^,#,#,%,^,.,^,.,^,^,.,.,^,.,%,.,.,^,%,#,.,#,.,#,#,.,.,%,.,.,#,.,.,.,#,^,.,^,.,^,.,.,.,#,#,#,#,#,#,%,^,^,.,^,#,.,^,.,.,^,#,#,^,.,%,#,#,#,#,#,#,%,.,.,^,#,#,#,^,.,^,.,#,#,^,.,.,#,#,#,#,#,#,.,.,.,^,^,#,.,.,%,%,%,#,#,.,.,.,#,#,#,#,#,#,.,^,.,#,.,^,%,#,.,.,^,#,#,.,.,.,.,^,#,#,.,.,.,.,%,#,#,.,#,#,^,.,.,%,.,.,^,.,.,^,#,#,.,.,#,#,#,#,#,.,#,#,#,#,#,.,.,#,#,#,.,.,#,#,.,.,.,.,^,.,.,.,^,^,.,.,%,.,.,^,.,.,.,.,#,#,#,#,#,.,^,#,#,^,#,#,.,%,#,#,#,%,^,#,#,#,#,#,.,%,.,^,.,#,#,.,#,#,.,.,.,.,%,^,^,.,.,.,#,#,#,#,#,#,#,#,#,#,#,#,#,#,#,#,#,#,#,#,#,#,#,
258,#,#,#,#,#,#,#,#,#,#,#,#,#,#,#,#,#,#,#,#,#,#,#,%,.,.,.,%,.,.,.,#,#,.,%,.,%,^,^,^,^,^,.,#,#,.,#,.,#,%,.,.,^,#,#,.,#,.,#,.,.,#,.,#,.,#,#,.,#,^,#,%,%,^,%,#,#,%,#,.,#,.,.,#,^,#,.,#,#,.,#,.,#,.,.,.,.,#,#,%,P,^,#,.,.,#,.,#,^,#,#,.,#,.,#,.,.,%,%,.,.,.,#,^,#,.,%,.,%,.,.,#,#,.,.,.,%,%,.,^,S,.,.,^,^,^,.,.,.,^,.,%,.,#,#,.,.,.,#,#,#,#,#,%,.,.,.,.,#,#,.,#,#,#,#,#,#,.,.,%,#,#,%,.,%,.,.,.,^,%,#,#,^,.,^,%,.,#,#,.,.,.,#,#,.,^,#,#,#,.,^,.,#,#,^,#,#,#,#,#,#,.,^,^,#,#,.,%,.,.,F,.,.,^,#,#,.,.,.,%,.,#,#,^,^,.,.,.,#,#,.,#,#,.,#,%,#,.,.,#,^,#,%,#,#,#,.,#,.,#,#,#,.,#,#,.,#,%,#,.,.,#,^,#,.,#,#,#,.,#,.,#,.,%,.,.,.,.,.,.,.,%,.,#,.,#,^,#,#,#,^,#,.,#,#,#,.,#,#,.,#,.,#,%,^,#,.,#,.,#,#,.,.,.,^,.,#,#,%,#,#,.,#,.,#,.,^,.,.,^,.,#,#,#,#,.,#,#,#,#,.,%,^,.,%,.,.,.,^,.,.,%,^,#,#,#,#,.,#,#,#,#,.,.,.,.,#,.,#,.,.,%,#,#,#,#,#,.,.,.,%,%,#,#,.,.,.,.,#,.,#,^,^,%,.,.,^,#,#,#,#,^,#,#,#,#,%,.,.,.,#,%,#,.,#,#,#,%,.,#,#,#,#,.,#,#,.,.,.,.,.,.,%,.,.,.,^,.,%,^,.,#,#,#,#,#,#,#,#,#,#,#,#,#,#,#,#,#,#,#,#,#,#,#,
259,#,#,#,#,#,#,#,#,#,#,#,#,#,#,#,#,#,#,#,#,#,#,#,.,.,^,.,%,.,%,^,.,.,^,.,.,.,.,^,.,.,.,.,#,#,.,#,.,#,.,^,#,^,#,%,#,#,.,.,.,#,#,#,.,.,#,#,.,#,.,#,%,.,#,%,#,.,#,#,.,^,^,.,.,.,%,%,#,#,.,#,^,#,.,^,#,.,#,^,#,#,.,%,.,.,.,#,#,#,#,#,%,.,.,^,^,.,#,.,#,.,#,#,.,.,^,.,F,.,.,^,#,#,%,%,.,.,%,#,#,.,.,.,^,#,#,#,S,.,.,.,.,%,#,#,%,#,.,#,%,#,#,.,.,%,^,%,.,%,.,.,#,.,#,^,#,#,^,#,.,#,.,#,#,.,.,^,^,#,#,#,%,^,#,.,#,%,#,#,.,#,%,#,%,#,#,^,.,.,.,%,%,.,.,.,#,.,#,%,#,#,.,^,.,.,.,.,.,.,.,.,^,#,#,P,.,%,#,^,#,^,#,#,%,.,.,.,^,#,#,%,#,#,^,%,.,%,.,.,%,%,.,.,#,#,#,#,#,%,.,#,#,%,#,#,#,#,#,.,^,#,#,#,#,.,#,#,.,.,^,^,.,.,.,%,.,.,.,%,.,.,%,%,^,^,.,%,#,#,.,.,#,#,#,#,#,%,#,#,.,.,#,#,#,#,#,#,#,.,#,#,^,^,.,.,%,#,#,.,#,#,.,^,.,.,.,.,.,.,.,^,#,#,.,%,.,.,%,.,#,#,#,.,%,%,%,.,.,.,#,.,#,.,#,#,^,#,.,#,%,^,.,.,.,.,^,.,%,%,.,.,#,^,#,.,#,#,.,#,^,#,%,%,#,#,#,^,.,.,#,.,.,%,.,.,^,^,#,#,%,#,.,#,^,.,.,^,.,%,.,.,.,.,.,.,#,.,#,.,#,#,.,#,.,#,.,.,#,#,#,.,%,%,.,.,^,^,#,.,#,.,#,#,#,#,#,#,#,#,#,#,#,#,#,#,#,#,#,#,#,#,#,#,#,
260,#,#,#,#,#,#,#,#,#,#,#,#,#,#,#,#,#,#,#,#,#,#,#,^,^,^,^,.,.,%,.,^,%,^,#,#,#,.,^,%,.,.,.,#,#,^,#,#,#,#,%,^,#,#,#,^,.,.,.,^,.,.,^,#,#,#,#,^,.,.,.,.,.,.,%,.,^,^,#,#,#,%,.,.,.,#,#,#,#,.,#,#,#,#,#,#,#,.,%,.,.,.,^,.,.,.,.,#,#,#,#,.,.,.,.,.,^,^,.,.,.,%,#,#,#,.,.,.,.,#,#,#,#,%,#,#,#,^,#,#,.,#,#,#,#,.,#,#,%,.,%,.,.,#,#,.,.,%,%,.,#,#,.,#,#,#,#,.,#,#,#,#,#,#,.,#,#,^,#,#,#,.,.,%,.,.,.,.,.,^,.,^,.,%,%,.,.,#,#,.,.,^,.,.,#,#,.,#,#,#,#,.,#,#,#,#,#,#,%,#,#,.,#,#,#,.,#,#,.,#,#,#,#,.,#,#,.,%,^,%,%,#,#,.,.,.,.,.,.,.,%,.,.,.,%,.,.,.,#,#,.,#,#,#,#,.,#,.,#,.,.,.,#,#,#,.,.,#,#,#,#,#,.,#,#,#,#,.,#,.,#,%,.,.,%,.,%,%,.,.,.,.,.,.,^,.,.,#,#,.,#,.,#,%,#,#,#,%,.,P,#,#,^,.,#,#,.,#,#,#,#,.,.,^,^,.,.,.,%,%,.,.,.,.,.,.,#,#,.,#,#,#,#,^,.,%,.,^,.,^,.,%,.,%,.,.,.,^,^,.,^,.,.,#,#,^,.,#,#,#,#,#,#,#,.,.,F,#,#,#,%,^,.,.,^,#,#,.,^,^,^,.,^,.,.,.,.,%,.,%,.,^,.,.,#,.,.,#,#,#,#,#,.,.,#,#,#,#,.,#,#,#,.,.,.,.,.,^,S,#,#,.,.,.,^,.,%,%,.,.,%,^,.,.,.,.,%,^,.,.,.,#,#,#,#,#,#,#,#,#,#,#,#,#,#,#,#,#,#,#,#,#,#,#,
261,#,#,#,#,#,#,#,#,#,#,#,#,#,#,#,#,#,#,#,#,#,#,#,.,.,^,%,.,#,.,.,^,#,.,^,.,.,.,.,^,.,#,#,#,#,#,.,#,.,#,.,.,#,^,.,#,#,#,%,^,.,.,^,#,#,#,#,#,.,#,.,#,.,#,#,#,.,.,.,.,.,F,.,.,%,#,#,#,#,#,%,#,^,#,^,^,#,^,.,^,%,#,#,#,.,.,.,#,#,#,#,^,%,.,%,.,#,.,.,.,#,%,.,.,^,^,%,^,^,^,.,#,#,%,#,#,#,.,.,.,.,.,.,#,.,%,.,#,#,.,.,.,#,#,#,%,.,%,.,.,#,.,#,^,#,.,.,#,.,.,%,.,#,.,.,#,#,%,#,#,#,.,#,.,#,.,#,.,#,#,#,^,.,#,#,#,.,#,#,.,.,.,.,.,#,.,#,%,#,.,^,#,.,.,%,.,#,.,.,#,#,.,#,#,#,.,.,.,^,.,.,#,.,.,.,#,#,.,.,%,#,#,#,#,#,.,#,#,.,#,#,#,^,.,.,%,.,.,^,#,.,P,.,#,#,#,#,.,#,#,%,.,.,%,.,.,%,#,#,#,.,#,%,#,%,#,#,.,^,%,.,.,%,#,#,#,.,.,^,.,^,%,%,.,.,.,.,#,#,#,#,^,#,#,.,^,.,%,.,#,#,#,^,.,.,#,.,#,.,#,#,#,#,%,#,#,^,#,#,#,S,%,%,%,%,.,%,#,^,#,.,#,#,.,.,.,.,.,.,.,.,%,.,%,.,^,.,^,.,#,.,#,.,#,#,#,#,#,.,^,#,#,.,.,.,%,.,#,#,#,.,#,.,#,.,#,#,.,.,.,.,.,#,#,^,^,.,^,.,.,.,.,^,.,%,.,.,#,#,.,.,#,#,#,#,#,.,^,.,#,#,#,.,.,.,#,^,#,.,#,#,.,.,.,^,.,#,#,.,.,^,.,.,.,.,.,.,#,%,#,.,#,#,#,#,#,#,#,#,#,#,#,#,#,#,#,#,#,#,#,#,#,#,#,
262,#,#,#,#,#,#,#,#,#,#,#,#,#,#,#,#,#,#,#,#,#,#,#,.,#,^,#,.,%,.,.,^,.,^,%,.,%,.,^,%,S,.,.,#,#,.,#,.,#,.,%,.,#,.,.,.,#,.,#,^,.,#,%,#,%,#,#,.,^,.,%,.,^,.,.,.,%,%,#,%,#,^,^,#,%,#,.,#,#,.,#,.,#,.,.,.,#,.,%,%,#,%,#,%,%,#,.,#,.,#,#,.,#,.,#,.,.,.,^,^,.,.,#,.,#,.,.,#,.,#,.,#,#,.,.,%,.,.,^,%,.,.,.,.,.,.,.,.,.,.,^,.,^,#,#,%,#,.,#,.,.,%,.,.,.,.,.,#,^,.,#,#,#,#,.,#,#,.,#,.,#,.,.,.,#,^,.,%,^,F,.,.,.,.,^,.,%,#,#,.,#,.,#,.,^,.,.,^,.,.,.,#,%,.,#,#,#,#,.,#,#,.,#,.,#,%,.,.,.,.,.,.,%,.,.,^,.,%,%,.,.,#,#,.,^,.,.,^,.,.,.,.,.,%,#,.,#,.,.,.,.,.,.,#,#,%,%,#,#,#,^,^,.,#,#,.,#,^,#,%,.,%,#,#,#,#,#,%,^,.,.,%,.,%,%,#,#,.,.,.,.,.,.,^,^,^,.,#,#,#,#,#,^,.,.,.,^,#,#,.,#,.,#,%,#,#,#,.,.,#,#,.,.,.,.,.,%,.,%,#,#,.,#,^,#,.,%,.,.,.,.,#,#,.,.,.,%,^,#,#,%,.,.,#,.,^,.,P,.,^,.,.,.,#,#,#,#,#,.,.,#,#,.,%,.,^,%,#,.,.,#,#,#,#,.,#,#,.,.,.,.,.,#,#,%,.,%,.,#,#,#,.,.,^,^,.,.,#,#,%,.,#,#,#,#,#,^,%,^,%,.,#,^,.,#,#,#,#,%,#,#,.,.,^,.,%,.,.,.,.,%,#,%,%,%,#,.,.,.,.,.,#,#,#,#,#,#,#,#,#,#,#,#,#,#,#,#,#,#,#,#,#,#,#,
263,#,#,#,#,#,#,#,#,#,#,#,#,#,#,#,#,#,#,#,#,#,#,#,.,#,.,#,.,.,%,.,.,%,.,#,.,#,%,#,#,.,#,#,#,#,.,#,.,#,.,.,^,#,#,#,.,#,.,#,.,#,#,.,#,#,#,#,F,#,%,#,.,.,%,^,.,.,.,#,.,#,.,.,.,.,%,.,#,#,.,#,.,#,.,#,#,#,.,.,.,#,%,#,%,#,#,.,#,#,#,#,%,.,^,.,%,.,%,.,.,.,.,.,.,.,.,#,#,.,#,#,#,#,.,.,.,.,.,^,^,^,#,#,.,#,.,#,^,#,#,.,#,#,#,#,^,#,#,#,#,%,.,.,#,#,.,P,.,#,%,#,#,.,#,#,#,#,.,.,%,.,.,.,^,%,#,#,.,.,.,.,.,.,.,.,.,.,#,#,^,#,#,#,#,^,^,.,#,#,.,#,^,#,.,#,#,%,#,#,#,#,%,.,.,.,^,.,%,.,.,%,.,#,.,#,.,#,#,.,#,#,#,#,.,%,.,.,.,.,.,%,.,.,.,#,#,#,%,.,#,%,#,.,#,#,^,#,.,#,.,.,.,.,.,.,^,.,^,.,%,.,#,%,#,%,#,#,^,#,.,#,^,.,.,#,.,.,.,#,#,#,%,^,#,^,#,.,#,#,%,#,.,#,.,%,^,^,.,.,.,.,.,%,^,.,#,.,#,.,#,#,.,%,.,S,.,%,.,^,.,.,.,#,#,#,^,.,.,%,^,.,#,#,%,.,.,.,%,%,#,%,#,^,.,.,%,^,.,.,^,%,.,.,#,#,#,#,.,%,.,.,#,.,#,.,^,#,^,#,.,.,#,.,#,.,#,#,#,#,.,%,^,%,#,%,#,%,.,#,^,#,.,%,#,.,#,.,#,#,#,#,%,.,%,.,#,^,#,.,.,#,^,#,.,.,#,^,#,^,#,#,#,#,.,^,.,.,.,.,.,.,.,.,.,.,.,.,.,.,.,.,#,#,#,#,#,#,#,#,#,#,#,#,#,#,#,#,#,#,#,#,#,#,#,
264,#,#,#,#,#,#,#,#,#,#,#,#,#,#,#,#,#,#,#,#,#,#,#,%,.,.,%,.,#,#,.,.,.,%,.,.,#,#,.,^,.,.,.,#,#,#,#,#,.,.,#,#,.,%,.,^,.,.,#,#,#,#,.,.,.,#,#,.,.,.,.,.,#,#,.,S,.,.,.,.,#,#,#,#,.,.,^,#,#,.,.,#,#,#,#,#,.,%,.,.,.,.,#,#,#,#,.,.,.,#,#,%,^,.,.,.,.,.,.,^,^,^,.,%,.,^,#,#,^,%,^,#,#,#,#,^,#,#,.,#,^,#,F,.,.,.,#,#,.,.,%,.,.,#,#,P,#,.,#,#,.,#,^,#,^,.,.,%,#,#,.,.,#,#,#,#,#,.,^,.,^,^,.,.,.,%,.,.,.,.,#,#,.,.,.,.,^,#,#,#,#,.,#,#,.,#,%,#,^,%,.,%,#,#,#,#,#,.,.,#,#,#,#,.,#,#,%,#,^,#,.,%,.,.,%,^,.,.,.,.,.,#,#,.,%,.,.,%,#,#,%,.,.,#,#,.,.,.,^,.,.,%,%,#,#,#,#,#,#,.,#,#,.,.,%,#,#,.,.,.,#,.,#,.,#,#,#,.,.,.,.,.,#,#,.,.,.,#,#,^,.,.,#,.,#,.,#,#,#,#,#,#,#,.,#,#,.,.,.,#,#,.,.,.,#,.,#,.,#,#,#,^,.,%,.,.,^,%,.,.,^,.,%,.,.,%,%,.,%,.,.,#,#,.,%,.,.,.,.,%,.,.,.,^,.,.,.,.,.,%,^,.,.,#,#,.,.,.,.,.,#,#,#,%,.,.,%,#,%,.,.,#,#,#,#,#,#,.,%,#,%,.,^,.,.,.,%,.,.,%,.,.,.,.,.,^,.,#,#,.,.,^,^,^,.,%,#,#,#,%,%,#,%,.,.,#,#,#,#,#,#,.,.,^,.,.,.,.,.,.,.,^,.,%,.,.,.,%,.,.,.,#,#,#,#,#,#,#,#,#,#,#,#,#,#,#,#,#,#,#,#,#,#,#,
265,#,#,#,#,#,#,#,#,#,#,#,#,#,#,#,#,#,#,#,#,#,#,#,.,#,.,#,%,.,%,.,%,^,.,#,.,#,%,%,.,^,.,.,#,#,.,#,%,#,.,^,#,%,#,^,^,#,.,#,^,.,#,.,#,.,#,#,%,.,.,.,%,.,#,.,#,.,.,F,%,.,.,.,#,.,#,.,#,#,^,#,%,#,.,^,#,^,#,.,.,#,.,#,%,^,#,.,#,%,#,#,.,#,.,#,.,.,#,.,#,.,.,#,.,#,.,.,#,.,#,.,#,#,%,.,^,.,.,.,^,.,^,.,%,#,#,#,.,.,.,.,.,.,#,#,#,#,#,%,.,#,#,#,^,.,.,.,.,.,.,.,#,#,#,#,#,#,^,.,.,.,.,.,.,.,.,.,^,#,#,#,^,.,.,.,%,^,#,#,.,^,#,#,#,^,.,#,P,#,.,.,.,^,%,.,#,#,#,#,#,#,.,.,.,%,.,^,.,.,.,^,.,#,#,#,.,.,.,%,^,.,#,#,%,.,.,#,#,#,#,.,.,%,.,%,%,%,.,#,#,%,%,.,#,#,^,%,.,#,#,#,#,^,^,.,^,.,.,^,.,#,#,.,^,.,#,#,.,.,.,#,#,#,#,^,.,.,%,%,#,%,.,#,#,.,.,.,#,#,.,%,^,#,#,#,#,.,.,.,^,.,.,.,.,#,#,.,.,.,#,#,.,.,.,.,%,.,^,%,.,%,%,.,%,^,^,.,.,^,.,.,#,#,.,.,.,%,.,%,%,^,^,.,^,^,.,%,.,.,^,.,.,%,#,#,.,.,.,.,.,#,#,#,#,.,.,#,#,#,#,#,#,#,.,^,#,#,.,.,#,^,.,.,.,%,.,.,.,.,%,.,%,S,.,.,.,^,#,#,.,.,.,.,.,#,#,#,#,.,.,#,#,#,#,%,^,#,#,#,#,#,.,.,^,%,%,%,.,.,.,.,.,^,.,.,.,.,^,.,%,.,#,#,#,#,#,#,#,#,#,#,#,#,#,#,#,#,#,#,#,#,#,#,#,
266,#,#,#,#,#,#,#,#,#,#,#,#,#,#,#,#,#,#,#,#,#,#,#,.,#,#,#,^,%,.,.,^,.,.,%,.,^,.,^,%,^,#,#,#,#,.,.,.,.,.,.,.,^,.,^,#,#,#,.,%,%,.,.,#,#,#,#,.,#,#,#,^,.,.,#,.,^,.,.,%,.,.,.,.,.,#,#,#,#,.,.,.,.,.,.,.,.,.,%,.,.,#,#,#,%,.,^,#,#,#,#,.,#,#,#,.,^,.,.,.,^,^,.,.,.,.,.,%,^,.,^,#,#,.,.,.,%,.,^,%,.,.,.,#,.,.,.,#,%,.,.,.,^,#,#,^,#,%,#,.,.,#,.,#,.,^,.,#,^,.,.,%,#,#,#,#,#,S,#,.,#,^,%,#,.,#,.,%,#,#,#,.,^,.,^,.,.,#,#,%,#,.,#,.,.,#,.,#,.,%,.,#,.,^,#,#,#,.,.,#,#,.,.,.,%,.,.,^,%,.,^,#,%,%,.,#,^,.,.,.,.,#,#,.,.,.,.,.,.,.,.,.,.,.,%,.,^,.,#,#,^,.,^,#,#,.,#,#,#,#,.,#,.,#,%,.,#,%,#,.,#,#,.,.,.,#,#,.,^,.,%,.,^,#,.,#,^,.,#,.,#,.,#,#,^,.,.,#,#,.,#,#,#,#,.,#,.,#,.,.,#,.,#,^,#,#,%,.,^,#,#,.,.,.,%,%,.,^,.,F,.,.,.,.,.,^,.,%,.,^,^,#,#,.,#,.,#,.,.,.,.,%,.,#,#,.,^,^,.,.,.,%,.,#,#,.,#,.,#,^,#,#,%,.,^,#,#,^,.,.,#,#,#,#,.,#,#,%,.,^,%,.,#,#,.,.,.,#,#,.,.,.,^,%,.,.,.,#,#,.,#,^,#,^,#,#,%,.,.,#,#,.,^,%,P,#,#,#,%,#,#,.,#,.,#,.,#,#,^,^,.,.,.,.,%,.,.,.,.,^,.,#,#,#,#,#,#,#,#,#,#,#,#,#,#,#,#,#,#,#,#,#,#,#,
267,#,#,#,#,#,#,#,#,#,#,#,#,#,#,#,#,#,#,#,#,#,#,#,^,.,%,.,^,.,^,.,.,.,%,#,.,#,%,%,.,^,.,.,#,#,.,#,^,#,.,#,.,#,.,#,.,#,%,#,%,#,%,#,.,#,#,#,.,#,^,#,.,#,^,#,.,#,^,#,.,#,.,#,%,#,.,#,#,#,^,#,.,#,.,#,^,#,.,#,^,#,.,#,.,#,.,#,%,#,#,#,.,#,%,#,.,%,.,.,.,.,.,^,.,%,^,.,.,.,^,.,#,#,.,#,#,#,^,#,^,F,.,#,%,#,.,#,.,%,.,.,.,^,#,#,.,.,.,.,.,.,.,#,%,.,.,#,.,#,.,#,^,#,.,#,#,#,.,#,#,#,.,.,#,#,#,.,.,#,.,P,.,#,.,#,.,#,#,#,.,.,.,^,.,.,.,#,%,%,.,#,.,#,.,#,%,#,.,#,#,#,.,#,#,#,%,#,%,%,.,#,.,.,%,.,.,%,^,.,.,.,#,#,.,%,^,.,.,%,.,.,.,^,#,.,.,^,#,.,.,%,.,%,#,#,%,.,.,.,.,.,.,.,.,^,.,.,#,%,.,#,#,%,.,.,#,#,.,.,#,.,.,^,%,#,.,.,.,#,#,#,.,#,#,.,.,.,#,#,^,.,.,.,^,%,.,.,.,.,.,%,#,.,.,#,#,%,.,S,#,#,.,%,.,.,%,.,.,.,.,.,#,^,.,^,#,#,#,.,.,%,#,#,#,.,^,^,#,.,.,^,^,.,%,.,.,^,^,#,#,.,%,^,#,#,.,.,#,^,.,#,#,#,#,.,%,.,#,#,#,#,#,%,.,^,#,#,.,#,#,#,.,%,.,.,^,.,.,%,.,%,.,#,#,.,.,.,#,#,.,%,#,.,^,#,#,#,#,.,#,#,#,.,^,#,#,.,.,^,#,#,#,.,.,.,#,^,^,.,.,.,.,%,.,.,.,.,.,.,%,%,#,#,#,#,#,#,#,#,#,#,#,#,#,#,#,#,#,#,#,#,#,#,#,
268,#,#,#,#,#,#,#,#,#,#,#,#,#,#,#,#,#,#,#,#,#,#,#,.,%,.,%,^,.,.,.,.,%,.,.,.,.,.,#,#,%,.,^,#,#,#,#,#,#,.,#,#,#,#,^,#,.,#,%,#,#,#,.,^,.,#,#,%,.,%,.,.,.,.,.,.,.,#,%,#,.,#,#,#,.,.,%,#,#,#,#,#,#,%,#,#,#,#,.,#,^,#,.,#,#,#,.,%,%,#,#,%,.,.,.,%,^,%,.,.,.,.,%,%,.,.,.,.,.,.,.,#,#,.,.,^,.,.,.,%,.,.,^,.,.,%,.,.,#,#,%,#,#,#,#,^,#,#,#,#,#,#,#,^,.,.,^,#,#,#,#,#,^,#,#,#,#,%,%,.,.,%,^,.,^,.,.,.,.,%,.,^,.,.,.,.,.,#,#,.,#,#,#,#,^,^,#,#,#,#,#,#,.,^,P,#,.,#,#,#,#,^,.,%,F,.,^,.,^,%,.,.,.,^,%,.,#,#,.,#,#,#,#,.,%,.,^,.,.,.,.,.,.,^,.,.,.,.,.,^,.,.,%,#,#,#,#,.,.,%,#,^,#,.,#,^,#,^,#,^,#,#,.,.,%,#,#,#,#,%,.,^,#,.,#,.,#,.,#,.,#,%,#,#,.,.,%,#,#,#,#,.,.,%,#,.,#,.,#,.,#,.,#,.,#,#,.,.,^,#,#,#,#,.,%,.,.,.,.,.,.,%,#,.,#,^,#,#,.,.,.,#,#,.,.,.,^,%,.,.,.,.,.,.,%,.,.,%,.,.,.,^,^,#,#,.,#,#,#,#,.,%,#,#,#,.,#,%,#,.,#,#,#,#,.,#,#,.,.,.,.,.,.,.,^,^,.,.,#,^,#,.,.,.,^,.,.,#,#,.,#,#,#,#,#,#,#,.,^,%,#,.,#,^,#,#,#,#,S,#,#,.,.,^,%,.,.,^,.,^,^,.,.,.,.,.,.,^,%,.,.,#,#,#,#,#,#,#,#,#,#,#,#,#,#,#,#,#,#,#,#,#,#,#,
269,#,#,#,#,#,#,#,#,#,#,#,#,#,#,#,#,#,#,#,#,#,#,#,.,#,#,#,.,.,S,^,.,.,%,.,.,#,#,#,#,%,%,%,#,#,^,.,^,.,.,.,.,.,#,#,.,^,.,#,#,#,#,.,%,%,#,#,.,#,#,#,^,%,.,%,#,#,.,.,.,#,#,#,#,.,.,.,#,#,%,.,.,.,^,.,^,.,#,#,.,.,%,#,#,#,#,^,.,.,#,#,.,#,#,#,.,.,.,^,#,#,^,.,%,%,%,.,%,%,^,.,#,#,#,#,.,.,.,.,^,.,#,#,.,.,.,.,.,.,.,.,.,.,#,#,#,#,.,.,.,.,.,^,#,#,.,.,#,.,.,.,#,.,#,^,#,#,#,P,%,.,%,.,.,.,#,#,.,%,^,.,%,.,#,.,#,.,#,#,#,#,.,.,^,^,F,.,#,#,^,.,#,.,%,.,#,.,#,^,#,#,.,.,.,.,.,.,.,%,^,.,.,.,.,.,%,.,^,.,.,.,#,#,.,.,.,.,.,%,^,^,.,.,.,.,.,%,.,.,.,.,.,.,#,#,.,%,#,#,#,%,#,.,#,.,^,#,.,#,.,.,.,#,#,#,#,#,^,%,.,.,.,%,#,.,#,.,^,#,.,#,.,.,^,.,.,%,#,#,#,#,#,.,.,.,#,.,#,.,.,#,.,#,.,#,#,#,.,.,#,#,.,.,^,.,^,.,#,.,#,^,.,#,%,#,.,.,.,%,.,.,#,#,#,#,.,.,%,.,.,.,.,^,.,.,^,%,.,#,#,.,.,.,#,#,#,#,%,^,%,#,^,#,.,#,%,#,.,#,.,#,#,.,^,.,#,#,#,#,^,.,.,#,%,#,.,#,.,#,.,#,.,#,#,%,^,.,#,#,#,#,.,.,.,#,^,#,.,#,.,#,.,#,.,#,#,.,^,%,#,#,%,.,%,%,.,^,.,.,.,.,.,.,%,.,.,^,.,%,%,.,#,#,#,#,#,#,#,#,#,#,#,#,#,#,#,#,#,#,#,#,#,#,#,
270,#,#,#,#,#,#,#,#,#,#,#,#,#,#,#,#,#,#,#,#,#,#,#,.,#,#,#,.,%,.,.,%,%,^,.,.,#,#,^,%,.,^,.,#,#,^,%,.,^,.,.,.,.,%,.,.,.,%,#,#,#,#,#,#,.,#,#,.,#,#,#,.,%,^,#,F,.,.,.,.,#,#,%,%,.,.,.,#,#,.,.,.,.,^,.,.,%,^,.,.,.,^,#,#,#,#,#,#,%,#,#,^,#,#,#,.,^,^,.,S,.,%,^,^,.,.,.,.,.,%,^,#,#,^,.,.,#,#,%,#,#,#,%,.,.,.,.,^,.,#,.,#,.,#,#,.,%,.,#,#,.,%,.,^,.,.,.,%,^,.,.,#,.,#,.,#,#,.,.,.,#,#,^,#,#,#,.,.,.,#,.,.,.,.,.,.,.,#,#,.,^,.,#,#,.,.,.,%,^,.,%,%,.,%,.,#,.,#,%,#,#,.,.,.,^,.,.,#,#,#,^,.,.,.,^,.,^,#,%,#,.,#,#,.,.,.,.,%,.,.,.,.,^,.,.,.,#,#,%,.,.,^,%,#,#,.,#,.,#,.,#,#,#,#,.,.,^,.,#,#,^,#,.,#,%,#,#,.,#,.,#,.,.,.,.,.,.,.,%,.,#,P,%,#,.,#,%,#,#,.,#,.,#,.,#,#,#,#,.,.,^,.,#,#,.,#,.,#,%,#,#,.,.,%,%,.,^,^,.,.,^,.,^,.,.,.,^,#,^,#,.,#,#,.,%,.,.,.,.,.,.,.,.,^,%,.,.,%,.,#,#,#,.,#,#,.,#,.,#,.,.,#,.,#,.,#,#,#,.,.,.,.,^,.,^,#,#,.,#,.,#,%,.,#,.,#,^,.,%,^,^,.,.,#,#,#,.,#,#,.,#,%,#,^,.,#,.,#,.,.,^,#,#,#,.,%,.,.,.,#,#,.,.,.,.,%,.,.,^,.,.,^,%,^,.,^,.,#,#,#,.,#,#,#,#,#,#,#,#,#,#,#,#,#,#,#,#,#,#,#,#,#,#,#,
271,#,#,#,#,#,#,#,#,#,#,#,#,#,#,#,#,#,#,#,#,#,#,#,#,.,.,^,#,.,.,.,.,.,.,#,#,#,.,^,.,.,#,#,#,#,.,^,#,.,.,%,.,#,.,.,.,.,.,.,^,^,.,.,#,#,#,#,%,#,#,#,.,.,.,.,.,.,.,#,#,#,^,^,.,.,#,#,#,#,%,^,#,.,.,.,%,#,.,.,.,.,.,.,%,^,.,%,#,#,#,#,#,.,^,%,#,^,%,.,^,.,^,#,#,#,%,%,^,.,^,^,#,#,.,#,.,#,.,%,.,^,.,.,.,.,.,.,.,^,%,.,%,.,#,#,.,#,.,#,^,.,#,^,#,.,.,.,#,#,#,^,.,#,#,P,#,#,^,#,%,#,.,.,#,^,#,.,%,^,^,.,.,.,.,.,.,.,#,#,.,#,^,#,.,^,#,.,#,.,#,#,#,.,.,#,#,#,.,%,#,#,.,.,.,.,%,%,.,^,%,^,.,^,.,.,.,.,.,%,.,%,#,#,.,.,.,.,%,.,#,%,#,^,.,.,.,.,.,#,.,.,.,#,#,#,#,#,#,#,.,^,#,.,#,^,#,#,%,^,^,.,^,#,%,%,#,#,%,.,.,.,^,.,#,.,#,^,#,#,.,.,%,^,#,#,#,^,#,#,#,#,#,#,S,.,#,^,#,.,#,#,.,.,.,.,%,#,.,.,#,#,.,.,.,^,.,.,.,^,.,.,#,#,.,.,^,#,.,.,^,#,#,#,.,^,^,#,#,#,#,.,#,#,^,.,%,%,.,%,.,.,.,.,#,#,.,F,%,#,#,#,#,.,#,#,.,#,%,#,^,.,#,#,#,#,#,#,.,^,.,#,#,^,.,.,.,^,%,#,%,#,.,.,.,.,.,%,#,#,.,.,^,#,#,#,#,.,#,#,.,#,.,#,.,.,#,#,#,#,#,#,%,.,^,.,^,#,#,^,#,#,.,.,^,%,.,.,%,%,.,^,#,#,#,#,#,#,#,#,#,#,#,#,#,#,#,#,#,#,#,#,#,#,#,
272,#,#,#,#,#,#,#,#,#,#,#,#,#,#,#,#,#,#,#,#,#,#,#,#,#,^,#,#,.,%,.,.,.,.,^,.,%,%,.,.,.,.,.,#,#,#,#,.,#,#,#,.,#,^,#,.,#,%,#,.,.,.,%,.,.,#,#,.,^,.,.,%,#,S,#,.,#,.,#,.,#,.,.,.,#,.,.,#,#,#,#,%,#,#,#,.,#,.,#,.,#,.,#,.,.,^,%,.,%,#,#,#,#,.,#,#,.,.,^,.,.,.,#,.,#,.,^,.,.,%,.,#,#,#,#,.,#,#,.,.,%,.,^,.,.,.,.,.,.,#,^,#,.,#,#,#,#,.,#,#,^,#,^,#,.,#,#,#,%,.,.,#,%,#,.,#,#,%,.,.,^,.,.,#,.,#,^,.,.,^,.,.,%,#,%,#,.,#,#,#,#,.,#,#,.,#,.,#,.,.,^,#,#,#,%,#,.,#,^,#,#,#,#,.,#,#,^,#,%,#,.,.,.,.,%,.,.,.,.,.,.,#,#,.,#,.,#,.,.,%,.,.,.,.,.,.,.,^,^,P,.,#,.,#,#,.,#,.,#,.,#,#,#,.,.,.,.,^,%,.,^,#,.,#,.,#,#,.,#,^,#,.,.,%,^,^,.,%,.,#,^,.,.,.,.,.,%,#,#,.,#,.,#,.,.,.,#,#,#,^,.,.,^,.,%,#,.,#,.,#,#,.,%,.,^,.,.,%,%,^,.,%,^,.,.,.,.,#,.,#,.,#,#,.,#,.,#,.,#,#,.,%,.,^,%,^,#,#,.,.,^,.,^,#,#,^,#,.,#,.,#,#,.,F,.,%,.,.,#,#,#,#,#,#,%,#,#,%,#,.,#,.,#,#,.,.,.,%,.,.,#,#,.,.,.,^,.,#,#,.,#,.,#,.,#,#,.,.,%,.,.,%,#,#,#,#,#,#,%,#,#,^,.,.,.,^,%,^,.,^,.,.,.,.,.,.,.,.,.,%,.,#,#,#,#,#,#,#,#,#,#,#,#,#,#,#,#,#,#,#,#,#,#,#,
273,#,#,#,#,#,#,#,#,#,#,#,#,#,#,#,#,#,#,#,#,#,#,#,.,.,%,.,.,.,.,.,#,#,#,#,%,#,#,^,.,.,.,.,#,#,^,^,.,.,.,.,.,.,#,#,#,#,.,#,#,#,#,.,.,^,#,#,.,.,#,.,%,.,.,.,#,#,^,.,%,.,.,#,#,%,.,.,#,#,^,.,.,.,.,^,.,.,#,#,#,#,.,#,#,#,#,^,.,.,#,#,S,.,.,^,.,^,.,.,.,.,#,#,.,#,#,#,#,^,^,%,#,#,#,#,.,.,.,^,.,.,%,^,%,#,%,#,%,^,.,.,.,.,#,#,#,#,^,.,%,%,.,#,.,^,^,#,.,#,.,.,#,.,#,%,#,#,#,#,.,%,.,^,.,%,.,.,%,#,.,#,.,.,#,%,#,.,#,#,#,#,.,.,.,^,.,#,.,%,%,#,^,#,%,%,#,.,#,.,#,#,%,^,.,.,%,.,%,.,.,.,^,.,^,%,.,.,.,%,.,.,#,#,^,#,.,#,.,.,.,.,.,.,.,^,^,.,^,%,.,.,.,.,#,#,^,#,.,#,.,.,.,.,^,.,.,.,#,^,%,.,#,.,#,.,#,#,%,#,%,#,.,%,.,#,^,.,^,%,.,F,.,.,#,.,#,.,#,#,.,#,.,#,.,^,.,%,.,.,^,.,#,^,.,.,#,^,#,.,#,#,.,%,.,.,.,.,.,%,%,^,.,^,.,.,.,.,#,.,#,.,#,#,.,.,.,%,^,^,.,%,.,.,%,.,^,.,.,.,.,^,.,.,#,#,^,.,.,#,#,#,#,.,.,^,.,#,.,#,.,#,#,.,.,%,#,#,^,.,.,P,#,#,#,.,^,.,.,#,.,#,%,#,#,.,.,.,#,#,.,^,.,#,#,#,#,.,.,.,^,#,.,#,.,#,#,.,.,.,#,#,.,.,.,#,#,#,#,%,^,.,^,#,.,#,.,#,#,%,.,.,#,#,#,#,#,#,#,#,#,#,#,#,#,#,#,#,#,#,#,#,#,#,#,
274,#,#,#,#,#,#,#,#,#,#,#,#,#,#,#,#,#,#,#,#,#,#,#,.,#,%,#,.,%,.,.,#,#,.,^,%,.,%,#,#,%,.,.,#,#,.,#,.,#,%,%,.,.,#,#,^,^,#,#,#,#,#,.,.,.,#,#,^,.,^,^,.,^,.,.,#,#,.,.,^,^,.,#,#,.,.,.,#,#,^,#,.,#,.,.,.,.,#,#,#,#,#,.,.,#,#,.,.,^,#,#,.,#,.,#,^,.,.,%,.,^,.,^,.,.,.,.,.,.,%,.,#,#,.,%,.,.,.,.,^,.,#,#,.,^,.,.,.,.,.,^,.,.,#,#,%,#,.,#,%,.,.,.,#,#,.,^,#,#,#,%,#,#,#,#,#,#,.,#,.,#,.,^,^,^,#,#,.,.,.,.,.,.,^,.,^,.,#,#,.,#,^,#,.,^,.,.,#,#,#,#,#,^,%,.,#,#,#,#,#,#,.,#,.,#,.,.,%,.,.,.,^,.,.,.,.,^,%,%,.,.,#,#,^,#,.,#,.,.,.,^,.,.,.,.,.,.,%,%,%,.,.,.,#,#,.,#,%,#,^,.,#,#,#,#,^,.,#,.,.,#,.,#,.,#,#,#,.,.,.,%,^,.,^,.,.,.,.,.,.,.,.,#,.,#,.,#,#,#,.,#,.,#,.,.,#,#,P,#,%,.,#,%,%,#,.,#,.,#,#,#,.,#,.,#,%,.,.,.,%,%,.,.,.,%,.,.,.,^,.,.,#,#,.,#,.,#,^,.,%,%,.,%,.,.,^,.,^,.,.,.,^,.,#,#,.,#,.,#,%,#,#,#,.,%,#,#,#,#,.,.,.,#,^,^,#,#,%,^,.,.,.,^,.,.,.,%,.,.,^,.,.,%,.,%,.,.,#,#,%,#,.,#,.,F,^,#,#,#,#,#,#,#,.,.,.,#,.,.,#,#,%,#,%,#,.,.,^,.,.,.,.,S,%,.,%,^,.,.,.,.,#,#,#,#,#,#,#,#,#,#,#,#,#,#,#,#,#,#,#,#,#,#,#,
275,#,#,#,#,#,#,#,#,#,#,#,#,#,#,#,#,#,#,#,#,#,#,#,.,#,.,#,^,.,.,.,.,.,.,^,.,.,.,.,%,.,%,.,#,#,^,P,%,#,^,^,#,^,#,.,.,#,%,#,.,.,.,.,.,^,#,#,.,#,.,#,.,.,#,.,#,^,.,#,.,#,%,%,.,#,.,.,#,#,.,#,^,#,.,^,#,.,#,.,.,#,%,#,.,.,.,^,%,.,#,#,.,.,.,.,.,.,#,.,#,.,.,#,.,#,%,.,^,.,.,.,#,#,.,^,.,.,.,F,.,.,%,.,^,%,.,%,.,.,.,^,%,.,#,#,#,#,#,#,.,#,#,#,%,^,#,.,#,%,#,.,#,^,#,.,#,#,.,.,.,.,.,%,.,.,.,.,#,.,#,.,#,.,#,.,#,%,#,#,#,#,#,#,%,^,.,#,#,#,#,%,#,^,#,.,#,.,#,.,#,#,.,.,^,.,.,.,.,.,^,S,.,%,.,.,^,.,.,^,^,%,#,#,.,.,.,.,%,^,.,.,.,%,#,.,^,^,#,^,^,.,%,.,#,#,.,#,.,#,.,#,^,#,.,#,.,.,#,%,^,.,.,#,#,#,#,#,^,#,.,#,^,#,.,#,.,#,.,#,#,#,%,%,%,%,.,.,#,#,.,#,%,#,%,#,^,#,.,#,.,.,#,%,.,#,#,#,.,^,#,#,^,#,%,#,%,^,.,.,.,.,#,.,.,%,#,.,.,.,.,.,#,#,.,%,%,.,.,.,.,.,.,.,.,.,.,.,.,^,.,^,.,%,#,#,%,^,.,#,#,.,^,.,%,.,^,#,.,#,.,.,^,.,#,#,#,#,.,^,.,#,#,^,.,#,%,%,^,#,%,#,%,%,%,.,#,#,#,#,%,.,%,#,#,%,%,^,.,.,.,#,^,#,.,^,^,.,#,#,#,#,.,.,.,#,#,.,^,%,.,.,.,.,.,^,.,%,.,%,#,#,#,#,#,#,#,#,#,#,#,#,#,#,#,#,#,#,#,#,#,#,#,#,#,
276,#,#,#,#,#,#,#,#,#,#,#,#,#,#,#,#,#,#,#,#,#,#,#,.,.,.,.,.,^,.,%,#,#,.,.,.,.,.,.,%,.,^,.,#,#,.,.,^,#,#,.,%,.,#,#,.,#,%,#,.,#,#,#,#,.,#,#,^,^,%,#,#,.,.,%,#,#,%,#,^,#,.,%,%,.,^,.,#,#,.,.,.,#,#,%,^,^,#,#,^,#,.,#,%,#,#,#,#,.,#,#,^,^,.,#,#,.,%,.,^,^,%,^,^,.,%,^,.,%,.,^,#,#,.,.,.,.,.,%,%,.,.,%,%,#,^,#,.,^,.,.,#,#,#,#,#,#,%,.,.,%,%,^,#,#,.,#,.,#,.,.,.,%,P,#,#,#,#,#,^,.,%,.,^,.,#,#,.,#,.,#,%,%,^,%,#,#,#,#,#,#,.,.,^,.,%,.,#,#,.,#,%,#,^,%,.,.,#,#,#,#,#,#,^,^,%,.,^,.,#,#,.,.,F,.,^,.,.,.,.,.,#,#,.,.,.,.,%,.,^,.,#,#,.,.,.,.,%,.,.,%,.,.,#,#,#,#,#,%,%,.,.,^,#,#,.,.,#,#,#,.,.,#,#,#,#,#,^,.,.,.,%,^,.,.,#,#,%,^,.,.,.,.,.,^,.,.,#,#,.,^,#,#,#,.,.,.,#,#,#,#,#,%,.,#,#,#,.,%,#,#,.,.,.,^,.,^,%,%,.,.,.,.,.,.,^,.,.,^,.,.,#,#,.,#,.,#,.,.,#,.,#,%,#,#,.,#,#,#,#,.,#,#,#,#,.,#,.,#,^,%,#,^,#,^,#,#,^,#,#,#,#,%,#,#,#,#,.,.,.,^,.,%,#,.,#,.,%,.,S,%,.,.,^,.,^,.,#,#,^,#,.,#,.,^,#,^,#,.,#,#,.,#,#,#,#,.,#,#,#,#,.,#,%,#,^,%,.,.,^,.,#,#,.,#,#,#,#,%,#,#,#,#,#,#,#,#,#,#,#,#,#,#,#,#,#,#,#,#,#,#,#,#,#,
277,#,#,#,#,#,#,#,#,#,#,#,#,#,#,#,#,#,#,#,#,#,#,#,%,#,.,#,^,.,^,.,#,#,.,#,#,#,^,.,#,.,#,.,#,#,.,#,.,#,.,.,.,.,#,P,.,.,%,.,.,.,#,.,#,^,#,#,.,.,.,%,.,%,.,%,#,#,%,#,#,#,%,%,.,.,%,^,#,#,%,#,.,#,^,%,.,.,#,#,%,.,^,.,.,.,#,.,#,.,#,#,.,#,^,#,.,.,%,.,^,.,.,#,#,#,.,.,#,.,#,.,#,#,.,%,%,.,.,.,%,^,%,%,%,%,%,^,^,#,.,.,.,#,#,#,%,#,#,#,#,.,#,.,#,%,.,#,.,#,^,^,.,#,.,.,#,#,.,.,.,.,.,.,#,.,#,^,^,#,.,#,^,^,#,#,#,%,#,#,.,#,#,#,#,^,#,^,#,.,%,#,.,#,.,.,.,#,%,.,#,#,.,.,.,.,%,%,#,%,#,.,%,#,.,#,^,#,%,%,^,#,#,#,.,.,.,.,^,%,#,#,#,.,.,^,^,#,#,^,#,%,#,^,#,#,#,#,#,.,.,.,%,.,.,^,.,.,.,#,#,.,#,.,#,.,#,#,.,%,^,%,%,.,#,#,#,^,.,%,.,#,#,.,#,%,#,.,#,#,.,%,#,#,#,.,^,.,.,.,^,%,%,#,#,.,#,.,#,.,#,#,^,.,%,.,.,%,#,#,#,.,%,%,.,.,.,^,^,^,.,.,#,#,.,^,^,.,%,.,.,.,.,.,.,.,^,%,.,.,.,.,S,.,#,#,.,#,%,#,.,#,#,#,^,.,#,#,.,^,.,.,#,.,#,^,#,#,%,#,.,#,^,.,^,.,.,.,#,#,.,.,.,.,#,%,#,.,#,#,^,#,.,#,F,.,%,#,#,#,#,#,.,^,.,.,#,.,#,.,#,#,.,#,^,#,.,.,%,^,.,.,#,#,.,%,.,.,#,%,#,%,#,#,#,#,#,#,#,#,#,#,#,#,#,#,#,#,#,#,#,#,#,#,#,
278,#,#,#,#,#,#,#,#,#,#,#,#,#,#,#,#,#,#,#,#,#,#,#,.,%,.,.,.,#,#,.,#,#,.,#,.,#,.,.,.,.,.,.,#,#,.,.,.,.,%,#,#,^,#,#,.,#,.,#,.,%,^,.,.,.,#,#,^,.,#,.,.,.,.,^,%,^,.,#,.,#,%,.,%,#,.,%,#,#,.,%,%,.,.,#,#,^,#,#,.,#,^,#,.,.,.,.,.,%,#,#,%,.,%,.,.,#,#,.,#,#,.,%,.,.,.,.,^,.,.,^,#,#,.,^,^,%,.,.,#,.,#,.,.,.,.,.,.,.,^,.,.,.,#,#,.,%,#,#,#,%,#,^,#,^,#,#,#,^,.,%,#,#,#,#,#,#,.,.,.,.,%,.,#,^,#,%,.,.,.,.,.,^,.,^,%,.,#,#,#,#,#,.,.,^,P,.,#,%,%,.,#,#,#,.,#,#,#,#,#,#,.,.,^,.,.,.,.,.,.,%,.,.,.,%,.,.,%,.,.,^,#,#,.,.,.,#,#,^,#,.,#,.,%,%,^,#,#,.,%,^,.,.,#,#,.,^,.,#,#,%,#,.,#,%,.,.,.,#,#,.,.,.,.,.,#,#,.,%,.,#,#,^,#,.,#,.,S,.,%,#,#,.,.,#,.,.,#,#,%,.,.,#,#,^,#,.,#,%,.,%,%,#,#,.,.,.,.,.,#,#,%,.,.,.,.,.,%,%,.,.,%,^,.,%,.,.,^,.,^,.,#,#,%,.,.,.,^,%,.,.,#,#,.,.,F,%,.,^,.,.,.,.,#,#,.,.,.,.,.,^,.,.,#,#,#,#,#,%,.,#,#,%,.,.,#,#,.,^,#,.,.,.,.,.,#,#,.,.,.,.,^,#,#,^,.,%,#,#,.,.,.,.,^,.,.,.,#,#,^,.,#,#,#,#,#,.,%,%,#,#,.,^,.,.,.,%,%,.,^,^,.,^,.,.,%,#,#,^,%,.,#,#,#,#,#,#,#,#,#,#,#,#,#,#,#,#,#,#,#,#,#,#,#,
279,#,#,#,#,#,#,#,#,#,#,#,#,#,#,#,#,#,#,#,#,#,#,#,#,#,%,^,^,^,.,^,.,.,#,#,.,P,#,^,%,%,.,.,#,#,#,#,.,.,.,#,#,.,.,.,#,#,^,#,#,%,#,.,#,%,#,#,#,#,.,%,%,#,#,.,.,.,.,.,.,%,.,.,#,.,#,^,#,#,#,#,.,.,.,#,#,.,.,.,#,#,%,#,#,.,#,.,#,.,#,#,.,.,%,.,.,#,#,%,.,^,#,#,.,#,#,^,.,.,.,.,#,#,.,.,.,.,.,.,.,.,#,#,%,.,%,.,.,%,#,#,#,.,#,#,^,^,%,#,#,%,.,.,#,#,#,.,#,.,#,.,.,.,.,.,#,#,.,.,.,#,#,.,^,^,#,#,#,^,#,%,#,^,#,#,#,.,#,#,.,%,.,#,#,.,.,.,#,#,#,.,#,.,#,.,%,^,%,.,#,#,%,.,.,#,#,^,.,%,^,.,%,.,%,.,.,.,#,#,#,.,#,#,.,.,.,.,.,.,%,.,.,.,%,.,^,.,^,#,#,.,.,.,#,#,.,#,%,#,.,%,^,#,#,#,#,.,#,.,#,#,#,.,%,%,#,#,.,#,.,#,^,^,.,.,.,.,#,.,#,.,#,#,#,.,^,.,#,#,.,#,%,#,.,#,#,#,.,.,#,.,#,^,#,#,#,.,.,F,#,#,.,%,.,.,.,.,.,.,.,.,.,^,.,.,.,.,.,^,^,%,#,#,#,#,.,#,#,#,#,.,#,#,^,#,^,#,.,.,.,.,.,.,#,#,#,#,%,#,#,#,#,^,#,#,.,#,.,#,%,#,#,.,.,.,#,#,^,.,.,.,.,.,.,.,%,^,^,%,%,.,^,#,#,%,^,^,#,#,#,#,%,#,#,#,#,.,#,#,.,#,.,#,.,#,#,.,.,.,#,#,#,#,.,#,#,#,#,.,#,#,^,#,%,#,.,#,#,.,S,.,#,#,#,#,#,#,#,#,#,#,#,#,#,#,#,#,#,#,#,#,#,#,#,
280,#,#,#,#,#,#,#,#,#,#,#,#,#,#,#,#,#,#,#,#,#,#,#,%,.,.,^,.,%,^,.,^,%,^,.,.,.,.,%,^,.,.,.,#,#,.,^,#,.,.,.,#,.,#,.,.,#,#,#,#,#,#,%,.,.,#,#,.,^,.,.,.,.,#,.,#,.,.,.,.,.,.,#,P,.,.,.,#,#,.,.,#,.,^,.,#,^,#,.,.,#,#,#,#,#,#,.,.,.,#,#,.,.,.,%,.,.,#,.,#,.,%,.,%,.,.,#,#,%,^,.,#,#,^,^,.,.,.,.,%,^,%,^,.,#,#,#,^,.,.,.,.,.,#,#,#,#,#,%,.,.,^,^,^,.,.,.,.,.,.,^,%,#,.,.,#,#,.,%,^,%,.,.,.,#,^,.,.,#,#,#,.,%,%,.,.,.,#,#,.,^,#,#,#,%,.,.,^,.,.,S,^,%,.,%,.,#,%,.,#,#,%,^,.,%,.,.,.,^,.,.,.,#,#,#,.,.,.,.,%,.,#,#,^,.,.,.,^,.,.,.,%,.,#,#,.,#,#,^,.,.,%,%,#,#,%,.,#,#,#,.,.,%,#,#,#,#,.,#,#,.,#,.,#,%,#,#,.,%,.,.,.,.,^,.,#,#,%,.,%,.,%,.,#,.,#,^,#,#,#,#,#,^,^,.,.,.,#,#,#,#,.,#,#,.,#,.,#,^,#,#,%,.,^,.,%,^,.,.,#,#,#,#,.,#,#,.,.,.,.,^,#,#,%,%,.,^,.,.,#,.,#,.,.,#,.,#,.,.,.,^,^,.,#,#,.,.,.,#,#,%,#,.,#,%,.,#,.,#,^,#,#,#,%,^,#,#,.,.,^,#,#,%,.,^,%,.,%,#,.,#,^,.,.,.,.,%,#,#,.,F,^,#,#,.,#,.,#,%,.,#,.,#,.,^,.,#,#,#,#,#,.,%,^,#,#,^,#,^,#,.,.,.,.,%,.,%,.,.,^,.,#,#,#,#,#,#,#,#,#,#,#,#,#,#,#,#,#,#,#,#,#,#,#,
281,#,#,#,#,#,#,#,#,#,#,#,#,#,#,#,#,#,#,#,#,#,#,#,.,.,^,^,%,^,.,.,#,#,^,%,.,.,^,#,#,.,#,#,#,#,#,.,#,^,#,.,.,%,#,#,.,#,.,#,^,#,#,.,#,#,#,#,#,^,#,%,#,^,%,^,#,#,^,#,.,#,.,.,.,^,.,^,#,#,#,.,#,.,#,.,.,.,#,#,.,#,.,#,.,#,#,.,#,#,#,#,^,%,^,.,^,.,.,.,.,.,%,#,.,#,.,#,#,^,#,#,#,#,#,#,.,#,#,#,#,%,#,#,.,.,.,.,.,%,^,.,.,.,#,#,#,#,.,#,#,#,#,^,#,#,.,.,^,#,#,.,.,#,.,%,#,#,.,.,.,.,.,.,.,^,.,.,.,.,.,P,#,.,%,.,.,.,#,#,#,#,%,#,#,#,#,.,#,#,.,%,.,#,#,%,.,#,.,.,#,#,#,#,.,#,#,#,#,.,#,#,.,.,.,#,#,.,.,.,.,.,#,#,.,.,.,.,.,.,^,.,.,.,.,.,%,S,.,^,^,.,.,%,#,#,.,.,#,.,.,.,#,.,#,^,#,^,#,.,#,.,#,.,#,.,#,#,^,.,%,.,^,.,#,.,#,.,#,^,#,%,#,.,#,.,#,.,#,#,.,.,#,.,.,.,#,.,#,.,#,%,#,.,#,%,#,^,#,.,#,#,.,.,^,.,^,.,#,.,#,.,.,.,%,%,.,%,#,.,#,.,#,#,%,.,^,^,^,#,#,.,.,.,.,.,.,.,.,^,.,.,^,.,#,#,.,^,#,.,.,#,#,%,.,.,#,#,.,.,.,#,^,#,%,#,#,#,.,%,.,^,.,#,#,.,%,%,#,#,.,.,.,#,.,#,.,#,#,#,^,.,#,%,.,#,#,.,.,^,#,#,.,.,.,#,.,#,%,#,#,#,.,.,.,.,%,^,%,^,^,.,#,#,F,.,.,.,.,.,.,.,#,#,#,#,#,#,#,#,#,#,#,#,#,#,#,#,#,#,#,#,#,#,#,
282,#,#,#,#,#,#,#,#,#,#,#,#,#,#,#,#,#,#,#,#,#,#,#,.,#,.,#,.,#,%,.,.,#,.,%,.,S,.,.,^,%,.,.,#,#,^,#,%,#,.,^,.,#,%,.,#,#,#,#,^,#,#,#,.,%,#,#,^,#,.,#,.,.,#,#,#,%,.,.,^,.,%,.,^,.,.,.,#,#,.,#,%,#,.,.,^,#,%,.,#,#,#,#,%,%,^,#,#,#,#,#,.,.,.,.,.,#,.,.,.,#,.,.,.,.,.,.,.,^,.,.,#,#,.,%,^,.,^,#,#,^,#,#,.,.,.,%,%,^,.,.,.,.,#,#,.,#,#,#,#,#,#,.,#,#,.,.,.,#,#,.,.,.,^,.,#,#,^,.,^,%,.,%,.,.,.,.,.,.,^,#,#,.,^,#,.,.,#,#,.,#,#,#,#,#,#,.,#,#,.,.,.,#,#,^,.,.,.,.,#,#,%,.,.,^,.,#,#,%,#,#,.,.,^,#,#,.,.,^,.,^,#,#,%,.,.,.,.,.,.,%,.,.,.,#,#,#,.,.,.,.,.,^,#,#,#,#,#,#,.,.,.,#,#,#,.,.,^,.,.,#,#,#,%,.,#,#,F,.,.,.,.,.,%,.,.,.,%,#,#,#,%,.,.,^,%,.,#,#,#,#,#,#,.,#,#,#,.,%,.,.,.,.,%,^,.,#,#,#,#,#,.,%,%,.,.,.,.,.,.,^,.,P,#,#,.,%,.,^,.,.,#,#,.,^,^,.,^,.,.,.,.,^,.,^,.,.,^,^,^,.,.,%,#,#,#,.,#,.,#,#,#,#,^,.,%,#,#,#,#,.,.,.,#,#,#,#,#,.,#,.,#,%,.,%,.,.,^,.,.,%,.,.,.,%,#,#,#,#,#,.,#,.,#,^,^,#,#,#,.,#,#,#,#,.,^,.,#,#,#,#,.,.,.,.,.,.,.,.,.,.,.,.,%,.,.,.,.,%,#,#,#,#,#,#,#,#,#,#,#,#,#,#,#,#,#,#,#,#,#,#,#,#,#,
283,#,#,#,#,#,#,#,#,#,#,#,#,#,#,#,#,#,#,#,#,#,#,#,.,^,%,.,.,#,#,.,#,#,%,.,.,.,.,%,#,^,#,^,#,#,^,.,.,.,.,#,#,.,#,#,.,%,#,%,%,.,#,^,#,.,#,#,%,%,#,.,%,.,.,.,.,.,.,^,.,%,.,.,#,.,#,.,#,#,^,%,.,%,^,#,#,.,#,#,.,^,#,^,.,.,#,.,#,.,#,#,^,^,^,^,.,#,#,.,#,#,%,%,.,.,.,^,.,.,.,.,#,#,%,.,%,.,.,^,#,#,#,^,%,#,#,#,.,.,.,.,.,.,#,#,.,^,#,.,.,.,.,.,.,%,%,%,.,.,.,.,#,S,#,^,#,#,.,.,.,.,.,.,#,#,#,^,.,#,#,#,.,.,#,.,#,%,#,#,.,.,#,.,.,.,%,.,.,.,^,.,.,.,.,^,#,.,#,.,#,#,.,.,.,.,^,.,#,#,#,%,.,#,#,#,.,.,.,.,^,^,#,#,.,#,#,#,.,#,#,.,#,#,.,#,^,#,.,#,.,.,.,#,#,#,^,.,^,%,.,#,#,%,#,#,.,#,.,#,.,.,^,#,%,%,#,#,.,#,#,#,%,.,%,^,.,%,^,.,.,%,.,%,#,#,#,.,#,#,.,.,.,.,^,#,P,.,#,#,.,#,^,#,.,.,%,#,.,%,#,#,.,#,#,#,.,#,#,.,#,#,.,#,.,#,.,#,%,^,.,#,#,#,^,.,.,.,%,.,#,%,#,.,.,^,%,#,#,.,.,.,.,.,#,#,.,.,.,.,.,^,#,.,#,.,^,^,.,#,#,.,#,^,#,.,#,#,^,.,#,.,.,.,#,.,#,.,.,.,%,#,#,.,#,.,#,%,#,#,.,^,.,^,^,.,#,.,#,.,%,.,^,#,#,.,#,.,#,%,#,#,.,%,.,.,.,.,%,.,.,.,.,.,.,^,.,F,#,.,#,%,#,#,#,#,#,#,#,#,#,#,#,#,#,#,#,#,#,#,#,#,#,#,#,
284,#,#,#,#,#,#,#,#,#,#,#,#,#,#,#,#,#,#,#,#,#,#,#,.,.,.,%,.,.,^,^,.,.,.,.,.,.,.,.,#,#,#,.,#,#,#,.,#,^,#,.,#,.,#,.,%,#,%,#,.,.,.,.,.,.,#,#,#,.,#,.,#,.,#,^,#,.,.,#,.,#,^,.,#,#,#,%,#,#,#,%,#,.,#,^,#,.,#,.,%,#,.,#,^,.,.,^,%,F,#,#,^,^,.,.,.,%,.,.,.,%,.,^,.,^,.,^,#,#,#,%,#,#,.,.,.,.,^,.,.,.,#,#,^,.,.,%,^,.,#,#,#,%,#,#,.,#,#,#,#,^,.,.,#,#,%,#,.,#,^,.,.,.,.,.,#,#,.,.,.,%,%,.,.,%,#,#,^,#,%,#,%,.,#,#,#,.,#,#,.,#,#,#,#,.,%,%,P,#,^,#,.,#,.,^,.,.,^,.,#,#,.,.,.,.,.,.,.,^,^,.,.,%,^,.,.,.,#,#,#,.,#,#,.,.,.,.,%,.,.,.,.,S,.,%,.,^,.,.,.,.,^,.,#,#,.,.,^,#,#,#,#,#,#,.,#,.,#,^,#,#,#,#,^,.,#,#,.,.,^,#,#,.,%,.,%,.,#,.,#,^,#,.,.,^,.,%,#,#,.,.,^,#,#,#,#,#,#,.,#,.,#,^,#,.,.,#,#,#,#,#,.,^,.,#,#,.,^,%,.,.,.,.,.,^,.,^,.,.,.,%,#,#,.,^,.,.,^,.,.,%,.,.,%,#,^,#,.,.,#,.,#,^,#,#,#,#,#,#,.,.,.,#,.,%,.,#,.,#,.,.,#,.,#,%,#,#,.,^,.,%,%,.,.,%,.,.,%,#,.,#,^,^,#,.,#,%,#,#,#,#,#,#,.,%,%,#,.,%,.,#,%,#,.,^,#,.,#,.,#,#,.,.,%,^,.,.,.,^,.,.,.,.,.,.,%,.,.,.,.,%,#,#,#,#,#,#,#,#,#,#,#,#,#,#,#,#,#,#,#,#,#,#,#,
285,#,#,#,#,#,#,#,#,#,#,#,#,#,#,#,#,#,#,#,#,#,#,#,#,#,%,.,^,^,#,.,#,.,.,.,%,^,%,^,.,^,#,#,#,#,#,#,.,%,.,.,#,%,#,.,#,#,.,.,.,.,.,.,#,#,#,#,#,#,.,.,.,.,.,%,.,^,#,#,.,.,.,.,.,^,#,#,#,#,#,#,.,^,%,.,#,.,#,.,#,#,.,.,.,%,^,%,#,#,#,#,.,.,.,.,^,.,#,.,#,.,#,#,^,.,^,.,^,.,%,%,#,#,.,#,#,#,.,^,.,^,.,.,.,#,%,#,.,#,#,.,#,#,#,#,%,.,%,%,^,%,^,#,.,.,%,#,.,#,.,#,#,%,#,#,#,#,.,#,#,#,.,%,.,.,%,.,.,.,%,%,.,%,^,.,.,^,#,#,.,^,.,%,.,.,.,#,.,.,.,#,%,#,.,#,#,.,#,#,#,#,.,#,#,#,.,.,^,.,.,.,^,#,.,#,.,#,#,%,#,#,#,#,.,^,F,.,.,^,#,#,#,%,#,#,.,^,.,%,.,.,#,#,#,#,.,#,#,#,#,.,%,%,%,^,#,#,.,.,.,.,.,%,#,#,#,#,%,.,.,.,.,.,#,#,#,^,#,#,.,^,.,.,.,.,#,#,#,#,.,#,#,#,#,.,.,^,.,%,#,#,.,.,.,%,%,.,#,#,#,#,.,.,.,.,.,.,#,#,#,.,.,^,%,^,S,.,.,^,.,.,#,#,.,.,.,.,.,.,.,.,.,.,.,#,P,#,.,.,%,^,%,.,#,#,#,#,#,.,.,#,#,#,^,%,.,.,.,%,^,#,#,#,.,.,#,#,.,%,^,%,%,.,^,^,.,.,.,#,#,#,.,%,.,^,.,.,#,#,.,.,#,#,#,^,.,#,#,#,.,.,^,.,^,^,%,#,#,#,#,#,.,.,.,^,.,.,.,.,.,^,%,#,#,#,.,%,.,^,%,.,#,#,#,#,#,#,#,#,#,#,#,#,#,#,#,#,#,#,#,#,#,#,#,
286,#,#,#,#,#,#,#,#,#,#,#,#,#,#,#,#,#,#,#,#,#,#,#,^,%,.,^,.,#,#,^,.,.,^,#,.,#,.,^,%,.,^,.,#,#,#,%,#,^,#,#,#,^,.,.,^,#,.,#,.,.,#,#,#,#,#,#,#,.,#,.,#,#,#,.,.,^,%,.,.,.,.,.,.,.,.,%,#,#,#,.,#,.,#,#,#,%,^,^,^,#,.,#,.,^,P,#,#,#,#,#,.,.,^,%,.,^,.,%,.,.,^,#,^,#,%,.,.,.,.,%,#,#,.,.,.,%,^,.,#,^,#,.,.,%,^,.,.,#,#,^,^,^,#,#,%,.,#,#,#,.,#,^,#,.,.,.,#,.,.,#,#,.,.,.,#,#,.,.,.,.,.,^,.,.,.,.,.,%,.,.,%,#,#,^,%,%,#,#,#,#,#,.,.,.,#,.,#,.,.,.,#,%,%,#,#,^,^,.,#,#,^,.,.,^,%,.,#,.,#,.,%,.,.,%,.,.,.,.,.,.,#,#,F,^,.,.,S,.,^,^,.,^,.,.,^,.,%,.,#,.,#,.,#,#,#,#,#,#,%,^,.,.,#,#,^,.,^,#,#,.,#,.,#,^,#,#,.,^,.,^,%,.,.,.,#,#,.,%,.,#,#,.,%,.,^,.,#,#,#,#,#,#,^,.,^,.,#,#,.,%,.,#,#,.,#,%,#,.,#,#,.,.,%,%,.,.,.,%,#,#,.,^,^,#,#,^,#,.,#,.,#,#,#,.,.,^,#,#,#,.,#,#,.,.,%,.,%,.,^,^,.,^,#,#,.,.,#,.,.,#,#,^,#,#,%,#,.,#,.,.,%,#,#,#,#,#,%,#,#,#,^,.,%,.,%,.,.,#,.,#,^,^,.,%,.,.,#,#,^,.,#,.,.,#,#,.,#,#,.,#,.,#,.,#,#,#,.,.,#,#,#,.,%,.,#,#,#,%,#,#,.,.,^,%,.,.,.,%,^,^,#,#,#,#,#,#,#,#,#,#,#,#,#,#,#,#,#,#,#,#,#,#,#,
287,#,#,#,#,#,#,#,#,#,#,#,#,#,#,#,#,#,#,#,#,#,#,#,.,#,.,#,.,^,^,^,.,^,^,^,.,^,^,#,P,%,.,.,#,#,.,#,.,#,.,^,#,%,#,.,.,#,#,#,#,#,#,.,.,%,#,#,.,#,.,#,^,.,#,.,#,%,.,%,.,%,.,#,#,.,%,.,#,#,.,#,^,#,.,.,#,.,#,.,.,#,#,#,#,#,#,.,.,.,#,#,%,%,.,.,.,%,.,.,.,.,.,.,.,.,%,.,.,.,.,^,#,#,.,.,%,%,^,%,.,.,.,.,.,%,%,.,.,^,.,.,.,.,#,#,.,#,%,#,.,.,#,.,#,%,%,#,.,#,%,#,#,#,.,.,#,#,.,#,.,#,%,.,#,^,#,%,.,#,.,#,^,.,.,.,.,^,#,#,.,#,.,#,.,.,#,^,#,^,%,#,^,#,.,.,.,#,#,#,#,#,.,.,.,%,.,%,#,.,#,.,^,.,%,^,.,%,.,.,.,.,#,#,%,.,.,.,.,^,.,.,.,.,.,#,.,#,.,.,#,.,#,.,#,#,.,.,%,#,#,#,#,#,.,^,.,#,%,#,.,%,#,%,#,.,#,#,S,.,.,#,#,.,^,.,.,%,%,.,^,.,.,^,#,.,#,%,#,#,.,.,.,#,#,.,.,#,#,#,.,#,.,#,^,.,#,.,#,.,#,#,^,.,.,#,#,.,.,.,^,^,%,#,.,#,^,^,^,.,.,^,#,#,%,#,.,#,.,.,#,#,#,.,.,.,%,%,.,.,#,.,#,.,#,#,.,#,^,#,%,^,F,.,.,^,.,#,.,#,.,%,#,^,#,%,#,#,^,.,%,.,.,^,#,#,#,.,.,#,%,#,.,^,#,.,#,.,#,#,.,#,.,#,^,.,.,.,%,^,^,#,^,#,.,^,#,^,#,%,#,#,.,#,.,#,.,.,#,#,#,.,.,#,.,#,%,.,^,^,.,.,#,#,#,#,#,#,#,#,#,#,#,#,#,#,#,#,#,#,#,#,#,#,#,
288,#,#,#,#,#,#,#,#,#,#,#,#,#,#,#,#,#,#,#,#,#,#,#,.,S,.,^,%,%,.,%,.,%,.,.,.,%,.,#,.,.,.,#,#,#,%,.,#,%,.,.,#,^,#,.,.,.,#,#,#,.,.,#,.,^,#,#,.,.,.,.,.,.,#,.,#,.,.,.,.,.,.,.,#,#,#,.,#,#,.,%,#,.,.,.,#,^,#,.,#,#,#,%,.,%,.,#,%,.,#,#,%,.,.,.,.,.,#,.,#,.,%,.,%,.,.,#,.,^,^,#,#,#,.,.,%,.,^,^,#,.,#,.,#,.,.,.,#,.,%,^,.,.,#,#,.,.,^,#,#,.,#,.,#,.,.,.,#,.,^,#,#,^,%,.,#,#,.,.,^,#,#,.,.,%,.,^,.,#,#,P,.,#,#,^,%,.,#,#,.,%,%,#,#,^,#,^,#,.,%,.,#,.,%,#,#,F,^,.,#,#,.,.,.,#,#,^,#,.,#,.,#,%,%,.,#,#,#,^,.,.,#,#,^,.,.,.,%,.,.,%,#,#,.,^,.,^,^,.,#,#,#,^,#,#,.,#,.,#,.,.,^,.,#,#,^,.,#,^,.,.,.,^,.,.,#,#,.,#,.,#,.,%,^,.,#,#,%,.,%,.,.,.,#,#,#,.,#,#,.,#,.,#,%,.,.,.,#,#,.,^,#,.,%,.,%,^,^,^,#,#,^,#,%,#,.,%,^,%,.,.,.,.,.,%,%,.,#,#,#,%,#,#,.,#,.,#,^,^,.,.,.,.,.,.,^,^,.,.,.,.,#,#,#,#,.,#,%,#,.,.,#,.,#,.,^,%,.,#,#,.,^,.,#,#,#,#,.,#,^,#,.,^,#,%,#,.,.,^,%,#,#,.,%,.,#,#,#,#,.,#,.,#,.,.,#,.,#,.,.,%,.,#,#,.,.,^,#,#,#,#,.,.,.,.,.,^,#,.,#,.,.,.,.,#,#,%,.,.,.,.,#,#,#,#,#,#,#,#,#,#,#,#,#,#,#,#,#,#,#,#,#,#,#,
289,#,#,#,#,#,#,#,#,#,#,#,#,#,#,#,#,#,#,#,#,#,#,#,.,#,#,#,.,%,#,^,#,^,.,.,^,^,.,.,.,.,.,.,#,#,%,.,^,%,%,^,#,.,#,%,.,#,.,#,^,.,^,#,.,.,#,#,.,#,#,#,.,.,.,^,^,.,.,#,.,#,.,%,^,.,%,.,#,#,.,.,.,.,.,^,#,.,#,.,^,#,.,#,%,.,.,#,.,.,#,#,.,#,#,#,.,.,#,%,#,.,%,#,%,#,.,^,.,.,^,^,#,#,#,#,.,#,#,.,.,.,%,.,%,%,.,.,.,.,.,.,^,%,#,#,#,P,%,#,#,.,#,#,#,#,.,.,#,#,#,#,%,#,^,#,#,#,^,.,.,.,.,.,.,.,^,.,.,.,.,.,.,#,.,#,.,#,#,#,#,#,^,#,#,^,#,#,#,#,#,#,#,.,.,#,^,#,^,#,#,#,#,#,%,#,#,%,.,.,%,.,.,%,%,^,.,^,.,.,%,.,#,#,^,.,^,.,.,%,^,.,.,.,#,S,%,.,#,#,^,%,.,#,#,#,#,#,#,#,.,%,.,%,.,%,.,.,#,.,.,.,.,#,.,^,#,#,.,^,.,^,.,.,.,#,.,%,^,#,#,#,.,.,#,#,#,.,#,#,#,#,#,#,.,.,.,.,%,.,.,%,#,%,^,.,^,#,.,.,#,#,.,.,^,.,.,.,.,.,%,^,#,.,%,%,#,#,.,.,.,#,#,#,.,.,.,.,%,#,#,^,.,.,.,.,%,^,.,.,.,%,%,.,#,#,.,#,#,#,#,#,#,.,.,.,.,.,.,#,#,#,#,#,^,%,#,#,.,.,.,%,^,#,#,.,.,.,^,%,.,#,#,%,.,.,.,.,#,#,.,#,#,#,#,#,#,.,^,F,.,.,.,#,#,.,.,#,#,#,#,#,.,.,%,.,.,.,.,.,.,.,.,.,^,#,#,.,.,%,^,.,#,#,#,#,#,#,#,#,#,#,#,#,#,#,#,#,#,#,#,#,#,#,#,
290,#,#,#,#,#,#,#,#,#,#,#,#,#,#,#,#,#,#,#,#,#,#,#,.,%,.,.,^,%,.,.,%,^,.,.,.,^,^,.,.,.,.,%,#,#,#,.,#,%,#,.,.,#,.,.,^,.,#,#,#,#,#,#,.,^,#,#,#,%,#,.,#,.,%,%,.,.,.,.,^,%,.,.,%,.,.,.,#,#,#,^,#,.,#,.,.,#,%,%,#,#,#,%,^,.,%,#,#,#,#,#,.,%,.,%,.,.,.,.,^,.,^,.,.,%,.,%,.,.,.,.,#,#,^,.,F,.,^,%,.,%,^,.,.,.,^,#,#,.,#,.,#,.,#,#,#,#,#,#,^,#,.,#,.,#,^,.,.,#,#,^,#,%,#,.,#,#,.,.,.,.,.,#,.,#,.,#,.,%,%,#,#,^,.,.,^,.,#,#,#,#,#,#,^,#,%,#,^,#,^,^,^,#,#,.,#,^,#,.,#,#,.,.,.,.,^,%,^,%,%,.,^,.,.,%,.,.,#,.,#,^,#,#,.,.,.,.,.,.,.,.,%,^,#,#,.,.,.,.,.,.,.,.,#,#,.,#,%,#,.,#,#,^,.,.,#,#,.,.,%,#,#,%,.,.,#,#,^,#,.,#,^,#,#,.,.,%,#,#,.,^,.,#,#,%,^,.,#,#,.,#,.,#,.,#,#,.,.,%,#,#,.,.,.,#,#,.,.,.,#,#,.,.,.,.,.,#,#,%,.,.,.,.,%,^,.,#,P,.,.,^,#,#,.,^,.,.,^,#,#,.,.,.,%,.,.,.,.,%,#,#,#,.,#,#,#,#,#,.,^,#,#,%,^,.,#,.,#,.,#,.,.,.,.,.,#,#,.,%,^,.,.,#,#,.,%,S,#,.,#,.,#,.,#,#,#,%,#,#,%,^,#,#,#,#,#,%,.,%,#,.,#,.,#,.,.,.,.,.,#,#,.,^,^,.,.,^,^,.,^,%,.,.,.,.,%,^,#,#,#,.,#,#,#,#,#,#,#,#,#,#,#,#,#,#,#,#,#,#,#,#,#,#,#,
291,#,#,#,#,#,#,#,#,#,#,#,#,#,#,#,#,#,#,#,#,#,#,#,%,#,.,#,%,%,.,.,.,.,^,^,^,%,.,.,%,.,.,^,#,#,^,#,.,#,.,.,#,#,#,#,.,.,.,.,^,#,.,#,.,#,#,#,.,.,^,.,.,.,.,.,^,.,.,^,#,.,%,#,.,#,.,#,#,#,.,#,.,#,.,%,#,#,#,#,%,.,.,.,.,#,^,#,.,#,#,#,.,#,.,#,.,.,.,.,%,^,%,%,.,.,.,.,.,^,.,^,#,#,.,.,%,^,.,.,.,.,#,#,^,%,.,%,^,.,.,^,.,%,#,#,.,.,%,.,.,.,.,.,#,#,#,#,#,#,.,#,#,#,^,^,#,#,.,.,#,.,.,.,.,^,#,#,.,.,.,.,.,.,.,^,.,.,#,#,.,.,.,.,%,.,.,.,#,#,#,#,#,#,.,^,.,#,#,#,#,#,.,.,.,%,.,%,.,.,^,%,.,.,.,^,.,^,^,.,.,%,#,#,.,.,.,.,.,.,^,.,.,.,.,.,^,%,.,.,.,.,.,.,#,#,#,#,#,.,%,.,%,.,.,.,P,#,#,#,^,#,.,#,.,#,#,#,%,.,.,.,%,.,.,#,.,.,%,.,.,.,.,#,.,#,.,#,#,#,.,.,#,#,#,.,.,.,.,.,#,#,#,#,^,#,%,#,%,#,#,#,.,^,.,%,.,.,.,^,.,^,.,^,.,.,.,.,^,.,.,.,#,#,.,.,.,.,.,%,.,%,^,.,.,.,.,%,%,.,.,%,%,^,#,#,#,#,^,.,%,.,^,#,#,#,%,.,#,.,^,^,#,#,#,#,#,#,#,#,.,.,.,%,%,.,.,.,.,^,^,.,%,^,.,.,.,%,#,#,#,#,.,S,.,#,#,#,.,.,.,.,#,%,%,^,#,#,#,#,#,#,#,#,.,.,.,.,.,.,.,.,%,^,.,F,.,.,.,.,.,.,#,#,#,#,#,#,#,#,#,#,#,#,#,#,#,#,#,#,#,#,#,#,#,
292,#,#,#,#,#,#,#,#,#,#,#,#,#,#,#,#,#,#,#,#,#,#,#,.,.,^,.,.,#,#,^,%,%,#,#,%,#,#,^,#,#,#,%,#,#,%,.,.,%,.,#,#,%,^,.,#,#,.,#,#,.,.,^,^,.,#,#,.,.,#,%,.,#,#,.,.,%,F,.,%,.,^,.,#,#,#,.,#,#,.,.,.,.,%,#,#,.,%,.,#,#,.,#,#,%,^,%,.,.,#,#,.,.,.,^,%,.,.,.,.,.,#,#,.,#,#,%,#,#,#,%,#,#,.,.,^,.,^,^,%,^,.,.,#,.,.,%,#,.,%,.,.,%,#,#,#,^,#,.,#,.,#,#,#,#,.,^,#,.,.,%,#,.,#,.,#,#,#,%,#,.,P,.,.,.,.,.,.,#,#,#,%,.,#,.,#,^,#,#,#,.,#,.,#,^,#,#,#,#,.,.,#,%,.,^,#,.,#,%,#,#,.,.,.,.,%,^,.,.,%,.,#,.,^,.,#,%,#,.,#,.,#,#,%,#,#,#,%,#,#,.,#,#,^,.,%,.,.,.,#,%,#,.,#,#,^,.,.,^,.,#,#,.,#,#,^,#,.,#,.,.,#,.,#,.,#,#,.,#,#,#,%,.,.,^,%,^,%,#,.,#,.,.,#,%,#,.,#,#,^,.,.,.,.,#,#,.,#,#,%,#,.,#,.,.,#,.,#,.,#,#,%,#,#,#,.,#,#,S,#,#,.,#,.,#,.,%,^,.,.,.,#,#,.,.,%,.,.,.,%,.,.,.,%,.,.,.,.,.,.,^,.,.,#,#,.,.,.,.,.,.,.,#,#,#,#,#,#,.,.,.,^,#,.,^,#,#,.,.,#,%,.,.,.,.,^,.,.,.,.,%,.,.,.,.,.,.,#,#,%,^,.,.,.,#,#,#,.,.,.,.,#,#,#,^,.,#,.,.,#,#,.,.,%,.,.,.,.,.,%,.,.,.,.,.,.,.,.,.,.,%,#,#,#,#,#,#,#,#,#,#,#,#,#,#,#,#,#,#,#,#,#,#,#,
293,#,#,#,#,#,#,#,#,#,#,#,#,#,#,#,#,#,#,#,#,#,#,#,.,^,.,.,.,.,#,#,#,.,#,#,^,#,#,^,.,.,.,%,#,#,#,#,#,^,^,.,.,^,.,.,#,#,S,#,#,%,#,#,#,#,#,#,.,.,.,.,.,.,#,#,#,.,^,.,^,.,%,.,%,^,^,%,#,#,%,.,#,#,#,.,.,.,.,.,#,#,^,#,#,.,#,#,#,#,#,#,.,F,%,.,.,.,#,#,#,.,#,#,.,#,#,%,%,.,.,.,#,#,.,.,.,.,%,#,#,^,#,#,.,.,%,^,^,^,.,.,.,.,#,#,#,#,.,^,.,#,#,.,#,#,#,#,^,.,%,%,#,.,#,^,#,#,#,#,%,%,%,.,^,.,%,%,#,#,.,.,.,.,#,%,#,^,#,#,#,#,%,.,.,#,#,.,#,#,#,#,.,%,.,.,#,.,#,^,#,#,#,#,.,^,.,#,#,.,#,#,#,#,.,.,^,%,^,^,.,.,#,#,.,.,.,.,.,.,P,#,#,^,%,.,%,^,.,.,#,.,#,^,#,#,#,#,#,%,.,.,^,.,.,.,.,#,%,#,.,.,#,.,#,.,#,#,%,.,.,%,^,^,#,#,#,^,.,#,.,#,.,.,%,.,.,.,#,#,^,%,#,#,#,.,.,.,.,.,.,#,.,#,%,%,#,.,#,.,#,#,.,.,.,.,.,.,#,#,#,^,.,#,.,#,.,%,#,%,#,^,#,#,.,^,.,%,^,.,.,.,.,.,%,^,.,%,.,^,.,.,.,.,#,#,.,#,.,#,.,.,#,.,#,.,.,.,#,#,#,^,#,#,#,#,#,#,.,#,%,#,^,.,#,%,#,.,.,.,%,^,.,.,.,.,%,.,#,#,^,#,.,#,.,.,#,^,#,.,#,#,#,.,.,.,#,#,#,#,#,#,^,.,^,.,^,.,.,.,.,.,.,.,%,^,.,.,^,.,.,^,#,#,#,#,#,#,#,#,#,#,#,#,#,#,#,#,#,#,#,#,#,#,#,
294,#,#,#,#,#,#,#,#,#,#,#,#,#,#,#,#,#,#,#,#,#,#,#,#,.,^,.,P,.,.,.,^,.,^,.,.,#,#,%,.,.,.,%,#,#,.,.,#,.,^,.,.,.,%,^,.,.,.,#,#,#,.,#,S,#,#,#,.,#,#,#,^,.,^,#,.,%,.,^,.,#,#,#,.,#,.,#,#,#,.,%,#,%,.,.,.,.,.,.,.,.,%,#,#,#,.,#,^,#,#,#,#,.,%,%,#,%,.,^,.,^,.,^,.,%,%,^,.,.,.,^,#,#,^,%,^,.,.,#,^,.,^,#,.,.,.,.,.,.,%,%,.,.,#,#,^,%,#,.,.,%,%,#,.,.,.,.,#,.,.,.,#,.,#,%,#,#,.,^,^,.,.,%,#,#,#,%,%,.,%,%,.,^,#,.,#,.,#,#,^,%,#,.,.,.,.,#,.,.,^,%,#,.,.,.,#,.,#,.,#,#,.,.,%,%,%,#,.,%,%,#,.,.,.,.,.,.,.,.,.,.,#,#,.,.,.,%,.,^,.,.,%,^,#,^,.,.,#,^,#,.,#,.,#,#,#,.,#,.,#,#,#,#,#,%,.,.,#,%,^,^,#,^,#,.,#,#,#,.,#,.,#,%,^,%,.,^,.,#,#,#,%,.,.,.,.,.,#,#,#,^,#,.,#,#,#,#,#,%,.,.,#,.,%,.,#,^,#,.,#,#,%,.,.,.,.,.,.,^,.,.,#,%,.,.,#,.,#,F,#,%,#,#,%,%,%,.,%,.,%,.,^,.,.,^,.,.,.,%,.,.,.,.,#,#,#,#,#,#,.,#,^,#,%,#,.,%,.,#,#,.,#,.,#,.,#,#,.,.,%,.,.,#,%,#,.,#,.,^,%,#,#,.,#,.,#,.,#,#,#,#,#,#,.,#,%,#,.,#,.,.,%,#,#,.,#,.,#,%,#,#,^,%,.,.,%,.,.,.,.,.,.,.,%,#,#,.,.,.,.,.,#,#,#,#,#,#,#,#,#,#,#,#,#,#,#,#,#,#,#,#,#,#,#,
295,#,#,#,#,#,#,#,#,#,#,#,#,#,#,#,#,#,#,#,#,#,#,#,.,.,^,^,.,#,^,.,^,#,%,^,^,.,.,.,#,%,#,%,#,#,.,#,#,#,P,.,.,#,S,.,#,#,#,#,.,%,#,.,#,.,#,#,.,%,.,.,.,.,#,#,#,.,%,%,.,.,%,.,#,.,#,.,#,#,.,#,#,#,#,.,%,#,.,%,#,#,#,#,.,^,#,%,#,.,#,#,.,^,.,.,.,#,^,.,%,#,%,^,^,.,.,.,^,.,.,.,#,#,.,.,%,^,.,.,.,.,%,%,.,%,.,.,.,.,.,.,.,.,#,#,%,.,%,.,%,#,.,#,.,#,#,#,#,%,%,.,#,#,#,#,#,#,.,.,#,.,.,#,.,#,.,#,.,^,.,^,%,.,.,%,.,.,#,#,.,.,.,.,.,#,%,#,.,#,%,^,#,#,#,^,#,#,#,#,#,#,.,.,%,.,.,.,%,.,.,.,^,.,.,%,.,.,.,.,.,.,#,#,.,.,.,.,.,.,.,^,#,#,%,.,.,.,.,.,.,%,.,.,#,#,#,^,#,.,#,%,.,.,#,#,#,#,#,#,^,.,.,^,#,#,#,#,#,%,#,.,#,.,%,.,#,#,^,.,^,^,.,.,.,%,#,#,#,#,#,^,#,.,#,^,^,.,#,#,#,#,#,#,.,.,^,.,#,#,#,#,.,.,.,^,^,%,.,^,.,.,.,%,.,^,.,%,^,.,#,#,#,#,.,#,.,#,.,.,%,^,.,.,#,#,.,.,.,.,.,^,^,.,#,#,^,#,%,#,^,%,#,.,#,^,#,#,.,.,%,.,#,.,#,.,#,#,.,%,^,.,.,.,#,.,#,.,#,#,.,.,.,%,#,%,#,.,#,#,.,#,.,#,%,^,#,.,#,^,#,#,.,.,%,.,#,%,#,.,#,#,.,#,%,#,.,.,F,^,.,.,%,%,.,%,%,.,#,.,#,.,#,#,#,#,#,#,#,#,#,#,#,#,#,#,#,#,#,#,#,#,#,#,#,
296,#,#,#,#,#,#,#,#,#,#,#,#,#,#,#,#,#,#,#,#,#,#,#,.,.,.,^,%,.,.,%,.,.,#,#,.,#,#,#,#,.,.,.,#,#,#,#,^,%,.,#,#,#,.,^,#,#,.,#,#,#,#,.,^,.,#,#,#,#,^,.,.,^,.,.,.,^,.,%,^,.,%,#,#,.,.,.,#,#,#,#,%,.,.,.,%,#,#,#,#,#,%,#,#,#,#,.,^,.,#,#,#,#,.,.,.,%,%,^,^,.,#,#,.,#,#,.,.,.,.,%,#,#,.,#,.,#,^,.,#,.,#,.,.,.,%,#,#,%,#,#,#,.,#,#,.,#,%,#,F,.,#,%,#,.,.,%,%,#,#,^,.,.,.,.,#,#,.,^,.,^,.,^,%,^,.,.,.,^,.,#,#,.,#,#,#,.,#,#,^,#,^,#,.,.,#,S,#,.,%,.,^,#,#,.,.,^,.,.,#,#,%,#,%,#,.,.,#,%,#,.,.,^,.,%,.,.,#,#,#,.,#,#,.,.,.,.,^,.,.,.,.,.,%,#,#,#,.,.,.,.,.,.,#,#,#,#,#,#,.,#,#,#,^,.,.,.,.,.,^,.,#,.,#,.,#,#,.,.,%,.,.,.,%,.,.,.,^,#,#,#,.,.,#,.,#,.,#,#,#,#,#,#,.,.,.,#,#,#,.,^,%,.,.,.,#,.,#,.,#,#,.,%,.,%,.,.,%,.,.,%,.,#,#,#,.,.,#,.,#,.,#,#,.,.,%,.,^,^,.,.,.,.,.,.,%,.,.,%,.,.,.,.,#,#,.,^,#,%,.,.,.,.,.,%,%,#,#,#,#,.,.,#,#,#,#,#,.,.,.,.,.,%,.,P,.,%,%,.,^,.,.,%,.,.,^,.,#,#,.,.,#,^,.,%,.,.,%,.,^,#,#,#,#,#,#,#,.,%,#,#,.,.,.,^,%,%,.,.,^,.,%,.,.,.,.,^,.,^,.,%,#,#,#,#,#,#,#,#,#,#,#,#,#,#,#,#,#,#,#,#,#,#,#,
297,#,#,#,#,#,#,#,#,#,#,#,#,#,#,#,#,#,#,#,#,#,#,#,#,#,%,#,#,^,%,.,.,^,^,^,^,.,.,%,.,.,.,%,#,#,#,#,.,#,#,.,.,.,^,.,.,#,#,#,#,.,.,.,#,#,#,#,.,.,^,.,^,%,%,#,.,.,.,.,^,.,^,.,.,.,#,#,#,#,#,#,.,#,#,.,.,%,.,.,.,#,#,#,#,.,S,%,#,#,#,#,#,#,.,#,#,.,^,.,.,.,.,^,^,.,^,.,.,.,#,#,#,#,%,.,.,#,#,.,.,.,%,.,^,.,.,%,.,.,^,.,.,%,#,#,%,%,%,#,#,^,.,^,#,#,%,.,#,P,#,#,#,^,%,.,#,#,%,^,%,#,#,.,%,^,#,#,.,%,^,.,.,#,#,.,.,.,#,#,.,.,.,#,#,.,.,%,#,#,#,#,#,^,.,#,#,.,^,.,#,#,.,.,.,^,.,.,.,.,#,#,%,.,.,^,.,#,#,%,%,%,#,#,.,.,.,^,.,#,#,^,^,%,.,.,.,^,^,.,.,.,.,%,#,#,#,#,#,#,^,#,#,.,.,.,.,#,.,#,.,.,#,.,#,^,#,#,.,.,.,.,%,#,#,.,.,%,.,#,F,#,.,^,#,^,#,%,#,#,#,#,#,#,.,#,#,.,%,.,.,#,.,#,%,.,#,.,#,%,#,#,.,.,^,.,%,.,.,^,.,.,.,#,.,#,^,^,#,.,#,.,#,#,.,.,%,.,^,%,.,.,^,.,.,.,.,.,.,%,%,.,.,^,#,#,.,.,.,.,%,.,#,^,#,.,.,#,%,#,.,%,.,#,^,%,#,#,^,%,#,.,%,.,#,%,#,.,.,#,.,#,.,.,.,%,%,^,#,#,.,%,.,^,^,.,#,^,#,.,.,#,%,#,.,.,%,#,^,^,#,#,.,^,.,.,^,.,#,.,#,.,.,#,.,#,^,%,%,^,^,.,#,#,#,#,#,#,#,#,#,#,#,#,#,#,#,#,#,#,#,#,#,#,#,
298,#,#,#,#,#,#,#,#,#,#,#,#,#,#,#,#,#,#,#,#,#,#,#,.,.,^,.,^,#,#,.,#,#,^,#,.,#,.,.,^,.,^,.,#,#,.,#,%,#,%,#,#,.,#,#,.,#,.,#,.,.,.,.,#,#,#,#,.,#,.,#,^,.,.,%,%,^,.,.,.,.,.,.,^,^,#,#,#,#,.,#,^,#,^,#,#,%,#,#,%,#,.,#,.,.,.,.,#,#,#,#,.,#,.,#,.,#,#,.,#,#,.,#,.,#,%,.,.,^,#,#,#,#,.,.,.,.,%,.,%,.,%,.,.,#,^,#,^,.,.,.,#,#,#,#,^,#,#,#,#,.,#,#,#,#,S,#,^,#,.,.,.,.,#,#,#,#,.,.,.,^,.,.,.,.,^,^,.,#,%,#,^,^,^,.,#,#,#,#,^,#,#,#,#,^,#,#,#,#,.,#,.,#,%,.,.,.,#,#,#,#,%,%,.,%,^,.,.,.,.,%,^,.,.,.,.,^,.,^,^,^,#,#,#,#,.,#,#,.,.,^,^,.,%,#,.,#,.,#,P,^,#,#,#,#,#,#,.,#,#,#,#,.,.,%,.,#,.,#,^,#,#,.,#,#,#,#,.,.,.,^,%,#,#,.,F,%,.,#,^,#,.,^,.,.,%,.,#,#,#,#,.,#,#,#,#,.,.,.,.,#,.,#,.,#,#,^,#,#,#,#,#,#,^,#,#,#,#,^,.,.,.,.,^,^,.,#,#,.,#,#,#,#,.,.,^,%,%,#,#,%,#,#,.,.,.,%,.,.,.,%,.,.,#,#,#,#,#,#,.,#,#,.,#,#,.,^,#,.,^,.,.,.,#,#,#,#,%,^,.,^,%,.,.,.,.,.,.,%,.,.,.,.,.,^,#,#,#,#,#,#,#,#,.,#,#,.,#,#,.,.,#,.,.,.,%,.,#,#,#,#,.,%,.,.,.,#,#,.,#,#,.,%,.,.,.,.,.,.,#,#,#,#,#,#,#,#,#,#,#,#,#,#,#,#,#,#,#,#,#,#,#,#,#,
299,#,#,#,#,#,#,#,#,#,#,#,#,#,#,#,#,#,#,#,#,#,#,#,%,.,.,.,%,.,.,.,.,.,.,.,.,.,%,#,#,.,#,#,#,#,#,#,.,.,.,#,#,.,.,%,.,#,%,#,.,#,#,.,#,#,#,#,#,#,.,%,^,#,#,^,^,.,.,#,.,#,%,.,F,^,^,^,#,#,#,#,.,.,.,#,#,.,.,.,.,#,.,#,.,#,#,.,#,#,#,#,#,#,.,.,.,#,#,%,.,.,.,.,.,.,.,#,#,%,#,#,#,#,#,#,.,#,#,.,.,.,.,%,%,.,^,.,.,^,.,^,^,.,#,#,#,#,.,#,#,^,#,#,#,#,.,.,.,#,#,.,#,.,#,%,#,#,.,%,%,^,.,^,^,.,.,.,.,.,^,#,#,^,P,%,#,.,#,#,#,#,.,#,#,^,#,#,#,#,.,^,.,#,#,.,#,.,#,%,#,#,#,#,.,#,#,%,.,.,.,.,.,.,^,#,#,.,#,.,#,%,#,#,%,.,.,^,.,.,.,.,.,^,.,.,.,.,.,.,%,%,.,.,#,#,%,.,.,.,.,#,#,%,%,.,.,#,.,#,.,^,%,^,#,#,#,#,.,.,#,.,.,#,#,^,.,.,^,#,.,#,.,.,.,.,#,#,#,#,%,.,^,.,^,#,#,.,.,.,%,#,.,#,.,.,%,.,#,#,#,#,.,.,.,.,%,#,#,.,.,.,.,#,%,#,%,.,%,.,#,#,#,#,#,.,.,%,#,^,^,.,^,^,.,.,.,#,#,.,%,.,.,.,#,#,^,.,#,^,^,#,^,#,.,#,.,%,.,#,#,.,.,#,%,.,#,#,.,#,#,#,.,#,.,#,.,#,.,.,.,#,#,.,.,.,.,^,#,#,%,.,#,.,.,#,.,#,.,#,.,.,^,#,#,.,.,#,.,.,#,#,#,S,.,%,#,.,.,.,%,.,%,.,.,.,^,%,.,^,.,.,#,#,#,#,#,#,#,#,#,#,#,#,#,#,#,#,#,#,#,#,#,#,#,
